--
-- PostgreSQL database dump
--

-- \restrict nCosHyhfDavCshFRLS06roVLmXo7b4uYdOgxHAUYm81sOerWjnOijhqSrSfl0cJ

-- Dumped from database version 16.10
-- Dumped by pg_dump version 16.10

-- Started on 2025-11-02 03:39:20

SET statement_timeout = 0;
SET lock_timeout = 0;
SET idle_in_transaction_session_timeout = 0;
SET client_encoding = 'UTF8';
SET standard_conforming_strings = on;
SELECT pg_catalog.set_config('search_path', '', false);
SET check_function_bodies = false;
SET xmloption = content;
SET client_min_messages = warning;
SET row_security = off;

SET default_tablespace = '';

SET default_table_access_method = heap;

--
-- TOC entry 215 (class 1259 OID 18471)
-- Name: auth_group; Type: TABLE; Schema: public; Owner: postgres
--

CREATE TABLE public.auth_group (
    id integer NOT NULL,
    name character varying(150) NOT NULL
);


ALTER TABLE public.auth_group OWNER TO postgres;

--
-- TOC entry 216 (class 1259 OID 18474)
-- Name: auth_group_id_seq; Type: SEQUENCE; Schema: public; Owner: postgres
--

ALTER TABLE public.auth_group ALTER COLUMN id ADD GENERATED BY DEFAULT AS IDENTITY (
    SEQUENCE NAME public.auth_group_id_seq
    START WITH 1
    INCREMENT BY 1
    NO MINVALUE
    NO MAXVALUE
    CACHE 1
);


--
-- TOC entry 217 (class 1259 OID 18475)
-- Name: auth_group_permissions; Type: TABLE; Schema: public; Owner: postgres
--

CREATE TABLE public.auth_group_permissions (
    id bigint NOT NULL,
    group_id integer NOT NULL,
    permission_id integer NOT NULL
);


ALTER TABLE public.auth_group_permissions OWNER TO postgres;

--
-- TOC entry 218 (class 1259 OID 18478)
-- Name: auth_group_permissions_id_seq; Type: SEQUENCE; Schema: public; Owner: postgres
--

ALTER TABLE public.auth_group_permissions ALTER COLUMN id ADD GENERATED BY DEFAULT AS IDENTITY (
    SEQUENCE NAME public.auth_group_permissions_id_seq
    START WITH 1
    INCREMENT BY 1
    NO MINVALUE
    NO MAXVALUE
    CACHE 1
);


--
-- TOC entry 219 (class 1259 OID 18479)
-- Name: auth_permission; Type: TABLE; Schema: public; Owner: postgres
--

CREATE TABLE public.auth_permission (
    id integer NOT NULL,
    name character varying(255) NOT NULL,
    content_type_id integer NOT NULL,
    codename character varying(100) NOT NULL
);


ALTER TABLE public.auth_permission OWNER TO postgres;

--
-- TOC entry 220 (class 1259 OID 18482)
-- Name: auth_permission_id_seq; Type: SEQUENCE; Schema: public; Owner: postgres
--

ALTER TABLE public.auth_permission ALTER COLUMN id ADD GENERATED BY DEFAULT AS IDENTITY (
    SEQUENCE NAME public.auth_permission_id_seq
    START WITH 1
    INCREMENT BY 1
    NO MINVALUE
    NO MAXVALUE
    CACHE 1
);


--
-- TOC entry 221 (class 1259 OID 18483)
-- Name: cart; Type: TABLE; Schema: public; Owner: postgres
--

CREATE TABLE public.cart (
    id integer NOT NULL,
    total_money numeric(13,3),
    user_id integer
);


ALTER TABLE public.cart OWNER TO postgres;

--
-- TOC entry 5197 (class 0 OID 0)
-- Dependencies: 221
-- Name: TABLE cart; Type: COMMENT; Schema: public; Owner: postgres
--

COMMENT ON TABLE public.cart IS 'Shopping cart table';


--
-- TOC entry 222 (class 1259 OID 18486)
-- Name: cart_id_seq; Type: SEQUENCE; Schema: public; Owner: postgres
--

CREATE SEQUENCE public.cart_id_seq
    AS integer
    START WITH 1
    INCREMENT BY 1
    NO MINVALUE
    NO MAXVALUE
    CACHE 1;


ALTER SEQUENCE public.cart_id_seq OWNER TO postgres;

--
-- TOC entry 5198 (class 0 OID 0)
-- Dependencies: 222
-- Name: cart_id_seq; Type: SEQUENCE OWNED BY; Schema: public; Owner: postgres
--

ALTER SEQUENCE public.cart_id_seq OWNED BY public.cart.id;


--
-- TOC entry 223 (class 1259 OID 18487)
-- Name: category; Type: TABLE; Schema: public; Owner: postgres
--

CREATE TABLE public.category (
    id integer NOT NULL,
    cate_name character varying(50),
    image text
);


ALTER TABLE public.category OWNER TO postgres;

--
-- TOC entry 5199 (class 0 OID 0)
-- Dependencies: 223
-- Name: TABLE category; Type: COMMENT; Schema: public; Owner: postgres
--

COMMENT ON TABLE public.category IS 'Food categories table';


--
-- TOC entry 224 (class 1259 OID 18492)
-- Name: category_id_seq; Type: SEQUENCE; Schema: public; Owner: postgres
--

CREATE SEQUENCE public.category_id_seq
    AS integer
    START WITH 1
    INCREMENT BY 1
    NO MINVALUE
    NO MAXVALUE
    CACHE 1;


ALTER SEQUENCE public.category_id_seq OWNER TO postgres;

--
-- TOC entry 5200 (class 0 OID 0)
-- Dependencies: 224
-- Name: category_id_seq; Type: SEQUENCE OWNED BY; Schema: public; Owner: postgres
--

ALTER SEQUENCE public.category_id_seq OWNED BY public.category.id;


--
-- TOC entry 225 (class 1259 OID 18493)
-- Name: django_admin_log; Type: TABLE; Schema: public; Owner: postgres
--

CREATE TABLE public.django_admin_log (
    id integer NOT NULL,
    action_time timestamp with time zone NOT NULL,
    object_id text,
    object_repr character varying(200) NOT NULL,
    action_flag smallint NOT NULL,
    change_message text NOT NULL,
    content_type_id integer,
    user_id bigint NOT NULL,
    CONSTRAINT django_admin_log_action_flag_check CHECK ((action_flag >= 0))
);


ALTER TABLE public.django_admin_log OWNER TO postgres;

--
-- TOC entry 226 (class 1259 OID 18499)
-- Name: django_admin_log_id_seq; Type: SEQUENCE; Schema: public; Owner: postgres
--

ALTER TABLE public.django_admin_log ALTER COLUMN id ADD GENERATED BY DEFAULT AS IDENTITY (
    SEQUENCE NAME public.django_admin_log_id_seq
    START WITH 1
    INCREMENT BY 1
    NO MINVALUE
    NO MAXVALUE
    CACHE 1
);


--
-- TOC entry 227 (class 1259 OID 18500)
-- Name: django_content_type; Type: TABLE; Schema: public; Owner: postgres
--

CREATE TABLE public.django_content_type (
    id integer NOT NULL,
    app_label character varying(100) NOT NULL,
    model character varying(100) NOT NULL
);


ALTER TABLE public.django_content_type OWNER TO postgres;

--
-- TOC entry 228 (class 1259 OID 18503)
-- Name: django_content_type_id_seq; Type: SEQUENCE; Schema: public; Owner: postgres
--

ALTER TABLE public.django_content_type ALTER COLUMN id ADD GENERATED BY DEFAULT AS IDENTITY (
    SEQUENCE NAME public.django_content_type_id_seq
    START WITH 1
    INCREMENT BY 1
    NO MINVALUE
    NO MAXVALUE
    CACHE 1
);


--
-- TOC entry 229 (class 1259 OID 18504)
-- Name: django_migrations; Type: TABLE; Schema: public; Owner: postgres
--

CREATE TABLE public.django_migrations (
    id bigint NOT NULL,
    app character varying(255) NOT NULL,
    name character varying(255) NOT NULL,
    applied timestamp with time zone NOT NULL
);


ALTER TABLE public.django_migrations OWNER TO postgres;

--
-- TOC entry 230 (class 1259 OID 18509)
-- Name: django_migrations_id_seq; Type: SEQUENCE; Schema: public; Owner: postgres
--

ALTER TABLE public.django_migrations ALTER COLUMN id ADD GENERATED BY DEFAULT AS IDENTITY (
    SEQUENCE NAME public.django_migrations_id_seq
    START WITH 1
    INCREMENT BY 1
    NO MINVALUE
    NO MAXVALUE
    CACHE 1
);


--
-- TOC entry 231 (class 1259 OID 18510)
-- Name: django_session; Type: TABLE; Schema: public; Owner: postgres
--

CREATE TABLE public.django_session (
    session_key character varying(40) NOT NULL,
    session_data text NOT NULL,
    expire_date timestamp with time zone NOT NULL
);


ALTER TABLE public.django_session OWNER TO postgres;

--
-- TOC entry 232 (class 1259 OID 18515)
-- Name: food; Type: TABLE; Schema: public; Owner: postgres
--

CREATE TABLE public.food (
    id integer NOT NULL,
    title character varying(255),
    description character varying(500),
    price numeric(10,2) DEFAULT 0,
    image text,
    cate_id integer,
    availability character varying(50),
    store_id bigint
);


ALTER TABLE public.food OWNER TO postgres;

--
-- TOC entry 5201 (class 0 OID 0)
-- Dependencies: 232
-- Name: TABLE food; Type: COMMENT; Schema: public; Owner: postgres
--

COMMENT ON TABLE public.food IS 'Food items table';


--
-- TOC entry 5202 (class 0 OID 0)
-- Dependencies: 232
-- Name: COLUMN food.store_id; Type: COMMENT; Schema: public; Owner: postgres
--

COMMENT ON COLUMN public.food.store_id IS 'ID c???a h??ng (foreign key ?????n b???ng stores)';


--
-- TOC entry 233 (class 1259 OID 18521)
-- Name: food_id_seq; Type: SEQUENCE; Schema: public; Owner: postgres
--

CREATE SEQUENCE public.food_id_seq
    AS integer
    START WITH 1
    INCREMENT BY 1
    NO MINVALUE
    NO MAXVALUE
    CACHE 1;


ALTER SEQUENCE public.food_id_seq OWNER TO postgres;

--
-- TOC entry 5203 (class 0 OID 0)
-- Dependencies: 233
-- Name: food_id_seq; Type: SEQUENCE OWNED BY; Schema: public; Owner: postgres
--

ALTER SEQUENCE public.food_id_seq OWNED BY public.food.id;


--
-- TOC entry 234 (class 1259 OID 18522)
-- Name: food_size; Type: TABLE; Schema: public; Owner: postgres
--

CREATE TABLE public.food_size (
    id integer NOT NULL,
    size_name character varying(50) NOT NULL,
    price numeric(10,2) DEFAULT 0 NOT NULL,
    food_id integer NOT NULL
);


ALTER TABLE public.food_size OWNER TO postgres;

--
-- TOC entry 235 (class 1259 OID 18526)
-- Name: food_size_id_seq; Type: SEQUENCE; Schema: public; Owner: postgres
--

CREATE SEQUENCE public.food_size_id_seq
    AS integer
    START WITH 1
    INCREMENT BY 1
    NO MINVALUE
    NO MAXVALUE
    CACHE 1;


ALTER SEQUENCE public.food_size_id_seq OWNER TO postgres;

--
-- TOC entry 5204 (class 0 OID 0)
-- Dependencies: 235
-- Name: food_size_id_seq; Type: SEQUENCE OWNED BY; Schema: public; Owner: postgres
--

ALTER SEQUENCE public.food_size_id_seq OWNED BY public.food_size.id;


--
-- TOC entry 236 (class 1259 OID 18527)
-- Name: item; Type: TABLE; Schema: public; Owner: postgres
--

CREATE TABLE public.item (
    cart_id integer NOT NULL,
    food_id integer NOT NULL,
    quantity integer,
    item_note character varying(255),
    id integer NOT NULL,
    food_option_id integer,
    CONSTRAINT chk_item_quantity CHECK ((quantity > 0))
);


ALTER TABLE public.item OWNER TO postgres;

--
-- TOC entry 5205 (class 0 OID 0)
-- Dependencies: 236
-- Name: TABLE item; Type: COMMENT; Schema: public; Owner: postgres
--

COMMENT ON TABLE public.item IS 'Cart items junction table';


--
-- TOC entry 237 (class 1259 OID 18531)
-- Name: item_id_seq; Type: SEQUENCE; Schema: public; Owner: postgres
--

CREATE SEQUENCE public.item_id_seq
    AS integer
    START WITH 1
    INCREMENT BY 1
    NO MINVALUE
    NO MAXVALUE
    CACHE 1;


ALTER SEQUENCE public.item_id_seq OWNER TO postgres;

--
-- TOC entry 5206 (class 0 OID 0)
-- Dependencies: 237
-- Name: item_id_seq; Type: SEQUENCE OWNED BY; Schema: public; Owner: postgres
--

ALTER SEQUENCE public.item_id_seq OWNED BY public.item.id;


--
-- TOC entry 238 (class 1259 OID 18532)
-- Name: order_detail; Type: TABLE; Schema: public; Owner: postgres
--

CREATE TABLE public.order_detail (
    order_id integer NOT NULL,
    food_id integer NOT NULL,
    quantity integer,
    food_note character varying(255),
    id integer NOT NULL,
    food_option_id integer,
    food_price numeric(10,2) DEFAULT 0 NOT NULL,
    food_option_price numeric(10,2),
    CONSTRAINT chk_order_detail_quantity CHECK ((quantity > 0))
);


ALTER TABLE public.order_detail OWNER TO postgres;

--
-- TOC entry 5207 (class 0 OID 0)
-- Dependencies: 238
-- Name: TABLE order_detail; Type: COMMENT; Schema: public; Owner: postgres
--

COMMENT ON TABLE public.order_detail IS 'Order details junction table';


--
-- TOC entry 239 (class 1259 OID 18537)
-- Name: order_detail_id_seq; Type: SEQUENCE; Schema: public; Owner: postgres
--

CREATE SEQUENCE public.order_detail_id_seq
    AS integer
    START WITH 1
    INCREMENT BY 1
    NO MINVALUE
    NO MAXVALUE
    CACHE 1;


ALTER SEQUENCE public.order_detail_id_seq OWNER TO postgres;

--
-- TOC entry 5208 (class 0 OID 0)
-- Dependencies: 239
-- Name: order_detail_id_seq; Type: SEQUENCE OWNED BY; Schema: public; Owner: postgres
--

ALTER SEQUENCE public.order_detail_id_seq OWNED BY public.order_detail.id;


--
-- TOC entry 240 (class 1259 OID 18538)
-- Name: order_promo; Type: TABLE; Schema: public; Owner: postgres
--

CREATE TABLE public.order_promo (
    id bigint NOT NULL,
    order_id bigint NOT NULL,
    promo_id bigint NOT NULL,
    applied_amount numeric(12,2) DEFAULT 0 NOT NULL,
    note character varying(255),
    created_at timestamp without time zone DEFAULT now()
);


ALTER TABLE public.order_promo OWNER TO postgres;

--
-- TOC entry 241 (class 1259 OID 18543)
-- Name: order_promo_id_seq; Type: SEQUENCE; Schema: public; Owner: postgres
--

CREATE SEQUENCE public.order_promo_id_seq
    START WITH 1
    INCREMENT BY 1
    NO MINVALUE
    NO MAXVALUE
    CACHE 1;


ALTER SEQUENCE public.order_promo_id_seq OWNER TO postgres;

--
-- TOC entry 5209 (class 0 OID 0)
-- Dependencies: 241
-- Name: order_promo_id_seq; Type: SEQUENCE OWNED BY; Schema: public; Owner: postgres
--

ALTER SEQUENCE public.order_promo_id_seq OWNED BY public.order_promo.id;


--
-- TOC entry 242 (class 1259 OID 18544)
-- Name: orders; Type: TABLE; Schema: public; Owner: postgres
--

CREATE TABLE public.orders (
    id integer NOT NULL,
    created_date timestamp with time zone DEFAULT CURRENT_TIMESTAMP,
    total_money numeric(13,3),
    user_id integer,
    order_status character varying(30),
    note character varying(50),
    payment_method character varying(20),
    receiver_name character varying(50),
    ship_address character varying(100),
    phone_number character(10),
    promo_id integer,
    shipper_id integer,
    cancel_reason character varying(255),
    shipping_fee numeric(10,0) DEFAULT 0,
    group_id integer,
    store_id integer,
    delivery_status character varying(30) DEFAULT 'Chờ xác nhận'::character varying,
    total_before_discount numeric(12,2) DEFAULT 0,
    total_discount numeric(12,2) DEFAULT 0,
    total_after_discount numeric(12,2) DEFAULT 0,
    cancelled_by_role character varying(20),
    cancelled_date timestamp with time zone
);


ALTER TABLE public.orders OWNER TO postgres;

--
-- TOC entry 5210 (class 0 OID 0)
-- Dependencies: 242
-- Name: TABLE orders; Type: COMMENT; Schema: public; Owner: postgres
--

COMMENT ON TABLE public.orders IS 'Orders table';


--
-- TOC entry 243 (class 1259 OID 18555)
-- Name: orders_id_seq; Type: SEQUENCE; Schema: public; Owner: postgres
--

CREATE SEQUENCE public.orders_id_seq
    AS integer
    START WITH 1
    INCREMENT BY 1
    NO MINVALUE
    NO MAXVALUE
    CACHE 1;


ALTER SEQUENCE public.orders_id_seq OWNER TO postgres;

--
-- TOC entry 5211 (class 0 OID 0)
-- Dependencies: 243
-- Name: orders_id_seq; Type: SEQUENCE OWNED BY; Schema: public; Owner: postgres
--

ALTER SEQUENCE public.orders_id_seq OWNED BY public.orders.id;


--
-- TOC entry 244 (class 1259 OID 18556)
-- Name: promo; Type: TABLE; Schema: public; Owner: postgres
--

CREATE TABLE public.promo (
    id integer NOT NULL,
    name character varying(255),
    category character varying(20),
    discount_value numeric(10,2),
    start_date timestamp without time zone,
    end_date timestamp without time zone,
    minimum_pay numeric(10,2),
    store_id integer,
    max_discount_amount numeric(10,2),
    scope character varying(10) DEFAULT 'STORE'::character varying,
    discount_type character varying(10) DEFAULT 'PERCENT'::character varying,
    is_active boolean DEFAULT true,
    CONSTRAINT promo_category_check CHECK (((category)::text = ANY (ARRAY[('PERCENT'::character varying)::text, ('AMOUNT'::character varying)::text])))
);


ALTER TABLE public.promo OWNER TO postgres;

--
-- TOC entry 245 (class 1259 OID 18563)
-- Name: promo_id_seq; Type: SEQUENCE; Schema: public; Owner: postgres
--

CREATE SEQUENCE public.promo_id_seq
    START WITH 1
    INCREMENT BY 1
    NO MINVALUE
    NO MAXVALUE
    CACHE 1;


ALTER SEQUENCE public.promo_id_seq OWNER TO postgres;

--
-- TOC entry 5212 (class 0 OID 0)
-- Dependencies: 245
-- Name: promo_id_seq; Type: SEQUENCE OWNED BY; Schema: public; Owner: postgres
--

ALTER SEQUENCE public.promo_id_seq OWNED BY public.promo.id;


--
-- TOC entry 246 (class 1259 OID 18564)
-- Name: rating_food; Type: TABLE; Schema: public; Owner: postgres
--

CREATE TABLE public.rating_food (
    id integer NOT NULL,
    user_id integer,
    food_id integer,
    content character varying(100),
    point double precision,
    order_id integer
);


ALTER TABLE public.rating_food OWNER TO postgres;

--
-- TOC entry 5213 (class 0 OID 0)
-- Dependencies: 246
-- Name: TABLE rating_food; Type: COMMENT; Schema: public; Owner: postgres
--

COMMENT ON TABLE public.rating_food IS 'Food ratings and reviews table';


--
-- TOC entry 247 (class 1259 OID 18567)
-- Name: rating_food_id_seq; Type: SEQUENCE; Schema: public; Owner: postgres
--

CREATE SEQUENCE public.rating_food_id_seq
    AS integer
    START WITH 1
    INCREMENT BY 1
    NO MINVALUE
    NO MAXVALUE
    CACHE 1;


ALTER SEQUENCE public.rating_food_id_seq OWNER TO postgres;

--
-- TOC entry 5214 (class 0 OID 0)
-- Dependencies: 247
-- Name: rating_food_id_seq; Type: SEQUENCE OWNED BY; Schema: public; Owner: postgres
--

ALTER SEQUENCE public.rating_food_id_seq OWNED BY public.rating_food.id;


--
-- TOC entry 248 (class 1259 OID 18568)
-- Name: roles; Type: TABLE; Schema: public; Owner: postgres
--

CREATE TABLE public.roles (
    id integer NOT NULL,
    role_name character varying(20)
);


ALTER TABLE public.roles OWNER TO postgres;

--
-- TOC entry 5215 (class 0 OID 0)
-- Dependencies: 248
-- Name: TABLE roles; Type: COMMENT; Schema: public; Owner: postgres
--

COMMENT ON TABLE public.roles IS 'User roles table';


--
-- TOC entry 249 (class 1259 OID 18571)
-- Name: roles_id_seq; Type: SEQUENCE; Schema: public; Owner: postgres
--

CREATE SEQUENCE public.roles_id_seq
    AS integer
    START WITH 1
    INCREMENT BY 1
    NO MINVALUE
    NO MAXVALUE
    CACHE 1;


ALTER SEQUENCE public.roles_id_seq OWNER TO postgres;

--
-- TOC entry 5216 (class 0 OID 0)
-- Dependencies: 249
-- Name: roles_id_seq; Type: SEQUENCE OWNED BY; Schema: public; Owner: postgres
--

ALTER SEQUENCE public.roles_id_seq OWNED BY public.roles.id;


--
-- TOC entry 250 (class 1259 OID 18572)
-- Name: shipper; Type: TABLE; Schema: public; Owner: postgres
--

CREATE TABLE public.shipper (
    id integer NOT NULL,
    user_id integer NOT NULL
);


ALTER TABLE public.shipper OWNER TO postgres;

--
-- TOC entry 251 (class 1259 OID 18575)
-- Name: shipper_id_seq; Type: SEQUENCE; Schema: public; Owner: postgres
--

CREATE SEQUENCE public.shipper_id_seq
    AS integer
    START WITH 1
    INCREMENT BY 1
    NO MINVALUE
    NO MAXVALUE
    CACHE 1;


ALTER SEQUENCE public.shipper_id_seq OWNER TO postgres;

--
-- TOC entry 5217 (class 0 OID 0)
-- Dependencies: 251
-- Name: shipper_id_seq; Type: SEQUENCE OWNED BY; Schema: public; Owner: postgres
--

ALTER SEQUENCE public.shipper_id_seq OWNED BY public.shipper.id;


--
-- TOC entry 252 (class 1259 OID 18576)
-- Name: stores; Type: TABLE; Schema: public; Owner: postgres
--

CREATE TABLE public.stores (
    id bigint NOT NULL,
    store_name character varying(100) NOT NULL,
    image text NOT NULL,
    description text NOT NULL,
    user_id bigint,
    address character varying(255)
);


ALTER TABLE public.stores OWNER TO postgres;

--
-- TOC entry 5218 (class 0 OID 0)
-- Dependencies: 252
-- Name: TABLE stores; Type: COMMENT; Schema: public; Owner: postgres
--

COMMENT ON TABLE public.stores IS 'B???ng l??u th??ng tin c??c c???a h??ng';


--
-- TOC entry 5219 (class 0 OID 0)
-- Dependencies: 252
-- Name: COLUMN stores.store_name; Type: COMMENT; Schema: public; Owner: postgres
--

COMMENT ON COLUMN public.stores.store_name IS 'T??n c???a h??ng';


--
-- TOC entry 5220 (class 0 OID 0)
-- Dependencies: 252
-- Name: COLUMN stores.image; Type: COMMENT; Schema: public; Owner: postgres
--

COMMENT ON COLUMN public.stores.image IS '???????ng d???n h??nh ???nh c???a h??ng (assets/t??n.png)';


--
-- TOC entry 5221 (class 0 OID 0)
-- Dependencies: 252
-- Name: COLUMN stores.description; Type: COMMENT; Schema: public; Owner: postgres
--

COMMENT ON COLUMN public.stores.description IS 'M?? t??? v??? c???a h??ng';


--
-- TOC entry 253 (class 1259 OID 18581)
-- Name: stores_id_seq; Type: SEQUENCE; Schema: public; Owner: postgres
--

ALTER TABLE public.stores ALTER COLUMN id ADD GENERATED BY DEFAULT AS IDENTITY (
    SEQUENCE NAME public.stores_id_seq
    START WITH 1
    INCREMENT BY 1
    NO MINVALUE
    NO MAXVALUE
    CACHE 1
);


--
-- TOC entry 254 (class 1259 OID 18582)
-- Name: users; Type: TABLE; Schema: public; Owner: postgres
--

CREATE TABLE public.users (
    id integer NOT NULL,
    fullname character varying(50),
    username character varying(150),
    password character varying(128),
    email character varying(254),
    address character varying(100),
    phone_number character(10),
    created_date timestamp without time zone DEFAULT CURRENT_TIMESTAMP,
    role_id integer,
    last_login timestamp with time zone,
    is_superuser boolean NOT NULL,
    is_staff boolean NOT NULL,
    is_active boolean NOT NULL,
    date_joined timestamp with time zone NOT NULL,
    first_name character varying(150) NOT NULL,
    last_name character varying(150) NOT NULL,
    is_shipper_registered boolean,
    is_store_registered boolean
);


ALTER TABLE public.users OWNER TO postgres;

--
-- TOC entry 5222 (class 0 OID 0)
-- Dependencies: 254
-- Name: TABLE users; Type: COMMENT; Schema: public; Owner: postgres
--

COMMENT ON TABLE public.users IS 'Users information table';


--
-- TOC entry 255 (class 1259 OID 18588)
-- Name: users_groups; Type: TABLE; Schema: public; Owner: postgres
--

CREATE TABLE public.users_groups (
    id bigint NOT NULL,
    user_id bigint NOT NULL,
    group_id integer NOT NULL
);


ALTER TABLE public.users_groups OWNER TO postgres;

--
-- TOC entry 256 (class 1259 OID 18591)
-- Name: users_groups_id_seq; Type: SEQUENCE; Schema: public; Owner: postgres
--

ALTER TABLE public.users_groups ALTER COLUMN id ADD GENERATED BY DEFAULT AS IDENTITY (
    SEQUENCE NAME public.users_groups_id_seq
    START WITH 1
    INCREMENT BY 1
    NO MINVALUE
    NO MAXVALUE
    CACHE 1
);


--
-- TOC entry 257 (class 1259 OID 18592)
-- Name: users_id_seq; Type: SEQUENCE; Schema: public; Owner: postgres
--

CREATE SEQUENCE public.users_id_seq
    AS integer
    START WITH 1
    INCREMENT BY 1
    NO MINVALUE
    NO MAXVALUE
    CACHE 1;


ALTER SEQUENCE public.users_id_seq OWNER TO postgres;

--
-- TOC entry 5223 (class 0 OID 0)
-- Dependencies: 257
-- Name: users_id_seq; Type: SEQUENCE OWNED BY; Schema: public; Owner: postgres
--

ALTER SEQUENCE public.users_id_seq OWNED BY public.users.id;


--
-- TOC entry 258 (class 1259 OID 18593)
-- Name: users_user_permissions; Type: TABLE; Schema: public; Owner: postgres
--

CREATE TABLE public.users_user_permissions (
    id bigint NOT NULL,
    user_id bigint NOT NULL,
    permission_id integer NOT NULL
);


ALTER TABLE public.users_user_permissions OWNER TO postgres;

--
-- TOC entry 259 (class 1259 OID 18596)
-- Name: users_user_permissions_id_seq; Type: SEQUENCE; Schema: public; Owner: postgres
--

ALTER TABLE public.users_user_permissions ALTER COLUMN id ADD GENERATED BY DEFAULT AS IDENTITY (
    SEQUENCE NAME public.users_user_permissions_id_seq
    START WITH 1
    INCREMENT BY 1
    NO MINVALUE
    NO MAXVALUE
    CACHE 1
);


--
-- TOC entry 4844 (class 2604 OID 18597)
-- Name: cart id; Type: DEFAULT; Schema: public; Owner: postgres
--

ALTER TABLE ONLY public.cart ALTER COLUMN id SET DEFAULT nextval('public.cart_id_seq'::regclass);


--
-- TOC entry 4845 (class 2604 OID 18598)
-- Name: category id; Type: DEFAULT; Schema: public; Owner: postgres
--

ALTER TABLE ONLY public.category ALTER COLUMN id SET DEFAULT nextval('public.category_id_seq'::regclass);


--
-- TOC entry 4846 (class 2604 OID 18599)
-- Name: food id; Type: DEFAULT; Schema: public; Owner: postgres
--

ALTER TABLE ONLY public.food ALTER COLUMN id SET DEFAULT nextval('public.food_id_seq'::regclass);


--
-- TOC entry 4848 (class 2604 OID 18600)
-- Name: food_size id; Type: DEFAULT; Schema: public; Owner: postgres
--

ALTER TABLE ONLY public.food_size ALTER COLUMN id SET DEFAULT nextval('public.food_size_id_seq'::regclass);


--
-- TOC entry 4850 (class 2604 OID 18601)
-- Name: item id; Type: DEFAULT; Schema: public; Owner: postgres
--

ALTER TABLE ONLY public.item ALTER COLUMN id SET DEFAULT nextval('public.item_id_seq'::regclass);


--
-- TOC entry 4851 (class 2604 OID 18602)
-- Name: order_detail id; Type: DEFAULT; Schema: public; Owner: postgres
--

ALTER TABLE ONLY public.order_detail ALTER COLUMN id SET DEFAULT nextval('public.order_detail_id_seq'::regclass);


--
-- TOC entry 4853 (class 2604 OID 18603)
-- Name: order_promo id; Type: DEFAULT; Schema: public; Owner: postgres
--

ALTER TABLE ONLY public.order_promo ALTER COLUMN id SET DEFAULT nextval('public.order_promo_id_seq'::regclass);


--
-- TOC entry 4856 (class 2604 OID 18604)
-- Name: orders id; Type: DEFAULT; Schema: public; Owner: postgres
--

ALTER TABLE ONLY public.orders ALTER COLUMN id SET DEFAULT nextval('public.orders_id_seq'::regclass);


--
-- TOC entry 4863 (class 2604 OID 18605)
-- Name: promo id; Type: DEFAULT; Schema: public; Owner: postgres
--

ALTER TABLE ONLY public.promo ALTER COLUMN id SET DEFAULT nextval('public.promo_id_seq'::regclass);


--
-- TOC entry 4867 (class 2604 OID 18606)
-- Name: rating_food id; Type: DEFAULT; Schema: public; Owner: postgres
--

ALTER TABLE ONLY public.rating_food ALTER COLUMN id SET DEFAULT nextval('public.rating_food_id_seq'::regclass);


--
-- TOC entry 4868 (class 2604 OID 18607)
-- Name: roles id; Type: DEFAULT; Schema: public; Owner: postgres
--

ALTER TABLE ONLY public.roles ALTER COLUMN id SET DEFAULT nextval('public.roles_id_seq'::regclass);


--
-- TOC entry 4869 (class 2604 OID 18608)
-- Name: shipper id; Type: DEFAULT; Schema: public; Owner: postgres
--

ALTER TABLE ONLY public.shipper ALTER COLUMN id SET DEFAULT nextval('public.shipper_id_seq'::regclass);


--
-- TOC entry 4870 (class 2604 OID 18609)
-- Name: users id; Type: DEFAULT; Schema: public; Owner: postgres
--

ALTER TABLE ONLY public.users ALTER COLUMN id SET DEFAULT nextval('public.users_id_seq'::regclass);


--
-- TOC entry 5147 (class 0 OID 18471)
-- Dependencies: 215
-- Data for Name: auth_group; Type: TABLE DATA; Schema: public; Owner: postgres
--

COPY public.auth_group (id, name) FROM stdin;
\.


--
-- TOC entry 5149 (class 0 OID 18475)
-- Dependencies: 217
-- Data for Name: auth_group_permissions; Type: TABLE DATA; Schema: public; Owner: postgres
--

COPY public.auth_group_permissions (id, group_id, permission_id) FROM stdin;
\.


--
-- TOC entry 5151 (class 0 OID 18479)
-- Dependencies: 219
-- Data for Name: auth_permission; Type: TABLE DATA; Schema: public; Owner: postgres
--

COPY public.auth_permission (id, name, content_type_id, codename) FROM stdin;
1	Can add log entry	1	add_logentry
2	Can change log entry	1	change_logentry
3	Can delete log entry	1	delete_logentry
4	Can view log entry	1	view_logentry
5	Can add permission	2	add_permission
6	Can change permission	2	change_permission
7	Can delete permission	2	delete_permission
8	Can view permission	2	view_permission
9	Can add group	3	add_group
10	Can change group	3	change_group
11	Can delete group	3	delete_group
12	Can view group	3	view_group
13	Can add content type	4	add_contenttype
14	Can change content type	4	change_contenttype
15	Can delete content type	4	delete_contenttype
16	Can view content type	4	view_contenttype
17	Can add session	5	add_session
18	Can change session	5	change_session
19	Can delete session	5	delete_session
20	Can view session	5	view_session
21	Can add role	6	add_role
22	Can change role	6	change_role
23	Can delete role	6	delete_role
24	Can view role	6	view_role
25	Can add user	7	add_user
26	Can change user	7	change_user
27	Can delete user	7	delete_user
28	Can view user	7	view_user
29	Can add category	8	add_category
30	Can change category	8	change_category
31	Can delete category	8	delete_category
32	Can view category	8	view_category
33	Can add food	9	add_food
34	Can change food	9	change_food
35	Can delete food	9	delete_food
36	Can view food	9	view_food
37	Can add cart	10	add_cart
38	Can change cart	10	change_cart
39	Can delete cart	10	delete_cart
40	Can view cart	10	view_cart
41	Can add item	11	add_item
42	Can change item	11	change_item
43	Can delete item	11	delete_item
44	Can view item	11	view_item
45	Can add order	12	add_order
46	Can change order	12	change_order
47	Can delete order	12	delete_order
48	Can view order	12	view_order
49	Can add order detail	13	add_orderdetail
50	Can change order detail	13	change_orderdetail
51	Can delete order detail	13	delete_orderdetail
52	Can view order detail	13	view_orderdetail
53	Can add promo	14	add_promo
54	Can change promo	14	change_promo
55	Can delete promo	14	delete_promo
56	Can view promo	14	view_promo
57	Can add rating food	15	add_ratingfood
58	Can change rating food	15	change_ratingfood
59	Can delete rating food	15	delete_ratingfood
60	Can view rating food	15	view_ratingfood
61	Can add store	16	add_store
62	Can change store	16	change_store
63	Can delete store	16	delete_store
64	Can view store	16	view_store
65	Can add shipper	17	add_shipper
66	Can change shipper	17	change_shipper
67	Can delete shipper	17	delete_shipper
68	Can view shipper	17	view_shipper
69	Can add food size	18	add_foodsize
70	Can change food size	18	change_foodsize
71	Can delete food size	18	delete_foodsize
72	Can view food size	18	view_foodsize
73	Can add order promo	19	add_orderpromo
74	Can change order promo	19	change_orderpromo
75	Can delete order promo	19	delete_orderpromo
76	Can view order promo	19	view_orderpromo
\.


--
-- TOC entry 5153 (class 0 OID 18483)
-- Dependencies: 221
-- Data for Name: cart; Type: TABLE DATA; Schema: public; Owner: postgres
--

COPY public.cart (id, total_money, user_id) FROM stdin;
1	0.000	5
4	0.000	8
3	0.000	3
5	0.000	1
2	0.000	2
\.


--
-- TOC entry 5155 (class 0 OID 18487)
-- Dependencies: 223
-- Data for Name: category; Type: TABLE DATA; Schema: public; Owner: postgres
--

COPY public.category (id, cate_name, image) FROM stdin;
1	Gà giòn	assets/fast food icons free-fried chicken.png
2	Burger	assets/fast food icons free-burger.png
3	Mỳ ý	assets/fast food icons free-pizza.png
4	Khoai tây chiên	assets/fast food icons free-potato.png
5	Món phụ	assets/fast food icons free-taco.png
6	Tráng miệng	assets/fast food icons free-hot dog.png
7	Nước giải khát	assets/fast food icons free-milkshake.png
8	Món thêm	assets/fast food icons free-fried chicken.png
9	Pizza	assets/fast food icon-pizza.png
10	Combo	assets/fast food icon-combo.png
11	Hotdog	assets/fast food icon-hotdog.png
12	Cơm	assets/fast food icon-rice.png
\.


--
-- TOC entry 5157 (class 0 OID 18493)
-- Dependencies: 225
-- Data for Name: django_admin_log; Type: TABLE DATA; Schema: public; Owner: postgres
--

COPY public.django_admin_log (id, action_time, object_id, object_repr, action_flag, change_message, content_type_id, user_id) FROM stdin;
\.


--
-- TOC entry 5159 (class 0 OID 18500)
-- Dependencies: 227
-- Data for Name: django_content_type; Type: TABLE DATA; Schema: public; Owner: postgres
--

COPY public.django_content_type (id, app_label, model) FROM stdin;
1	admin	logentry
2	auth	permission
3	auth	group
4	contenttypes	contenttype
5	sessions	session
6	authentication	role
7	authentication	user
8	menu	category
9	menu	food
10	cart	cart
11	cart	item
12	orders	order
13	orders	orderdetail
14	promotions	promo
15	ratings	ratingfood
16	stores	store
17	shipper	shipper
18	menu	foodsize
19	promotions	orderpromo
\.


--
-- TOC entry 5161 (class 0 OID 18504)
-- Dependencies: 229
-- Data for Name: django_migrations; Type: TABLE DATA; Schema: public; Owner: postgres
--

COPY public.django_migrations (id, app, name, applied) FROM stdin;
1	contenttypes	0001_initial	2025-08-10 11:26:14.420592+07
2	contenttypes	0002_remove_content_type_name	2025-08-10 11:26:14.425589+07
3	auth	0001_initial	2025-08-10 11:26:14.449439+07
4	auth	0002_alter_permission_name_max_length	2025-08-10 11:26:14.454439+07
5	auth	0003_alter_user_email_max_length	2025-08-10 11:26:14.457178+07
6	auth	0004_alter_user_username_opts	2025-08-10 11:26:14.461158+07
7	auth	0005_alter_user_last_login_null	2025-08-10 11:26:14.464158+07
8	auth	0006_require_contenttypes_0002	2025-08-10 11:26:14.466163+07
9	auth	0007_alter_validators_add_error_messages	2025-08-10 11:26:14.470171+07
10	auth	0008_alter_user_username_max_length	2025-08-10 11:26:14.475171+07
11	auth	0009_alter_user_last_name_max_length	2025-08-10 11:26:14.478189+07
12	auth	0010_alter_group_name_max_length	2025-08-10 11:26:14.483337+07
13	auth	0011_update_proxy_permissions	2025-08-10 11:26:14.488368+07
14	auth	0012_alter_user_first_name_max_length	2025-08-10 11:26:14.49235+07
15	authentication	0001_initial	2025-08-10 11:26:14.52017+07
16	admin	0001_initial	2025-08-10 11:26:14.534173+07
17	admin	0002_logentry_remove_auto_add	2025-08-10 11:26:14.540197+07
18	admin	0003_logentry_add_action_flag_choices	2025-08-10 11:26:14.5452+07
121	cart	0001_initial	2025-09-04 15:56:30.143173+07
122	ratings	0001_initial	2025-09-04 15:59:32.753344+07
21	promotions	0001_initial	2025-08-10 11:26:14.585345+07
123	orders	0002_initial	2025-09-04 16:10:35.689586+07
124	menu	0002_remove_food_is_topping	2025-09-06 16:37:56.61451+07
24	sessions	0001_initial	2025-08-10 11:26:14.639354+07
25	authentication	0002_add_standard_auth_fields	2025-08-10 16:51:19.948062+07
26	authentication	0003_alter_user_is_active_alter_user_is_staff_and_more	2025-08-10 16:51:19.965721+07
27	authentication	0003_add_first_and_last_name	2025-08-10 22:33:43.579697+07
28	authentication	0004_add_missing_sql_fields	2025-08-10 22:33:43.583483+07
29	authentication	0005_merge_20250810_2233	2025-08-10 22:33:43.584481+07
125	cart	0002_item_toppings	2025-09-18 11:29:57.276019+07
126	cart	0003_remove_item_toppings	2025-09-18 11:47:28.525059+07
32	authentication	0006_alter_user_options	2025-08-10 23:30:35.672849+07
127	cart	0004_alter_cart_total_money	2025-09-18 15:54:25.460054+07
128	orders	0003_alter_order_total_money	2025-09-18 15:54:25.512263+07
129	orders	0004_alter_order_created_date	2025-09-18 18:49:03.219667+07
36	stores	0001_initial	2025-08-17 18:00:00.699487+07
130	orders	0005_alter_order_created_date	2025-09-18 18:53:46.925687+07
131	orders	0006_remove_orderdetail_price	2025-09-19 15:59:04.503193+07
39	authentication	0007_add_store_to_user	2025-08-17 20:25:01.408091+07
40	authentication	0008_alter_user_options	2025-08-17 20:25:01.41812+07
41	stores	0002_add_user_fk	2025-08-17 20:38:09.255123+07
42	stores	0003_remove_store_user_store_manager	2025-08-17 20:38:09.289703+07
43	shipper	0001_initial	2025-08-21 11:11:32.630028+07
132	orders	0007_order_cancelled_by_role_order_cancelled_date	2025-09-19 16:25:53.219614+07
133	authentication	0002_alter_user_options	2025-09-25 20:35:33.329761+07
134	authentication	0003_auto_20250925_2035	2025-09-25 20:35:33.342474+07
50	authentication	0009_alter_user_options	2025-08-26 14:01:53.748621+07
84	menu	0001_initial	2025-09-04 15:41:41.716532+07
85	menu	0004_remove_food_created_date	2025-09-04 15:41:41.720535+07
86	menu	0005_food_store	2025-09-04 15:41:50.088149+07
87	menu	0006_add_foodsize_and_update_food	2025-09-04 15:41:57.071503+07
107	orders	0001_initial	2025-09-04 15:51:23.621185+07
108	orders	0002_alter_orderdetail_options	2025-09-04 15:51:23.624189+07
109	orders	0003_add_price_to_orderdetail	2025-09-04 15:51:23.626185+07
110	orders	0004_populate_orderdetail_prices	2025-09-04 15:51:23.627753+07
111	orders	0006_add_order_fields	2025-09-04 15:51:23.629402+07
112	orders	0005_order_shipper	2025-09-04 15:51:23.630999+07
113	orders	0007_merge_0005_order_shipper_0006_add_order_fields	2025-09-04 15:51:23.633147+07
114	orders	0008_store_id_to_foreign_key	2025-09-04 15:51:23.634745+07
115	orders	0009_order_cancel_reason_order_delivery_status_and_more	2025-09-04 15:51:23.636842+07
116	orders	0010_add_delivery_status_column	2025-09-04 15:51:23.637847+07
117	orders	0011_alter_order_order_status	2025-09-04 15:51:23.640848+07
118	orders	0012_add_food_note_to_orderdetail	2025-09-04 15:51:23.642978+07
135	authentication	0002_alter_user_email_alter_user_password_and_more	2025-10-09 02:34:38.459124+07
136	promotions	0002_orderpromo	2025-10-09 02:40:14.354959+07
137	orders	0002_alter_order_promotions	2025-10-09 02:48:57.55778+07
\.


--
-- TOC entry 5163 (class 0 OID 18510)
-- Dependencies: 231
-- Data for Name: django_session; Type: TABLE DATA; Schema: public; Owner: postgres
--

COPY public.django_session (session_key, session_data, expire_date) FROM stdin;
rmway10l5yopakhqrcarypsr1ssw3kdo	.eJxVjDEOwjAMRe-SGUWx00YWIztniNzYIQWUSE07Ie4OlTrA-t97_2Uib2uJW9clzmLOBrw5_Y4Tp4fWncid663Z1Oq6zJPdFXvQbq9N9Hk53L-Dwr18a6YM4DxCyOpkSOpQQQiBs2dIOo0jeA0OHJIjQKDBE9GIXlKQgOb9AfKENu8:1v6aFn:jov9E9Bph-A1TjJ8Ns0TlFNoyz-l-5Z1AwxwsSW3b88	2025-10-23 02:55:15.441017+07
\.


--
-- TOC entry 5164 (class 0 OID 18515)
-- Dependencies: 232
-- Data for Name: food; Type: TABLE DATA; Schema: public; Owner: postgres
--

COPY public.food (id, title, description, price, image, cate_id, availability, store_id) FROM stdin;
2	Tôm burger	1 burger	40000.00	assets/burger.png	2	Còn hàng	1
4	Khoai tây chiên	1 khoai nhỏ	25000.00	assets/french-fries.png	4	Còn hàng	1
5	Súp bí đỏ	1 chén súp	20000.00	assets/soup.png	5	Còn hàng	1
7	Bánh xoài đào	1 bánh	10000.00	assets/peach-mango-pie.png	6	Còn hàng	1
9	Bánh xoài cam	1 cái	10000.00	assets/peach-mango-pie.png	6	Còn hàng	1
10	Bánh xoài dâu	1 cái	10000.00	assets/mango-peach-cake.png	6	Còn hàng	1
11	Bánh khoai môn	1 bánh	13000.00	assets/banh-khoai-mon.jpg	6	Còn hàng	1
12	Big Mac	Burger đặc biệt McDonald	65000.00	assets/bigmac.jpg	2	Còn hàng	2
13	Quarter Pounder	Burger thịt bò 1/4 pound	70000.00	assets/quarter-pounder.jpg	2	Còn hàng	2
14	McFlurry Oreo	Kem McFlurry với bánh Oreo	25000.00	assets/mcflurry-oreo.jpg	6	Còn hàng	2
15	McNuggets	6 miếng gà nuggets	45000.00	assets/mcnuggets.jpg	1	Còn hàng	2
16	McFries	Khoai tây chiên McDonald	20000.00	assets/mcfries.jpg	4	Còn hàng	2
17	Apple Pie	Bánh táo nướng	15000.00	assets/apple-pie.jpg	6	Còn hàng	2
18	Whopper	Burger đặc trưng Burger King	75000.00	assets/whopper.jpg	2	Còn hàng	3
19	Whopper Jr	Whopper size nhỏ	55000.00	assets/whopper-jr.jpg	2	Còn hàng	3
20	Chicken Royale	Burger gà giòn	60000.00	assets/chicken-royale.jpg	2	Còn hàng	3
21	Onion Rings	Hành tây chiên giòn	25000.00	assets/onion-rings.jpg	4	Còn hàng	3
22	BK Sundae	Kem sundae Burger King	20000.00	assets/bk-sundae.jpg	6	Còn hàng	3
23	Supreme Pizza	Pizza đặc biệt với nhiều topping	150000.00	assets/supreme-pizza.jpg	3	Còn hàng	4
24	Pepperoni Pizza	Pizza pepperoni cổ điển	120000.00	assets/pepperoni-pizza.jpg	3	Còn hàng	4
25	Hawaiian Pizza	Pizza Hawaii với thơm và ham	130000.00	assets/hawaiian-pizza.jpg	3	Còn hàng	4
26	Cheese Sticks	Que phô mai nướng	35000.00	assets/cheese-sticks.jpg	4	Còn hàng	4
27	Garlic Bread	Bánh mì tỏi nướng	25000.00	assets/garlic-bread.jpg	4	Còn hàng	4
28	Margherita Pizza	Pizza Margherita cổ điển	110000.00	assets/margherita-pizza.jpg	3	Còn hàng	5
29	Meat Lovers Pizza	Pizza nhiều thịt	160000.00	assets/meat-lovers-pizza.jpg	3	Còn hàng	5
30	Veggie Pizza	Pizza chay với rau củ	125000.00	assets/veggie-pizza.jpg	3	Còn hàng	5
32	Coke	Coca Cola 330ml	15000.00	assets/coke.jpg	7	Còn hàng	5
1	Gà vui vẻ	Happy chicken	35000.00	assets/chicken.png	1	Còn hàng	1
3	Mỳ ý	1 mỳ ý	45000.00	assets/spaghetti.png	3	Còn hàng	1
6	Kem chocolate	1 kem ly	10000.00	assets/chocolate-cream.png	6	Còn hàng	1
8	Pepsi	1 ly (vừa)	10000.00	assets/pepsi.png	7	Còn hàng	1
48	Cá viên	Cá ciên	20000.00	assets/ef6064cd613844c8a172e7e3192e7d22.png	1	Còn hàng	1
33	5Cá viên thêm	Thêm cá viên chiên giòn	18000.00	assets/fish-balls.png	8	Còn hàng	5
34	1Khoai tây thêm	Thêm khoai tây chiên giòn tan	15000.00	assets/french-fries.png	8	Còn hàng	1
36	1Cá viên thêm	Thêm cá viên chiên giòn	18000.00	assets/14aca98c7299427e89987cf541951de4.png	8	Còn hàng	1
37	2Khoai tây thêm	Thêm khoai tây chiên giòn tan	15000.00	assets/french-fries.png	8	Còn hàng	2
38	2Xúc xích thêm	Thêm xúc xích nóng hổi	20000.00	assets/hot-dog.png	8	Còn hàng	2
39	2Cá viên thêm	Thêm cá viên chiên giòn	18000.00	assets/fish-balls.png	8	Còn hàng	2
40	3Khoai tây thêm	Thêm khoai tây chiên giòn tan	15000.00	assets/french-fries.png	8	Còn hàng	3
41	3Xúc xích thêm	Thêm xúc xích nóng hổi	20000.00	assets/hot-dog.png	8	Còn hàng	3
42	3Cá viên thêm	Thêm cá viên chiên giòn	18000.00	assets/fish-balls.png	8	Còn hàng	3
43	4Khoai tây thêm	Thêm khoai tây chiên giòn tan	15000.00	assets/french-fries.png	8	Còn hàng	4
44	4Xúc xích thêm	Thêm xúc xích nóng hổi	20000.00	assets/hot-dog.png	8	Còn hàng	4
45	4Cá viên thêm	Thêm cá viên chiên giòn	18000.00	assets/fish-balls.png	8	Còn hàng	4
46	5Khoai tây thêm	Thêm khoai tây chiên giòn tan	15000.00	assets/french-fries.png	8	Còn hàng	5
47	5Xúc xích thêm	Thêm xúc xích nóng hổi	20000.00	assets/hot-dog.png	8	Còn hàng	5
35	1Xúc xích thêm	Thêm xúc xích nóng hổi	20000.00	assets/hot-dog.png	8	Còn hàng	1
31	Chicken Wings	Cánh gà nướng BBQ	45000.00	assets/chicken-wings.jpg	1	Còn hàng	5
49	Gà Nửa Con Truyền Thống	Gà Nửa Con Truyền Thống	139000.00	assets/gà-rán-chicken-plus-nguyễn-văn-linh-gà-nửa-con-truyền-thống-dc06a65b3e.webp	1	Còn hàng	48
50	Gà Nửa Con Xốt Ngũ Vị	Gà Nửa Con Xốt Ngũ Vị	149000.00	assets/gà-rán-chicken-plus-nguyễn-văn-linh-gà-nửa-con-xốt-ngũ-vị-db9b4ff600.webp	1	Còn hàng	48
51	Gà Nửa Con Xốt Kem Hành	Gà Nửa Con Xốt Kem Hành	159000.00	assets/gà-rán-chicken-plus-nguyễn-văn-linh-gà-nửa-con-xốt-kem-hành-12d525a932.webp	1	Còn hàng	48
52	Gà Nửa Con Xốt Tỏi Stamina	Gà Nửa Con Xốt Tỏi Stamina	179000.00	assets/gà-rán-chicken-plus-nguyễn-văn-linh-gà-nửa-con-xốt-tỏi-stamina-8a6f02941a.webp	1	Còn hàng	48
53	Gà Nửa Con Xốt Phô Mai Cay	Gà Nửa Con Xốt Phô Mai Cay	169000.00	assets/gà-rán-chicken-plus-nguyễn-văn-linh-gà-nửa-con-xốt-phô-mai-cay-9ed8efb653.webp	1	Còn hàng	48
54	Gà Nửa Con Sweet Sauce	Gà Nửa Con Sweet Sauce	159000.00	assets/gà-rán-chicken-plus-nguyễn-văn-linh-gà-nửa-con-sweet-sauce-4c00909e53.webp	1	Còn hàng	48
55	Gà Nửa Con Rắc Bột Phô Mai	Gà Nửa Con Rắc Bột Phô Mai	149000.00	assets/gà-rán-chicken-plus-nguyễn-văn-linh-gà-nửa-con-rắc-bột-phô-mai-9477f7a5aa.webp	1	Còn hàng	48
56	Gà Nửa Con Xốt Hoàng Kim	Gà Nửa Con Xốt Hoàng Kim	169000.00	assets/gà-rán-chicken-plus-nguyễn-văn-linh-gà-nửa-con-xốt-hoàng-kim-c5ef1538e0.webp	1	Còn hàng	48
57	Đùi Gà Giòn King 	Đùi Gà Giòn King (Lớn)	159000.00	assets/gà-rán-chicken-plus-nguyễn-văn-linh-đùi-gà-giòn-king-lớn-e816ed7f3a.webp	1	Còn hàng	48
58	Đùi Gà Truyền Thống 	2 cái	65000.00	assets/gà-rán-chicken-plus-nguyễn-văn-linh-đùi-gà-truyền-thống-nhỏ-54ef5e8590.webp	1	Còn hàng	48
59	Đùi Gà Xốt Ngũ Vị	2 cái	75000.00	assets/gà-rán-chicken-plus-nguyễn-văn-linh-đùi-gà-xốt-ngũ-vị-nhỏ-c8964545cb.webp	1	Còn hàng	48
60	Đùi Gà Xốt Kem Hành	2 cái	75000.00	assets/gà-rán-chicken-plus-nguyễn-văn-linh-đùi-gà-xốt-kem-hành-nhỏ-7139cbaf6b.webp	1	Còn hàng	48
61	Đùi Gà Xốt Tỏi Stamina	2 cái	85000.00	assets/gà-rán-chicken-plus-nguyễn-văn-linh-đùi-gà-xốt-tỏi-stamina-nhỏ-fc486e3501.webp	1	Còn hàng	48
62	Đùi Gà Xốt Phô Mai Cay	2 cái	85000.00	assets/gà-rán-chicken-plus-nguyễn-văn-linh-đùi-gà-xốt-phô-mai-cay-nhỏ-7cba943cfc.webp	1	Còn hàng	48
63	Đùi Gà Sweet Sauce 	2 cái	75000.00	assets/gà-rán-chicken-plus-nguyễn-văn-linh-đùi-gà-sweet-sauce-nhỏ-46cafca6d1.webp	1	Còn hàng	48
64	Đùi Gà Rắc Bột Phô Mai	2 cái	70000.00	assets/gà-rán-chicken-plus-nguyễn-văn-linh-đùi-gà-rắc-bột-phô-mai-nhỏ-aa84fcef9f.webp	1	Còn hàng	48
65	Đùi Gà Xốt Hoàng Kim	2 cái	85000.00	assets/gà-rán-chicken-plus-nguyễn-văn-linh-đùi-gà-xốt-hoàng-kim-nhỏ-20d669d5c2.webp	1	Còn hàng	48
66	Đùi Gà Lăn Cốm	2 cái	70000.00	assets/gà-rán-chicken-plus-nguyễn-văn-linh-đùi-gà-lăn-cốm-nhỏ-c14396c555.webp	1	Còn hàng	48
67	Cánh Gà Truyền Thống	4 miếng	70000.00	assets/gà-rán-chicken-plus-nguyễn-văn-linh-cánh-gà-truyền-thống-nhỏ-ae009343c7.webp	1	Còn hàng	48
68	Cánh Gà Xốt Ngũ Vị	4 miếng	80000.00	assets/gà-rán-chicken-plus-nguyễn-văn-linh-cánh-gà-xốt-ngũ-vị-nhỏ-02b883d7e6.webp	1	Còn hàng	48
69	Cánh Gà Xốt Kem Hành 	4 miếng	80000.00	assets/gà-rán-chicken-plus-nguyễn-văn-linh-cánh-gà-xốt-kem-hành-nhỏ-6b43a868a3.webp	1	Còn hàng	48
70	Cánh Gà Xốt Tỏi Stamina	4 miếng	90000.00	assets/gà-rán-chicken-plus-nguyễn-văn-linh-cánh-gà-xốt-tỏi-stamina-nhỏ-3d4fe393e8.webp	1	Còn hàng	48
71	Cánh Gà Xốt Phô Mai Cay	4 miếng	90000.00	assets/gà-rán-chicken-plus-nguyễn-văn-linh-cánh-gà-xốt-phô-mai-cay-nhỏ-5def689280.webp	1	Còn hàng	48
72	Cánh Gà Sweet Sauce	4 miếng	80000.00	assets/gà-rán-chicken-plus-nguyễn-văn-linh-cánh-gà-sweet-sauce-nhỏ-58cc9127b2.webp	1	Còn hàng	48
73	Cánh Gà Rắc Bột Phô Mai	4 miếng	75000.00	assets/gà-rán-chicken-plus-nguyễn-văn-linh-cánh-gà-rắc-bột-phô-mai-nhỏ-4c4d9946b3.webp	1	Còn hàng	48
74	Cánh Gà Xốt Hoàng Kim	4 miếng	90000.00	assets/gà-rán-chicken-plus-nguyễn-văn-linh-cánh-gà-xốt-hoàng-kim-nhỏ-beaeeda82e.webp	1	Còn hàng	48
75	Cánh Gà Lăn Cốm (Nhỏ)	4 miếng	75000.00	assets/gà-rán-chicken-plus-nguyễn-văn-linh-cánh-gà-lăn-cốm-nhỏ-d5d039d0cf.webp	1	Còn hàng	48
76	Cánh Gà Giòn King (Nhỏ)	4 miếng	75000.00	assets/gà-rán-chicken-plus-nguyễn-văn-linh-cánh-gà-giòn-king-nhỏ-c1523cba6a.webp	1	Còn hàng	48
77	Không Xương Giòn King 	4 miếng	55000.00	assets/gà-rán-chicken-plus-nguyễn-văn-linh-không-xương-giòn-king-nhỏ-ffc9998968.webp	1	Còn hàng	48
78	Gà Không Xương Truyền Thống 	100 gram	50000.00	assets/gà-rán-chicken-plus-nguyễn-văn-linh-gà-không-xương-truyền-thống-nhỏ-820a9b1bf9.webp	1	Còn hàng	48
79	Gà Không Xương Xốt Ngũ Vị	100 gram	60000.00	assets/gà-rán-chicken-plus-nguyễn-văn-linh-gà-không-xương-xốt-ngũ-vị-nhỏ-8b38ebab01.webp	1	Còn hàng	48
80	Gà Không Xương Xốt Kem Hành	100 gram	60000.00	assets/gà-rán-chicken-plus-nguyễn-văn-linh-gà-không-xương-xốt-kem-hành-nhỏ-a5f094c45f.webp	1	Còn hàng	48
81	Gà Không Xương Xốt Tỏi Stamina	100 gram	70000.00	assets/gà-rán-chicken-plus-nguyễn-văn-linh-gà-không-xương-xốt-tỏi-stamina-nhỏ-47356aa63f.webp	1	Còn hàng	48
82	Gà Không Xương Xốt Phô Mai Cay 	100 gram	70000.00	assets/gà-rán-chicken-plus-nguyễn-văn-linh-gà-không-xương-xốt-phô-mai-cay-nhỏ-2bbaccfc9e.webp	1	Còn hàng	48
83	Gà Không Xương Sweet Sauce	100 gram	60000.00	assets/gà-rán-chicken-plus-nguyễn-văn-linh-gà-không-xương-sweet-sauce-nhỏ-8df59a819b.webp	1	Còn hàng	48
84	Gà Không Xương Rắc Bột Phô Mai	100 gram	55000.00	assets/gà-rán-chicken-plus-nguyễn-văn-linh-gà-không-xương-rắc-bột-phô-mai-nhỏ-5a284fab3a.webp	1	Còn hàng	48
85	Gà Không Xương Xốt Hoàng Kim	100 gram	70000.00	assets/gà-rán-chicken-plus-nguyễn-văn-linh-gà-không-xương-xốt-hoàng-kim-nhỏ-9f769c407b.webp	1	Còn hàng	48
86	Gà Không xương Lăn Cốm (Nhỏ)	100 gram	55000.00	assets/gà-rán-chicken-plus-nguyễn-văn-linh-gà-không-xương-lăn-cốm-nhỏ-2046960b35.webp	1	Còn hàng	48
87	Đùi Gà Ôm Phô Mai Truyền Thống	2 cái	70000.00	assets/gà-rán-chicken-plus-nguyễn-văn-linh-đùi-gà-ôm-phô-mai-truyền-thống-nhỏ-5baf20f1c4.webp	1	Còn hàng	48
88	Đùi Gà Ôm Phô Mai Xốt Ngũ Vị 	2 cái	80000.00	assets/gà-rán-chicken-plus-nguyễn-văn-linh-đùi-gà-ôm-phô-mai-xốt-ngũ-vị-nhỏ-e4546f00a0.webp	1	Còn hàng	48
89	Đùi Gà Ôm Phô Mai Xốt Kem Hành 	2 cái	80000.00	assets/gà-rán-chicken-plus-nguyễn-văn-linh-đùi-gà-ôm-phô-mai-xốt-kem-hành-nhỏ-2f261e3737.webp	1	Còn hàng	48
90	Đùi Gà Ôm Phô Mai Xốt Tỏi Stamina 	2 cái	90000.00	assets/gà-rán-chicken-plus-nguyễn-văn-linh-đùi-gà-ôm-phô-mai-xốt-tỏi-stamina-nhỏ-8d4028c114.webp	1	Còn hàng	48
91	Đùi Gà Ôm Phô Mai Xốt Phô Mai Cay 	2 cái	90000.00	assets/gà-rán-chicken-plus-nguyễn-văn-linh-đùi-gà-ôm-phô-mai-xốt-phô-mai-cay-nhỏ-6fde41ff17.webp	1	Còn hàng	48
92	Đùi Gà Ôm Phô Mai Sweet Sauce 	2 cái	80000.00	assets/gà-rán-chicken-plus-nguyễn-văn-linh-đùi-gà-ôm-phô-mai-sweet-sauce-nhỏ-4d8db4048e.webp	1	Còn hàng	48
93	Đùi Gà Ôm Phô Mai Rắc Bột Phô Mai 	2 cái	75000.00	assets/gà-rán-chicken-plus-nguyễn-văn-linh-đùi-gà-ôm-phô-mai-rắc-bột-phô-mai-nhỏ-ba78b0498c.webp	1	Còn hàng	48
94	Đùi Gà Ôm Phô Mai Xốt Hoàng Kim 	2 cái	90000.00	assets/gà-rán-chicken-plus-nguyễn-văn-linh-đùi-gà-ôm-phô-mai-xốt-hoàng-kim-nhỏ-e3fe96513e.webp	1	Còn hàng	48
95	Gà Tôm Chiên Truyền Thống	Gà Tôm Chiên Truyền Thống	159000.00	assets/gà-rán-chicken-plus-nguyễn-văn-linh-gà-tôm-chiên-truyền-thống-fb7dae24a9.webp	1	Còn hàng	49
96	Gà Tôm Chiên Xốt Ngũ Vị	Gà Tôm Chiên Xốt Ngũ Vị	169000.00	assets/gà-rán-chicken-plus-nguyễn-văn-linh-gà-tôm-chiên-xốt-ngũ-vị-48ac797ace.webp	1	Còn hàng	49
97	Gà Tôm Chiên Xốt Kem Hành	Gà Tôm Chiên Xốt Kem Hành	179000.00	assets/gà-rán-chicken-plus-nguyễn-văn-linh-gà-tôm-chiên-xốt-kem-hành-e1cfeca0c7.webp	1	Còn hàng	49
98	Gà Tôm Chiên Xốt Tỏi Stamina	Gà Tôm Chiên Xốt Tỏi Stamina	199000.00	assets/gà-rán-chicken-plus-nguyễn-văn-linh-gà-tôm-chiên-xốt-tỏi-stamina-27844a5bf1.webp	1	Còn hàng	49
99	Gà Tôm Chiên Xốt Phô Mai Cay	Gà Tôm Chiên Xốt Phô Mai Cay	189000.00	assets/gà-rán-chicken-plus-nguyễn-văn-linh-gà-tôm-chiên-xốt-phô-mai-cay-691a672b14.webp	1	Còn hàng	49
100	Gà Tôm Chiên Rắc Bột Phô Mai	Gà Tôm Chiên Rắc Bột Phô Mai	169000.00	assets/gà-rán-chicken-plus-nguyễn-văn-linh-gà-tôm-chiên-rắc-bột-phô-mai-cfb7a596e6.webp	1	Còn hàng	49
101	Gà Tôm Chiên Xốt Hoàng Kim	Gà Tôm Chiên Xốt Hoàng Kim	189000.00	assets/gà-rán-chicken-plus-nguyễn-văn-linh-gà-tôm-chiên-xốt-hoàng-kim-65c73de78f.webp	1	Còn hàng	49
102	Gà Tôm Chiên Sweet Sauce	Gà Tôm Chiên Sweet Sauce	179000.00	assets/gà-rán-chicken-plus-nguyễn-văn-linh-gà-tôm-chiên-sweet-sauce-0f9c79f882.webp	1	Còn hàng	49
103	Mề Gà Truyền Thống	100 gram	50000.00	assets/gà-rán-chicken-plus-nguyễn-văn-linh-mề-gà-truyền-thống-acab3aac2e.webp	1	Còn hàng	49
104	Mề Gà Xốt Ngũ Vị	100 gram	60000.00	assets/gà-rán-chicken-plus-nguyễn-văn-linh-mề-gà-xốt-ngũ-vị-bff09f66f2.webp	1	Còn hàng	49
105	Mề Gà Xốt Kem Hành	100 gram	60000.00	assets/gà-rán-chicken-plus-nguyễn-văn-linh-mề-gà-xốt-kem-hành-b9d3b67f83.webp	1	Còn hàng	49
106	Mề Gà Xốt Tỏi Stamina	100 gram	70000.00	assets/gà-rán-chicken-plus-nguyễn-văn-linh-mề-gà-xốt-tỏi-stamina-1a4b60f3fc.webp	1	Còn hàng	49
107	Mề Gà Xốt Phô Mai Cay	100 gram	70000.00	assets/gà-rán-chicken-plus-nguyễn-văn-linh-mề-gà-xốt-phô-mai-cay-197ade231d.webp	1	Còn hàng	49
108	Mề Gà Sweet Sauce	100 gram	60000.00	assets/gà-rán-chicken-plus-nguyễn-văn-linh-mề-gà-sweet-sauce-103bebdf14.webp	1	Còn hàng	49
109	Mề Gà Rắc Bột Phô Mai	100 gram	55000.00	assets/gà-rán-chicken-plus-nguyễn-văn-linh-mề-gà-rắc-bột-phô-mai-5607f3e1f3.webp	1	Còn hàng	49
110	Mề Gà Xốt Hoàng Kim	100 gram	70000.00	assets/gà-rán-chicken-plus-nguyễn-văn-linh-mề-gà-xốt-hoàng-kim-c93fa45ea2.webp	1	Còn hàng	49
111	Mì Ý Thịt Bằm	Mì Ý Thịt Bằm	39000.00	assets/gà-rán-chicken-plus-nguyễn-văn-linh-mì-ý-thịt-bằm-ad3ecfd202.webp	3	Còn hàng	49
112	Cơm Thêm	Cơm Thêm	15000.00	assets/gà-rán-chicken-plus-nguyễn-văn-linh-cơm-thêm-4cbdc3fd69.webp	8	Còn hàng	49
113	Mì Ý Xốt Tương Đen	Mì Ý Xốt Tương Đen	39000.00	assets/gà-rán-chicken-plus-nguyễn-văn-linh-mì-ý-xốt-tương-đen-34961973c5.webp	3	Còn hàng	49
114	Bánh Xếp Tôm	Bánh Xếp Tôm	30000.00	assets/gà-rán-chicken-plus-nguyễn-văn-linh-bánh-xếp-tôm-b9f33f08fe.webp	5	Còn hàng	49
115	Khoai Tây Chiên	Khoai Tây Chiên	30000.00	assets/gà-rán-chicken-plus-nguyễn-văn-linh-khoai-tây-chiên-39cef8e5a4.webp	4	Còn hàng	49
116	Phô Mai Que	Phô Mai Que	30000.00	assets/gà-rán-chicken-plus-nguyễn-văn-linh-phô-mai-que-74026e8c4d.webp	5	Còn hàng	49
117	Bánh Hải Sản	Bánh Hải Sản	30000.00	assets/gà-rán-chicken-plus-nguyễn-văn-linh-bánh-hải-sản-a29188d95a.webp	5	Còn hàng	49
118	Bánh Quả Cầu Vàng	Bánh Quả Cầu Vàng	30000.00	assets/gà-rán-chicken-plus-nguyễn-văn-linh-bánh-quả-cầu-vàng-eca7fb8dca.webp	5	Còn hàng	49
119	Xúc Xích Chiên	Xúc Xích Chiên	30000.00	assets/gà-rán-chicken-plus-nguyễn-văn-linh-xúc-xích-chiên-2a8b2abba0.webp	5	Còn hàng	49
120	Miến Cuộn Rong Biển	Miến Cuộn Rong Biển	30000.00	assets/gà-rán-chicken-plus-nguyễn-văn-linh-miến-cuộn-rong-biển-8734e22f7b.webp	5	Còn hàng	49
121	Cầu Kim Sa	Cầu Kim Sa	30000.00	assets/gà-rán-chicken-plus-nguyễn-văn-linh-cầu-kim-sa-7caedf3f7d.webp	5	Còn hàng	49
122	Sandwich Cá Ngừ	Sandwich Cá Ngừ	30000.00	assets/gà-rán-chicken-plus-nguyễn-văn-linh-sandwich-cá-ngừ-32369d326a.webp	2	Còn hàng	49
123	Tôm Chiên	Tôm Chiên	40000.00	assets/gà-rán-chicken-plus-nguyễn-văn-linh-tôm-chiên-3ba0bfa424.webp	5	Còn hàng	49
124	Gà Popcorn	Gà Popcorn	50000.00	assets/gà-rán-chicken-plus-nguyễn-văn-linh-gà-popcorn-5fab1fc5bc.webp	5	Còn hàng	49
125	Da Gà Rắc Bột Phô Mai	Da Gà Rắc Bột Phô Mai	40000.00	assets/gà-rán-chicken-plus-nguyễn-văn-linh-da-gà-rắc-bột-phô-mai-6227fbf9ed.webp	5	Còn hàng	49
126	Ly Gà Colpop	Ly Gà Colpop	25000.00	assets/gà-rán-chicken-plus-nguyễn-văn-linh-ly-gà-colpop-dbf4fe7e21.webp	5	Còn hàng	49
127	Salad Da Gà Giòn	Salad Da Gà Giòn	39000.00	assets/gà-rán-chicken-plus-nguyễn-văn-linh-salad-da-gà-giòn-54a626b5b8.webp	5	Còn hàng	49
128	Salad Gà Popcorn	Salad Gà Popcorn	39000.00	assets/gà-rán-chicken-plus-nguyễn-văn-linh-salad-gà-popcorn-d96ae50c16.webp	5	Còn hàng	49
129	Sweet Sauce 	30 gram	10000.00	assets/gà-rán-chicken-plus-nguyễn-văn-linh-sweet-sauce-nhỏ-88e583b5fc.webp	8	Còn hàng	49
130	Xốt Tỏi Stamina	30 gram	20000.00	assets/gà-rán-chicken-plus-nguyễn-văn-linh-xốt-tỏi-stamina-nhỏ-bc053a7ef0.webp	8	Còn hàng	49
131	Xốt Phô Mai Cay	30 gram	20000.00	assets/gà-rán-chicken-plus-nguyễn-văn-linh-xốt-phô-mai-cay-nhỏ-109967ff40.webp	8	Còn hàng	49
132	Xốt Kem Hành 	30 gram	10000.00	assets/gà-rán-chicken-plus-nguyễn-văn-linh-xốt-kem-hành-nhỏ-9bbf436e73.webp	8	Còn hàng	49
133	Xốt Hoàng Kim 	30 gram	20000.00	assets/gà-rán-chicken-plus-nguyễn-văn-linh-xốt-hoàng-kim-nhỏ-9610dedba1.webp	8	Còn hàng	49
134	Bột Phô Mai 	10 gram	5000.00	assets/gà-rán-chicken-plus-nguyễn-văn-linh-bột-phô-mai-nhỏ-272f65aa90.webp	8	Còn hàng	49
135	Xốt Ngũ Vị	100 gram	10000.00	assets/gà-rán-chicken-plus-nguyễn-văn-linh-xốt-ngũ-vị-df7c486da8.webp	8	Còn hàng	49
136	Coca Cola	Coca Cola	15000.00	assets/gà-rán-chicken-plus-nguyễn-văn-linh-coca-cola-2317ad28bf.webp	7	Còn hàng	49
137	Sprite	Sprite	15000.00	assets/gà-rán-chicken-plus-nguyễn-văn-linh-sprite-68057b3cff.webp	7	Còn hàng	49
138	Fanta	Fanta	15000.00	assets/gà-rán-chicken-plus-nguyễn-văn-linh-fanta-b57b513947.webp	7	Còn hàng	49
139	Dasani	Dasani	15000.00	assets/gà-rán-chicken-plus-nguyễn-văn-linh-dasani-89efa07e5d.webp	7	Còn hàng	49
140	Nước Ngọt Tươi	Nước Ngọt Tươi	15000.00	assets/gà-rán-chicken-plus-nguyễn-văn-linh-nước-ngọt-tươi-3fc6d56057.webp	7	Còn hàng	49
141	Combo Cheese Lover + Pepsi	Combo Cheese Lover + Pepsi	67000.00	assets/roma-pizza-ngô-thì-nhậm-combo-cheese-lover-pepsi-2b43304564.webp	10	Còn hàng	50
142	Combo SEAFOOD PESTO + Pepsi	Combo SEAFOOD PESTO + Pepsi	96000.00	assets/roma-pizza-ngô-thì-nhậm-combo-seafood-pesto-pepsi-472331532d.webp	10	Còn hàng	50
143	Combo Pepperoni + Pepsi	Combo Pepperoni + Pepsi	72000.00	assets/roma-pizza-ngô-thì-nhậm-combo-pepperoni-pepsi-3172fd2a80.webp	10	Còn hàng	50
144	Combo Minced Beef + Pepsi	Combo Minced Beef + Pepsi	82000.00	assets/roma-pizza-ngô-thì-nhậm-combo-minced-beef-pepsi-038739c461.webp	10	Còn hàng	50
145	Combo Mì Ý bò băm + Pepsi	Combo Mì Ý bò băm + Pepsi	68000.00	assets/roma-pizza-ngô-thì-nhậm-combo-mì-ý-bò-băm-pepsi-07ca21928a.webp	10	Còn hàng	50
146	Combo Pizza Xúc Xích + Nước Ngọt	1 Pz xúc xích size S ( đế tươi) + 1 Nước Ngọt	82000.00	assets/roma-pizza-ngô-thì-nhậm-combo-pizza-xúc-xích-nước-ngọt-9f74eb0a9d.webp	10	Còn hàng	50
147	Combo Pizza Gà + Nước Ngọt	1 Pz Gà size S đế tươi + 1 Nước Ngọt	92000.00	assets/roma-pizza-ngô-thì-nhậm-combo-pizza-gà-nước-ngọt-42020a009f.webp	10	Còn hàng	50
148	Combo Pizza Bò Xúc Xích + Nước Ngọt	1 Pz Bò xúc xích size S đế tươi+ 1 Nước Ngọt	102000.00	assets/roma-pizza-ngô-thì-nhậm-combo-pizza-bò-xúc-xích-nước-ngọt-0708b5d432.webp	10	Còn hàng	50
149	Combo Pizza Hải Sản + Nước Ngọt	1 Pz hải sản size S đế tươi + 1 nước ngọt	106000.00	assets/roma-pizza-ngô-thì-nhậm-combo-pizza-hải-sản-nước-ngọt-65ba20f9dc.webp	10	Còn hàng	50
150	Cheese Lover	Pizza phô mai Mozzarella	54000.00	assets/roma-pizza-ngô-thì-nhậm-cheese-lover-5e381bda7d.webp	9	Còn hàng	50
151	Pepperoni	Pizza Xúc Xích	59000.00	assets/roma-pizza-ngô-thì-nhậm-pepperoni-32c1fa3cf8.webp	9	Còn hàng	50
152	Veggie Supreme	Pizza Rau Củ Chay	59000.00	assets/roma-pizza-ngô-thì-nhậm-pepperoni-32c1fa3cf8.webp	9	Còn hàng	50
153	SEAFOOD OCEAN	Pizza Hải Sản sốt cà chua với tôm, mực, thanh cua, xúc xích sợi, ớt chuông, hành tây phủ phô mai Mozzarella	88000.00	assets/roma-pizza-ngô-thì-nhậm-seafood-ocean-d19a2bf2a0.webp	9	Còn hàng	50
154	SEAFOOD PESTO	Pizza Hải Sản sốt Pesto với tôm, mực, thanh cua, xúc xích sợi, ớt chuông, hành tây phủ phô mai Mozzarella	88000.00	assets/roma-pizza-ngô-thì-nhậm-seafood-pesto-bd3d51181e.webp	9	Còn hàng	50
155	Minced Beef	Pizza Bò Băm, ớt chuông, hành tây phủ phomai Mozzarell	69000.00	assets/roma-pizza-ngô-thì-nhậm-minced-beef-2c02b8cfc0.webp	9	Còn hàng	50
156	BBQ Chicken	Pizza gà, ớt chuông, hành tây, sốt cà chua phủ phomai Mozzarell	69000.00	assets/roma-pizza-ngô-thì-nhậm-bbq-chicken-0fbaa3bb48.webp	9	Còn hàng	50
157	Hawaiian Paradise	Pizza thịt nguội, sốt cà chua, ớt chuông, hành tây, thơm phủ phomai Mozzarella	69000.00	assets/roma-pizza-ngô-thì-nhậm-hawaiian-paradise-d2fc1ea119.webp	9	Còn hàng	50
158	Roma Lover	Pizza sốt bò bằm, xúc xích, bắp, rau củ, phủ phomai Mozzarella	79000.00	assets/roma-pizza-ngô-thì-nhậm-roma-lover-6665e547a7.webp	9	Còn hàng	50
159	Beef Sausage Set	Pizza bò băm, ớt chuông, hành tây phủ xúc xích lát, phomai Mozzarell	79000.00	assets/roma-pizza-ngô-thì-nhậm-beef-sausage-set-cb14c6f8da.webp	9	Còn hàng	50
160	Beef Ham Supreme	Pizza Bò Băm, Jambon phủ phomai Mozzarella	79000.00	assets/roma-pizza-ngô-thì-nhậm-beef-ham-supreme-bf659efbc7.webp	9	Còn hàng	50
161	Chicken Ham Supreme	Pizza gà, thịt ham, sốt cà chua, hành tây, ớt chuông phủ thịt nguội và phomao Mozzarell	79000.00	assets/roma-pizza-ngô-thì-nhậm-chicken-ham-supreme-5741bba52f.webp	9	Còn hàng	50
162	Chicken Sausage Set	Pizza Gà, sốt cà chua, ớt chuông, hành tây phủ xúc xích lát và phomai Mozzarella	79000.00	assets/roma-pizza-ngô-thì-nhậm-chicken-ham-supreme-5741bba52f.webp	9	Còn hàng	50
163	Fisherman	Pizza Tuna Sốt Thanh Cua	124000.00	assets/roma-pizza-ngô-thì-nhậm-fisherman-e32a3a73f6.webp	9	Còn hàng	50
164	Supreme Meat Lover	Pizza thịt xông khói, xúc xích, sốt Kid phủ phomai Mozzarella	129000.00	assets/roma-pizza-ngô-thì-nhậm-supreme-meat-lover-75abafc9c4.webp	9	Còn hàng	50
165	Happy Half	Pizza 1/2 Bò Băm, 1/2 Hải Sản, ớt chuông,hành tây phủ phomai Mozzarell	134000.00	assets/roma-pizza-ngô-thì-nhậm-happy-half-3a3ce1f2f8.webp	9	Còn hàng	50
166	Chicken Seaf	Pizza 1/2 Hải Sản, 1/2 Gà, ớt chuôn hành tây phủ phomai Mozzarell	134000.00	assets/roma-pizza-ngô-thì-nhậm-chicken-seaf-53089eacd4.webp	9	Còn hàng	50
167	Chicken Beef	Pizza Bò, Gà, Xúc Xích	134000.00	assets/roma-pizza-ngô-thì-nhậm-chicken-beef-abf6afb2e7.webp	9	Còn hàng	50
168	CHAGIO Pizza	Pizza chả giò, nấm, ớt chuông, thơm, sốt cà chua, phủ phomai Mozzarella	124000.00	assets/roma-pizza-ngô-thì-nhậm-chicken-beef-abf6afb2e7.webp	9	Còn hàng	50
169	Baby Set	1 Pizza Bò Xúc Xích + 1 Khoai Tây Chiên + 1 Nước Ngọt	165000.00	assets/roma-pizza-ngô-thì-nhậm-baby-set-f23edd4c2f.webp	10	Còn hàng	50
170	Happy Set	Pizza hải sản M + 1 Mì Ý Bò Bằm + 1 Nước Ngọt	199000.00	assets/roma-pizza-ngô-thì-nhậm-happy-set-bac90f0e60.webp	10	Còn hàng	50
171	Couple Set	Pizza Gà size M + Tuna Salad + 1 Coca/Pepsi	177000.00	assets/roma-pizza-ngô-thì-nhậm-couple-set-00395356cb.webp	10	Còn hàng	50
172	Kid Set	Pizza Xúc Xích size M + Khoai Tây Chiên + 1 Coca/Pepsi	142000.00	assets/roma-pizza-ngô-thì-nhậm-kid-set-24a1602da1.webp	10	Còn hàng	50
173	Fried Chicken Combo	2 Đùi gà rán + Khoai tây chiên + 1 Pepsi	95000.00	assets/roma-pizza-ngô-thì-nhậm-fried-chicken-combo-c971178b1e.webp	10	Còn hàng	50
174	Smile Set	1 Pizza Bò Xúc Xích, 1 Đùi gà rán, 1 Pepsi	170000.00	assets/roma-pizza-ngô-thì-nhậm-fried-chicken-combo-c971178b1e.webp	10	Còn hàng	50
175	Lucky Set	Pizza size M tùy chọn + Hamburger + 1 Coca/Pepsi	174000.00	assets/roma-pizza-ngô-thì-nhậm-lucky-set-1b6b9aa331.webp	10	Còn hàng	50
176	Mì Ý bò băm	Mỳ Ý bò băm, sốt cà chua đậm vị.	55000.00	assets/roma-pizza-ngô-thì-nhậm-mì-ý-bò-băm-b9ad02761e.webp	3	Còn hàng	50
177	Mì Ý Jambon nấm sốt kem	Mì Ý Nấm, Dăm bông sốt kem nấm béo thơm siêu dính	64000.00	assets/roma-pizza-ngô-thì-nhậm-mì-ý-jambon-nấm-sốt-kem-fce2a4dd0c.webp	3	Còn hàng	50
178	Mì Ý bò băm đút lò	Mì Ý bò băm đút lò phô mai kéo sợi siêu ngon	79000.00	assets/roma-pizza-ngô-thì-nhậm-mì-ý-bò-băm-đút-lò-97c4df6766.webp	3	Còn hàng	50
179	Mì Ý hải sản sốt cà chua	Tôm, Mực, dăm bông, phô mai sốt cà chua vị đậm đà	69000.00	assets/roma-pizza-ngô-thì-nhậm-mì-ý-hải-sản-sốt-cà-chua-4bb07d867f.webp	3	Còn hàng	50
180	Mì Ý hải sản sốt kem	Mỳ Ý hải sản sốt kem nấm béo thơm ăn siêu dính	79000.00	assets/roma-pizza-ngô-thì-nhậm-mì-ý-hải-sản-sốt-kem-61b172e435.webp	3	Còn hàng	50
181	Salad tuna	Ngon bá cháy với cá ngừ tươi, rau xanh và bắp ngọt.	58000.00	assets/roma-pizza-ngô-thì-nhậm-salad-tuna-17354fbc1a.webp	5	Còn hàng	50
182	Salad sốt caesar	Rau tươi giòn, sốt caesar thơm ngon.	49000.00	assets/roma-pizza-ngô-thì-nhậm-salad-sốt-caesar-e197cd9e97.webp	5	Còn hàng	50
183	Salad trộn dầu giấm	Salad trộn dầu giấm	45000.00	assets/roma-pizza-ngô-thì-nhậm-salad-trộn-dầu-giấm-fea1836be6.webp	5	Còn hàng	50
184	Khoai tây chiên	Khoai tây chiên giòn tan, thơm ngon.	30000.00	assets/roma-pizza-ngô-thì-nhậm-khoai-tây-chiên-7e2f72e760.webp	4	Còn hàng	50
185	Hamburger Bò	Bò tươi mềm, hương vị béo ngậy	39000.00	assets/roma-pizza-ngô-thì-nhậm-khoai-tây-chiên-7e2f72e760.webp	2	Còn hàng	50
186	Soda việt quất	Soda việt quất	20000.00	assets/roma-pizza-ngô-thì-nhậm-soda-việt-quất-aa1e040f9d.webp	7	Còn hàng	50
187	Soda dâu	Soda dâu	20000.00	assets/roma-pizza-ngô-thì-nhậm-soda-dâu-b2053f0970.webp	7	Còn hàng	50
188	Soda bạc hà	Soda bạc hà	20000.00	assets/roma-pizza-ngô-thì-nhậm-soda-dâu-b2053f0970.webp	7	Còn hàng	50
189	Soda đào	Soda đào	20000.00	assets/roma-pizza-ngô-thì-nhậm-soda-dâu-b2053f0970.webp	7	Còn hàng	50
190	Soda chanh	Soda chanh	20000.00	assets/roma-pizza-ngô-thì-nhậm-soda-chanh-744a6203e1.webp	7	Còn hàng	50
191	Pepsi	Pepsi	18000.00	assets/roma-pizza-ngô-thì-nhậm-pepsi-b91ce9f5da.webp	7	Còn hàng	50
192	7UP	7UP	18000.00	assets/roma-pizza-ngô-thì-nhậm-7up-b422472225.webp	7	Còn hàng	50
193	Aquafina	Aquafina	10000.00	assets/roma-pizza-ngô-thì-nhậm-aquafina-b048193f74.webp	7	Còn hàng	50
194	Cam vắt	Nước cam tươi mát lạnh, giải nhiệt.	25000.00	assets/roma-pizza-ngô-thì-nhậm-aquafina-b048193f74.webp	7	Còn hàng	50
195	Nước chanh	Nước chanh	20000.00	assets/roma-pizza-ngô-thì-nhậm-nước-chanh-d790ce6ff0.webp	7	Còn hàng	50
196	Nước chanh dây	Giải khát tươi mát với chanh dây thơm ngon.	22000.00	assets/roma-pizza-ngô-thì-nhậm-nước-chanh-dây-5aada9ca32.webp	7	Còn hàng	50
197	Trà đào	Trà đào mát lạnh, hương vị thơm ngon.	25000.00	assets/roma-pizza-ngô-thì-nhậm-trà-đào-4089af321e.webp	7	Còn hàng	50
198	Lipton đá	Lipton đá	22000.00	assets/roma-pizza-ngô-thì-nhậm-trà-đào-4089af321e.webp	7	Còn hàng	50
199	Bít tết sốt kem nấm	100g bò Mỹ, khoai tây chiên, salad, 1/2 bánh mì, sốt kem nấm	98000.00	assets/roma-pizza-ngô-thì-nhậm-bít-tết-sốt-kem-nấm-1399143eb5.webp	5	Còn hàng	50
200	Bít tết sốt tiêu xanh	100g bò Mỹ, khoai tây chiên, salad, sandwich, sốt tiêu xanh	98000.00	assets/roma-pizza-ngô-thì-nhậm-bít-tết-sốt-kem-nấm-1399143eb5.webp	5	Còn hàng	50
201	Bít tết sốt BBQ	Bò Mỹ 100g, khoai tây chiên, salad, sốt BBQ, bánh mì sandwich	98000.00	assets/roma-pizza-ngô-thì-nhậm-bít-tết-sốt-bbq-db6e1f73bf.webp	5	Còn hàng	50
202	COCA COLA	1 lon	25000.00	assets/mad-burger-coca-cola-60e861b622.webp	7	Còn hàng	51
203	Combo Cheese Burger + Coca-Cola	Combo Cheese Burger + Coca-Cola	164000.00	assets/mad-burger-combo-cheese-burger-coca-cola-f7c63c0ed6.webp	2	Còn hàng	51
204	Combo Bacon Chesse Burger + Coca-Cola	Combo Bacon Chesse Burger + Coca-Cola	170000.00	assets/mad-burger-combo-bacon-chesse-burger-coca-cola-3f99f0ac38.webp	2	Còn hàng	51
205	Combo Chicken Original + Coca-Cola	Combo Chicken Original + Coca-Cola	184000.00	assets/mad-burger-combo-chicken-original-coca-cola-08ebc7dd33.webp	1	Còn hàng	51
206	Combo Bacon chesse burger (C) + Coca-Cola	Combo Bacon chesse burger (C) + Coca-Cola	225000.00	assets/mad-burger-combo-bacon-chesse-burger-c-coca-cola-5ad29abcb8.webp	2	Còn hàng	51
207	Cheese Burger	Cheese Burger	139000.00	assets/mad-burger-cheese-burger-4825db76d3.webp	2	Còn hàng	51
208	Khoai tây chiên	200g	89000.00	assets/mad-burger-khoai-tây-chiên-dde9b154ff.webp	4	Còn hàng	51
209	Bacon Chesse Burger	Bacon Chesse Burger	145000.00	assets/mad-burger-bacon-chesse-burger-25984bd06d.webp	2	Còn hàng	51
210	Chicken Original	Chicken Original	159000.00	assets/mad-burger-chicken-original-f502387081.webp	1	Còn hàng	51
211	Gà Popcorn 🍿🍿🍿	300g	169000.00	assets/mad-burger-gà-popcorn-409753341d.webp	5	Còn hàng	51
212	Bacon chesse burger (C)	Bacon chesse burger (C)	200000.00	assets/mad-burger-bacon-chesse-burger-c-bd6213c7fe.webp	2	Còn hàng	51
213	Chesse Burger (C)	Chesse Burger (C)	190000.00	assets/mad-burger-chesse-burger-c-9b7b17d572.webp	2	Còn hàng	51
214	10 (C)	10 (C)	180000.00	assets/mad-burger-mad-burger-c-8733a2446e.webp	2	Còn hàng	51
215	10	10	129000.00	assets/mad-burger-mad-burger-597b0501be.webp	2	Còn hàng	51
216	Burger chesse + KTC	200g khoai tây+ 1 bánh burger	269000.00	assets/mad-burger-burger-chesse-ktc-9b987c8482.webp	2	Còn hàng	51
217	Gà Popcorn và Khoai tây chiên	200g ktc và 300g gà	239000.00	assets/mad-burger-gà-popcorn-và-khoai-tây-chiên-3ff712c6c4.webp	5	Còn hàng	51
218	Khoai tây chiên múi câu	200g	119000.00	assets/mad-burger-khoai-tây-chiên-múi-câu-90d0d2bfd3.webp	4	Còn hàng	51
219	Trà lài tắt	hình ảnh chỉ mang tính chất minh hoạ	50000.00	assets/mad-burger-trà-lài-tắt-86e69c5d7b.webp	7	Còn hàng	51
220	Coffe Muối	Coffe Muối	50000.00	assets/mad-burger-coffe-muối-bdf24e175f.webp	7	Còn hàng	51
221	Matcha latte	Matcha latte	50000.00	assets/mad-burger-matcha-latte-98901aee1d.webp	7	Còn hàng	51
222	Nước ép táo( Apple)	táo mỹ nguyên chất	50000.00	assets/mad-burger-nước-ép-táo-apple-0e9e4ef21f.webp	7	Còn hàng	51
223	Water 1.5ML	Water 1.5ML	50000.00	assets/mad-burger-water-15ml-fe463b5dba.webp	7	Còn hàng	51
224	Water 500ml	Water 500ml	20000.00	assets/mad-burger-water-500ml-7027dde823.webp	7	Còn hàng	51
225	House Fries	seasoned french fries served with ketchup. khoai tây chiên ăn kèm với sốt tương cà.	45000.00	assets/chicka-boom-american-fried-chicken-house-fries-54bb27bbab.webp	4	Còn hàng	52
226	Cajun House Fries	seasoned cajun French fries served with ketchup.	48750.00	assets/chicka-boom-american-fried-chicken-cajun-house-fries-95382c40c8.webp	4	Còn hàng	52
227	Spicy House Fries	spicy seasoned french fries served with ketchup.	48750.00	assets/chicka-boom-american-fried-chicken-spicy-house-fries-586b5f6697.webp	4	Còn hàng	52
228	Sweet potato fries	local, hand-cut sweet potato fries served with homemade honey mustard sauce.	48750.00	assets/chicka-boom-american-fried-chicken-sweet-potato-fries-24a8bfba48.webp	4	Còn hàng	52
229	6 pcs strip & fries combo	tender on the inside, crispy on the outside, our chicka strips are finger licking tasty. This combo includes 6 pcs chicka strips & house fries. Comes with ketchup & your choice of sauce.	175000.00	assets/chicka-boom-american-fried-chicken-6-pcs-strip-fries-combo-28b439b823.webp	1	Còn hàng	52
230	6 pcs strip combo platter	tender on the inside, crispy on the outside, our chicka strips are finger licking good. This combo platter comes with: 6 pc strips, fries of your choice, coleslaw, cheesy toast, ketchup & 2 selected sauce. Combo bao gồm 6 thanh gà, khoai tây chiên, bắp cải trộn, sandwich phô mai và 2 sốt tự chọn.	205000.00	assets/chicka-boom-american-fried-chicken-6-pcs-strip-combo-platter-088e900b16.webp	1	Còn hàng	52
231	4 pcs chicka strips	tender on the inside, crispy on the outside, our chicka strips are finger licking tasty. Comes with your choice of sauce.	80000.00	assets/chicka-boom-american-fried-chicken-4-pcs-chicka-strips-c16e638706.webp	1	Còn hàng	52
232	Supreme Chicka	tender on the inside, crispy on the outside, our chicka sandwiches are finger licking good. Loaded with lettuce, tomato, cheese, pickle, jalapenos & our homemade Chicka sauce. Burger gà rán phô mai & ớt lát ngâm.	125000.00	assets/chicka-boom-american-fried-chicken-supreme-chicka-df2fdebb1a.webp	2	Còn hàng	52
233	4 pcs strip & fries combo	tender on the inside, crispy on the outside, our chicka strips are finger licking tasty. This combo includes 4 pcs chicka strips & house fries. Comes with ketchup & your choice of sauce.	135000.00	assets/chicka-boom-american-fried-chicken-4-pcs-strip-fries-combo-c31c9dd2b5.webp	10	Còn hàng	52
234	6 pcs chicka strips	tender on the inside, crispy on the outside, our chicka strips are finger licking tasty. This includes 6 pcs chicka strips. Comes with your choice of sauce.	120000.00	assets/chicka-boom-american-fried-chicken-6-pcs-chicka-strips-74322de44a.webp	10	Còn hàng	52
235	Ranch	Ranch	30000.00	assets/chicka-boom-american-fried-chicken-ranch-263f2eb794.webp	8	Còn hàng	52
236	Habanero	Habanero	30000.00	assets/chicka-boom-american-fried-chicken-habanero-d3292de139.webp	8	Còn hàng	52
237	Black garlic hot sauce	This sauce combines a blend of black garlic, garlic, sweet soy sauce and fresh chillies that will release an unforgettable umami explosion!! A great as a dipping sauce.	30000.00	assets/chicka-boom-american-fried-chicken-black-garlic-hot-sauce-929b8a3687.webp	8	Còn hàng	52
238	Cholula	Cholula	30000.00	assets/chicka-boom-american-fried-chicken-cholula-6349cbbd3f.webp	8	Còn hàng	52
239	Valentina Hot sauce	Valentina Hot sauce	30000.00	assets/chicka-boom-american-fried-chicken-valentina-hot-sauce-31a17a4aab.webp	8	Còn hàng	52
240	Frank's Redhot	Frank's Redhot	30000.00	assets/chicka-boom-american-fried-chicken-franks-redhot-c569e16041.webp	8	Còn hàng	52
241	Blue Cheese	100ml (2oz) container	30000.00	assets/chicka-boom-american-fried-chicken-blue-cheese-ad52ed6307.webp	8	Còn hàng	52
242	Mustard	100ml (2oz) container	20000.00	assets/chicka-boom-american-fried-chicken-mustard-535d73e23b.webp	8	Còn hàng	52
243	Chicka Sauce (honey mustard)	100ml (2oz) container	25000.00	assets/chicka-boom-american-fried-chicken-chicka-sauce-honey-mustard-a12d6025ae.webp	8	Còn hàng	52
244	Smokey Chipotle	100ml (2oz) container	30000.00	assets/chicka-boom-american-fried-chicken-smokey-chipotle-f6dba9d966.webp	8	Còn hàng	52
245	Sweet-n-sour	sweet & tangy. great with our chicka wings & chicka strips.	25000.00	assets/chicka-boom-american-fried-chicken-sweet-n-sour-8d17a3a76d.webp	8	Còn hàng	52
246	Mayonnaise	100ml (2oz) container	25000.00	assets/chicka-boom-american-fried-chicken-mayonnaise-67ea80f98a.webp	8	Còn hàng	52
247	Heinz ketchup	100ml (2oz) container	15000.00	assets/chicka-boom-american-fried-chicken-heinz-ketchup-f5f6e7631f.webp	8	Còn hàng	52
248	Cheesy House fries	seasoned French fries with cheese, fried onion & mayonnaise served with ketchup.	80000.00	assets/chicka-boom-american-fried-chicken-cheesy-house-fries-74331969fd.webp	4	Còn hàng	52
249	Coleslaw	sweet and tangy coleslaw. Bắp cải trộn.	50000.00	assets/chicka-boom-american-fried-chicken-coleslaw-37e9ab624d.webp	5	Còn hàng	52
250	4 pcs chicka wings	Juicy on the inside with a crispy, golden-brown skin, these chicken wings are tossed in a flavorful sauce that perfectly balances sweet, savory, and spicy notes. Each bite offers a delightful crunch followed by tender meat, making them an irresistible treat. 4 pcs chicken wings. 4 cánh gà chiên.	80000.00	assets/chicka-boom-american-fried-chicken-4-pcs-chicka-wings-5c7c15bd83.webp	1	Còn hàng	52
251	6 pcs chicka wings	Juicy on the inside with a crispy, golden-brown skin, these chicken wings are tossed in a flavorful sauce that perfectly balances sweet, savory, and spicy notes. Each bite offers a delightful crunch followed by tender meat, making them an irresistible treat. 6 pcs chicken wings. 6 cánh gà chiên.	120000.00	assets/chicka-boom-american-fried-chicken-6-pcs-chicka-wings-87af2c3d11.webp	1	Còn hàng	52
252	Chicka Boom	tender on the inside, crispy on the outside, our chicka burgers are finger licking tasty. Loaded with lettuce, pickle & Chicka sauce. Burger gà rán.	95000.00	assets/chicka-boom-american-fried-chicken-chicka-boom-d7353787f4.webp	2	Còn hàng	52
253	Bacon Ranch Chicka	tender on the inside, crispy on the outside, our chicka sandwiches are finger licking good. Loaded with lettuce, tomato, bacon, pickle & our homemade Ranch sauce. Burger gà rán ba rọi và sốt ranch.	125000.00	assets/chicka-boom-american-fried-chicken-bacon-ranch-chicka-10188d04b3.webp	2	Còn hàng	52
254	Redhot Chicka	tender on the inside, crispy on the outside, our chicka burgers are finger licking tasty. Loaded with coleslaw & Frank's Redhot sauce. Burger gà rán cay với bắp cải trộn.	125000.00	assets/chicka-boom-american-fried-chicken-redhot-chicka-b79a2f5b14.webp	2	Còn hàng	52
255	4 pcs strip combo platter	tender on the inside, crispy on the outside, our chicka strips are finger licking good. This combo platter comes with: 4 pcs chicka strips, fries of your choice, coleslaw, cheesy toast, ketchup & selected sauce. Combo gồm 4 thanh gà, khoai tây tự chọn, bắp cải trộn, sandwich phô mai & sốt tự chọn.	170000.00	assets/chicka-boom-american-fried-chicken-4-pcs-strip-combo-platter-7fe95abe7f.webp	10	Còn hàng	52
256	Chicka Boom Combo Platter	tender on the inside, crispy on the outside, our chicka sandwiches are finger licking good. This combo platter comes with: Chickawowow sandwich, fries of your choice, coleslaw, cheesy toast & ketchup. Combo gồm sandwich gà, khoai tây chiên, bắp cải trộn, sandwich phô mai và sốt Chicka.	175000.00	assets/chicka-boom-american-fried-chicken-chicka-boom-combo-platter-9212e57abc.webp	10	Còn hàng	52
257	Bacon Ranch Chicka Combo Platter	tender on the inside, crispy on the outside, our chicka combos are finger licking good. This combo platter comes with: bacon ranch sandwich, fries of your choice, coleslaw, cheesy toast & ketchup. Combo gồm sandwich gà, khoai tây chiên, bắp cải trộn, sandwich phô mai và sốt Chicka.	195000.00	assets/chicka-boom-american-fried-chicken-bacon-ranch-chicka-combo-platter-492849067a.webp	10	Còn hàng	52
258	Supreme Chicka Combo Platter	tender on the inside, crispy on the outside, our chicka combos are finger licking good. This combo platter comes with: supreme chicka sandwich, fries of your choice, coleslaw, cheesy toast & ketchup. Combo gồm sandwich gà, khoai tây chiên, bắp cải trộn, sandwich phô mai và sốt Chicka.	190000.00	assets/chicka-boom-american-fried-chicken-supreme-chicka-combo-platter-676450a9f6.webp	10	Còn hàng	52
259	Redhot Chicka Combo Platter	tender on the inside, crispy on the outside, our chicka combos are finger licking good. This combo platter comes with: Redhot chicka sandwich, fries of your choice, coleslaw, cheesy toast & ketchup. Combo gồm sandwich gà cay, khoai tây chiên, bắp cải trộn, sandwich phô mai và sốt Chicka.	190000.00	assets/chicka-boom-american-fried-chicken-redhot-chicka-combo-platter-ea396d5650.webp	10	Còn hàng	52
260	American Hot Dog	The quintessential American hot dog is a simple yet classic street food. The combination of ketchup, relish & mustard creates a harmonious balance of sweet, tangy, and savory flavors, making it a beloved and iconic staple of American cuisine.	65000.00	assets/chicka-boom-american-fried-chicken-american-hot-dog-afa610935f.webp	11	Còn hàng	52
261	New York Hot Dog	The combination of sharp yellow mustard and the tangy sauerkraut creates a balanced and distinctly New York flavor experience. This is a must try!	75000.00	assets/chicka-boom-american-fried-chicken-new-york-hot-dog-ed1a590363.webp	11	Còn hàng	52
262	Chicago Hot Dog	Our Chicago-style hot dog comes with everything—mustard, relish, celery salt, chopped onions, sliced tomatoes, pickle & jalapenos. It's a long-time family favorite.	80000.00	assets/chicka-boom-american-fried-chicken-chicago-hot-dog-faaa12195b.webp	11	Còn hàng	52
263	L.A. Street Hot Dog	This Golden State's iconic loaded hot dog is packed with flavor. Bacon-wrapped with grilled veggies and with mustard, mayo & ketchup.	80000.00	assets/chicka-boom-american-fried-chicken-la-street-hot-dog-9701b4b889.webp	11	Còn hàng	52
264	Bratwurst	Bratwurst is a popular food in Germany and has also become a beloved dish in the American Midwest. Served with sauerkraut, grilled veggies & mustard.	80000.00	assets/chicka-boom-american-fried-chicken-bratwurst-cc398e0a6c.webp	11	Còn hàng	52
265	Aquafina water	Aquafina water	15000.00	assets/chicka-boom-american-fried-chicken-aquafina-water-4b58d9995a.webp	7	Còn hàng	52
266	Coke	Coke	28000.00	assets/chicka-boom-american-fried-chicken-coke-249ec9ef61.webp	7	Còn hàng	52
267	Coke Zero	Coke Zero	28000.00	assets/chicka-boom-american-fried-chicken-coke-zero-cbe9a18965.webp	7	Còn hàng	52
268	Fanta Orange	Fanta Orange	28000.00	assets/chicka-boom-american-fried-chicken-fanta-orange-ac0e7bb18a.webp	7	Còn hàng	52
269	Fanta Grape	Fanta Grape	28000.00	assets/chicka-boom-american-fried-chicken-fanta-grape-0fc082aadc.webp	7	Còn hàng	52
270	Sprite	Sprite	28000.00	assets/chicka-boom-american-fried-chicken-sprite-f1ab0015bf.webp	7	Còn hàng	52
271	Lemonade	Lemonade	42000.00	assets/chicka-boom-american-fried-chicken-lemonade-2ba80bc81c.svg	7	Còn hàng	52
272	Fresh Orange Juice	Fresh Orange Juice	45000.00	assets/chicka-boom-american-fried-chicken-fresh-orange-juice-2ba80bc81c.svg	7	Còn hàng	52
273	Peach Iced Tea	Peach Iced Tea	42000.00	assets/chicka-boom-american-fried-chicken-peach-iced-tea-cdc5776c80.webp	7	Còn hàng	52
274	Strawberry Iced Tea	Strawberry Iced Tea	42000.00	assets/chicka-boom-american-fried-chicken-strawberry-iced-tea-e20b0203ca.webp	7	Còn hàng	52
275	Mango Iced Tea	Mango Iced Tea	42000.00	assets/chicka-boom-american-fried-chicken-mango-iced-tea-c91b6a220d.webp	7	Còn hàng	52
276	Chocolate Milkshake	Chocolate Milkshake	80000.00	assets/chicka-boom-american-fried-chicken-chocolate-milkshake-4cabb57800.webp	7	Còn hàng	52
277	Cookies & Cream Milkshake	Cookies & Cream Milkshake	80000.00	assets/chicka-boom-american-fried-chicken-cookies-cream-milkshake-cce1948b40.webp	7	Còn hàng	52
278	Peanut Butter Milkshake	Peanut Butter Milkshake	80000.00	assets/chicka-boom-american-fried-chicken-peanut-butter-milkshake-2251607f14.webp	7	Còn hàng	52
279	Vanilla Milkshake	Vanilla Milkshake	80000.00	assets/chicka-boom-american-fried-chicken-vanilla-milkshake-4d58716ff5.webp	7	Còn hàng	52
280	Strawberry Milkshake	Strawberry Milkshake	80000.00	assets/chicka-boom-american-fried-chicken-strawberry-milkshake-1a7d3e47cc.webp	7	Còn hàng	52
281	Mango Banana Smoothie	Mango Banana Smoothie	55000.00	assets/chicka-boom-american-fried-chicken-mango-banana-smoothie-0a237b572d.webp	7	Còn hàng	52
282	Strawberry Banana	Strawberry Banana	55000.00	assets/chicka-boom-american-fried-chicken-strawberry-banana-41a6a92966.webp	7	Còn hàng	52
283	Banana Smoothie	Banana Smoothie	55000.00	assets/chicka-boom-american-fried-chicken-banana-smoothie-87dac6814b.webp	7	Còn hàng	52
284	Mango Smoothie	Mango Smoothie	55000.00	assets/chicka-boom-american-fried-chicken-mango-smoothie-d916cff724.webp	7	Còn hàng	52
285	Strawberry Smoothie	Strawberry Smoothie	55000.00	assets/chicka-boom-american-fried-chicken-strawberry-smoothie-4d7a489821.webp	7	Còn hàng	52
286	The UFO	Introducing Chicka Boom's UFO burgers. Our UFO Burgers are not just burgers; they're an otherworldly experience. What is it like eating them? Less mess, burger stay hot & juicy longer. 80gr beef, cheese, lettuce, tomato, pickle, mayo & BBQ sauce. Burger đĩa bay bò & sốt BBQ.	80000.00	assets/chicka-boom-american-fried-chicken-the-ufo-845d7e7b4d.webp	2	Còn hàng	52
287	Big Bang UFO	Introducing Chicka Boom's UFO burgers. Our UFO Burgers are not just burgers; they're an otherworldly experience. What is it like eating them? Less mess, burger stay hot & juicy longer. 160gr beef, cheese, bacon, pickle & mayo. Burger đĩa bay bò, ba rọi & phô mai.	145000.00	assets/chicka-boom-american-fried-chicken-big-bang-ufo-b8b7b15fad.webp	2	Còn hàng	52
288	Sunrise UFO	Introducing Chicka Boom's UFO burgers. Our UFO Burgers are not just burgers; they're an otherworldly experience. What is it like eating them? Less mess, burger stay hot & juicy longer. 80gr beef, cheese, egg & mayo. Burger đĩa bay bò, phô mai & trứng.	85000.00	assets/chicka-boom-american-fried-chicken-sunrise-ufo-8f623d36c8.webp	2	Còn hàng	52
289	Veggie UFO	Introducing Chicka Boom's UFO burgers. Our UFO Burgers are not just burgers; they're an otherworldly experience. What is it like eating them? Less mess, burger stay hot & juicy longer. 2 veggie patties, cheese, lettuce, tomato, pickle, mayo & BBQ sauce. Burger đĩa bay chay.	75000.00	assets/chicka-boom-american-fried-chicken-veggie-ufo-2e502ebeb2.webp	2	Còn hàng	52
290	Veggie Sunrise UFO	Introducing Chicka Boom's UFO burgers. Our UFO Burgers are not just burgers; they're an otherworldly experience. What is it like eating them? Less mess, burger stay hot & juicy longer. Veggie patty, cheese, egg & mayo. Burger đĩa bay chay phô mai & trứng.	85000.00	assets/chicka-boom-american-fried-chicken-veggie-sunrise-ufo-0f878fb993.webp	2	Còn hàng	52
291	Combo (1xGrilled chicken Burger with honey + 2x Burger gà nướng mật ong	Nhập code FREESHIP45, freeship tới 5km	112000.00	assets/ivo-deli-burger-pizza-combo-1xgrilled-chicken-burger-with-honey-2x-burger-gà-nướng-mật-ong-c1204a33fd.webp	10	Còn hàng	53
292	Combo burger Gà nướng mật ong phô mai + coca	Burger gà nướng mật ong hấp dẫn, phô mai béo ngậy, kèm coca lạnh.	60000.00	assets/ivo-deli-burger-pizza-combo-burger-gà-nướng-mật-ong-phô-mai-coca-3562d7e097.webp	10	Còn hàng	53
293	Beef cheese burger (burger bò phô mai)	Beef patty weighted 60g, cabbage, carrot, onion, lettuce and mayo, chilli souce	49990.00	assets/ivo-deli-burger-pizza-beef-cheese-burger-burger-bò-phô-mai-3f7dc25b4a.webp	2	Còn hàng	53
294	Mì Ý bò bằm( minced beefs Spaghetti)	Mì Ý bò bằm( minced beefs Spaghetti)	39990.00	assets/ivo-deli-burger-pizza-mì-ý-bò-bằm-minced-beefs-spaghetti-cd81ef03e0.webp	3	Còn hàng	53
295	Hawaiian burger (burger Hawaiian)	Dứa nướng + bò phô mai (pineapple + beef and cheese)	50000.00	assets/ivo-deli-burger-pizza-hawaiian-burger-burger-hawaiian-a0c141bfbc.webp	2	Còn hàng	53
296	Khoai Tây chiên (potato chips)	Khoai Tây chiên (potato chips)	45000.00	assets/ivo-deli-burger-pizza-khoai-tây-chiên-potato-chips-c72f4cc46e.webp	4	Còn hàng	53
297	Xúc xích Đức chiên giòn	1 cây xúc xích chiên giòn thơm ngon	29999.00	assets/ivo-deli-burger-pizza-xúc-xích-đức-chiên-giòn-387af30372.webp	5	Còn hàng	53
298	Pizza hải sản size S + Coca	Pizza hải sản với phô mai, mực thanh của ,tôm , rau củ hoà quyện sốt cà chua thơm ngon.	129000.00	assets/ivo-deli-burger-pizza-pizza-hải-sản-size-s-coca-ee2c199162.webp	9	Còn hàng	53
299	Trà đào	Trà đào thanh mát, vị đào tươi thơm ngọt, trà xanh nhẹ nhàng.	23000.00	assets/ivo-deli-burger-pizza-trà-đào-c24c2d0fbc.webp	7	Còn hàng	53
300	Xúc xích chiên giòn	1 cây xúc xích chiên giòn thơm ngon	20000.00	assets/ivo-deli-burger-pizza-xúc-xích-chiên-giòn-552c0c5c13.webp	5	Còn hàng	53
301	Bacon Burger (Buger ba rọi xông khói)	Bánh mì với thịt xông khói, rau xà lách và rau xào,sốt	49990.00	assets/ivo-deli-burger-pizza-bacon-burger-buger-ba-rọi-xông-khói-ad3e1f3cb9.webp	2	Còn hàng	53
302	Cheese fried chicken burger (Buger Gà rán phô mai)	Bánh mì gà rán phô mai với thịt gà giòn, phô mai béo ngậy.	49990.00	assets/ivo-deli-burger-pizza-cheese-fried-chicken-burger-buger-gà-rán-phô-mai-a31f2ab4ab.webp	2	Còn hàng	53
303	German sausage Burger ( Burger xúc xích Đức)	Xúc xích Đức thơm ngon, sốt mayonnaise và vỏ bánh thơm hấp dẫn.	49990.00	assets/ivo-deli-burger-pizza-german-sausage-burger-burger-xúc-xích-đức-e27827b62b.webp	2	Còn hàng	53
304	Bacon burger( burger ba rọi xông khói)	Bánh burger với ba rọi xông khói, rau xà lách tươi ngon.	49990.00	assets/ivo-deli-burger-pizza-bacon-burger-burger-ba-rọi-xông-khói-7afef2a3af.webp	2	Còn hàng	53
305	Grilled chicken Burger with honey ( burger gà nướng mật ong)	Bánh mì gà nướng mật ong, rau xanh tươi mát, vị ngọt hấp dẫn.,cay nhẹ	39990.00	assets/ivo-deli-burger-pizza-grilled-chicken-burger-with-honey-burger-gà-nướng-mật-ong-bec836e839.webp	2	Còn hàng	53
306	chicken burger (burger gà rán)	chicken burger (burger gà rán)	39990.00	assets/ivo-deli-burger-pizza-chicken-burger-burger-gà-rán-5ed0c62b0c.webp	2	Còn hàng	53
307	Cheese beef burger mixed with bacon ( burger bò phô mai mix thịt xông khói)	Bánh burger bò phô mai, thịt xông khói giòn tan, rau xanh tươi ngon.	79000.00	assets/ivo-deli-burger-pizza-cheese-beef-burger-mixed-with-bacon-burger-bò-phô-mai-mix-thịt-xông-khói-3a08a6bd0c.webp	2	Còn hàng	53
308	Cheese sausage with burger (Burger xúc xích phô mai)	Xúc xích ,phô mai kết hợp với vỏ bánh burger thơm ngon	49900.00	assets/ivo-deli-burger-pizza-cheese-sausage-with-burger-burger-xúc-xích-phô-mai-fcfdd40f58.webp	2	Còn hàng	53
309	USDA beef bell Burger with BBQ sauce (burger ba chỉ bò Mỹ sốt BBQ)	Bánh burger bò Mỹ thơm ngon, sốt BBQ, rau tươi mát.	49999.00	assets/ivo-deli-burger-pizza-usda-beef-bell-burger-with-bbq-sauce-burger-ba-chỉ-bò-mỹ-sốt-bbq-6b3e429732.webp	2	Còn hàng	53
310	Seafood pizza ( pizza hải sản)	Seafood pizza ( pizza hải sản)	169990.00	assets/ivo-deli-burger-pizza-seafood-pizza-pizza-hải-sản-d1dcf6ef66.webp	9	Còn hàng	53
311	Mixed pizza (Pizza thập cẩm)	Mixed pizza (Pizza thập cẩm)	169990.00	assets/ivo-deli-burger-pizza-mixed-pizza-pizza-thập-cẩm-abf94fecb1.webp	9	Còn hàng	53
312	BBQ all meats pizza( pizza các loại thịt sốt BBQ)	IVO DELI special pizza including grilled chicken with honey, beef belly, bacon, mozzarella and cheddar with bbq sauce	169990.00	assets/ivo-deli-burger-pizza-bbq-all-meats-pizza-pizza-các-loại-thịt-sốt-bbq-d0431b0c50.webp	9	Còn hàng	53
313	Grilled Chicken with honey pizza (Pizza gà nướng mật ong )	Grilled Chicken with honey pizza (Pizza gà nướng mật ong )	169990.00	assets/ivo-deli-burger-pizza-grilled-chicken-with-honey-pizza-pizza-ga-nương-mât-ong-07a18453db.webp	9	Còn hàng	53
314	Veggies pizza (Pizza rau)	Pizza rau	159990.00	assets/ivo-deli-burger-pizza-veggies-pizza-pizza-rau-236491f3ae.webp	9	Còn hàng	53
315	USA beef belly pizza (Pizza ba chỉ bò mỹ )	Pizza ba chỉ bò mỹ	169990.00	assets/ivo-deli-burger-pizza-usa-beef-belly-pizza-pizza-ba-chỉ-bò-my-7eb0ccc2b3.webp	9	Còn hàng	53
316	Hawaiian pizza ( dứa nướng và thịt xông khói)	Pizza Hawaii (dứa nướng và thịt xông khói)	169990.00	assets/ivo-deli-burger-pizza-hawaiian-pizza-dứa-nương-va-thit-xông-khoi-5e01b6b734.webp	9	Còn hàng	53
317	Pork sausage pizza (Pizza xúc xích heo)	Pizza xúc xích heo	159990.00	assets/ivo-deli-burger-pizza-pork-sausage-pizza-pizza-xuc-xich-heo-8b5f7d536a.webp	9	Còn hàng	53
318	minced beef pizza (Pizza bò bằm )	Pizza bò bằm	169990.00	assets/ivo-deli-burger-pizza-minced-beef-pizza-pizza-bo-băm-039ead7d94.webp	9	Còn hàng	53
319	cheese Pizza (pizza phô mai )	pizza phô mai	159000.00	assets/ivo-deli-burger-pizza-cheese-pizza-pizza-phô-mai-f1c96a4918.webp	9	Còn hàng	53
320	Coca	Coca	15000.00	assets/ivo-deli-burger-pizza-coca-c0645afa60.webp	7	Còn hàng	53
321	Trà chanh	Trà chanh	22000.00	assets/ivo-deli-burger-pizza-trà-chanh-7597857117.webp	7	Còn hàng	53
322	Trà tắc	Trà tắc	19990.00	assets/ivo-deli-burger-pizza-trà-tắc-44e81705b7.webp	7	Còn hàng	53
323	Cà phê sữa Sài gòn	Cà phê sữa Sài gòn	19000.00	assets/ivo-deli-burger-pizza-cà-phê-sưa-sài-gòn-4141f4df2b.webp	7	Còn hàng	53
324	Cà phê sữa Sài Gòn	Cà phê sữa Sài Gòn	19000.00	assets/ivo-deli-burger-pizza-cà-phê-sữa-sài-gòn-335e4c2ee5.webp	7	Còn hàng	53
325	ăn vặt thập Cẩm (mixed snacks)	gà rán,mực rán,cá viên..., chiên giòn	49999.00	assets/ivo-deli-burger-pizza-ăn-vặt-thập-cẩm-mixed-snacks-9e259d8de9.webp	5	Còn hàng	53
326	Gà rán phần chiên giòn lắc phô mai(Crispy fried chicken with cheese shake)	miếng gà chiên giòn lắc phô mai,quán không bán đùi haycánh gà nha quý khách	49990.00	assets/ivo-deli-burger-pizza-gà-rán-phần-chiên-giòn-lắc-phô-maicrispy-fried-chicken-with-cheese-shake-0203cbee7b.webp	1	Còn hàng	53
327	Khoai tây chiên lắc phô mai (French fries shaken with cheese)	Khoai tây chiên lắc phô mai (French fries shaken with cheese)	49999.00	assets/ivo-deli-burger-pizza-khoai-tây-chiên-lắc-phô-mai-french-fries-shaken-with-cheese-0792985c2e.webp	4	Còn hàng	53
328	Combo burger Gà rán phô mai + coca	Bánh burger gà rán phô mai giòn, rau xà lách tươi mát, với coca mát lạnh	65000.00	assets/ivo-deli-burger-pizza-combo-burger-gà-rán-phô-mai-coca-90640781b9.webp	10	Còn hàng	53
329	Pizza bò sze s + coca	Pizza bò sze s với lớp phô mai béo ngậy, thịt bò tươi ngon cùng rau củ	129000.00	assets/ivo-deli-burger-pizza-pizza-bò-sze-s-coca-029ee15a1e.webp	10	Còn hàng	53
330	Pizza toping xúc xích và bò Size S+ coca	Pizza nhỏ với xúc xích, bò, và rau củxanh tươi ngon hoà nguyện với phô mai	129000.00	assets/ivo-deli-burger-pizza-pizza-toping-xúc-xích-và-bò-size-s-coca-90ab12703e.webp	10	Còn hàng	53
331	Pizza Thập cẩm sze S + coca	Pizza thập cẩm với xúc xích, gà, phô mai và bò, thanh cua, tôm ,mực ,rau củ	129000.00	assets/ivo-deli-burger-pizza-pizza-thập-cẩm-sze-s-coca-d2535c98d8.webp	10	Còn hàng	53
332	Pizza ba rọi xông khói size S + Coca	Pizza ba rọi xông khói, phô mai, sốt cà chua, ba rọi ,rau củ hoà quyện sốt BBQ	129000.00	assets/ivo-deli-burger-pizza-pizza-ba-rọi-xông-khói-size-s-coca-ff53da3766.webp	10	Còn hàng	53
333	Pizza rau củ size S + Coca	Pizza rau củ nhỏ với hành tây, cà chua và ớt chuông xanh giòn tan chảy cùng phô mai thơm ngậy	119900.00	assets/ivo-deli-burger-pizza-pizza-rau-củ-size-s-coca-f2d674058b.webp	10	Còn hàng	53
334	Pizza phô mai + coca	Pizza phô mai nóng chảy, thơm ngon, giòn rụm, ăn kèm Coca.	119900.00	assets/ivo-deli-burger-pizza-pizza-phô-mai-coca-0138b9c640.webp	10	Còn hàng	53
335	Spaghetti with sausage and eggs (Mì ý xúc xích và trứng)	mì , sốt. xúc xích,trứng	49990.00	assets/ivo-deli-burger-pizza-spaghetti-with-sausage-and-eggs-mì-ý-xúc-xích-và-trứng-c9b3de3774.webp	3	Còn hàng	53
336	Mì ý thập Cẩm ( Mixeds Spaghetti)	Mì ý thập Cẩm ( Mixeds Spaghetti)	59999.00	assets/ivo-deli-burger-pizza-mì-ý-thập-cẩm-mixeds-spaghetti-fdbbee1bec.webp	3	Còn hàng	53
337	Mì ý phô mai ( chesse Spaghetti)	mì sốt phômai	49990.00	assets/ivo-deli-burger-pizza-mì-ý-phô-mai-chesse-spaghetti-d81b20ef78.webp	3	Còn hàng	53
338	Mì ý thịt nướng ( Grilled Spaghetti)	mì sốt và thịt nướng	49999.00	assets/ivo-deli-burger-pizza-mì-ý-thịt-nướng-grilled-spaghetti-3b9cf1aa9d.webp	3	Còn hàng	53
339	Mì ý xúc xích ( Pord sausage Spaghetti)	mì sốt và xúc xích	49990.00	assets/ivo-deli-burger-pizza-mì-ý-xúc-xích-pord-sausage-spaghetti-a3ae343b14.webp	3	Còn hàng	53
340	Mì ý gà rán( chicken Spaghetti)	mì sốt và gà rán	49990.00	assets/ivo-deli-burger-pizza-mì-ý-gà-rán-chicken-spaghetti-3b2762e254.webp	3	Còn hàng	53
341	Meal for 4 - Phần ăn 4 người (there's pizza - có pizza)	2 pizza +1 anyburger+ 1 french fries + 1 spaghetti + 2 bottles drinks (2 pizza bất kỳ+ 1 burger bất kỳ + 1 khoai tây chiên + 1 mỳ Ý bò băm + 2 chai nước ngọt)	459000.00	assets/ivo-deli-burger-pizza-meal-for-4-phần-ăn-4-người-theres-pizza-có-pizza-69cdcdd1eb.webp	10	Còn hàng	53
342	Meal for 3 - Phần ăn 3 người (there's pizza - có pizza)	1 pizza chicken with honey+ 1 burger chiken ,1 burger bò+ 1 french fries + 2soft drink (1 pizza gà mật ong + 1 burger gà rán + 1 burger bò+ 1 khoai tây chiên + 2 chai nước ngọt kèm 3 ly đá)	320000.00	assets/ivo-deli-burger-pizza-meal-for-3-phần-ăn-3-người-theres-pizza-có-pizza-d0aab3a94a.webp	10	Còn hàng	53
343	Meal for 2 - Phần ăn 2 người (there's pizza - có pizza)	1 pizza chicken with honey+ 1 Burger beef with cheese + 1 French fries + 1 nước ngọt chai kèm 2 ly đá (1 pizza gà nướng mật ong + 1 Burger bò fomai+ 1 khoai tây chiên lớn + 1 bottle of soft drink with 2 glasses of ice)	279900.00	assets/ivo-deli-burger-pizza-meal-for-2-phần-ăn-2-người-theres-pizza-có-pizza-090c1a6b27.webp	10	Còn hàng	53
344	Phần ăn 2 người ( meal for 2 )không có Pizza	1 Burgergà nướng mật ong+ 1buger bò+ 1 khoai tây chiên lớn + 1 nươcs ngọt chai kèm 2 ly đá 2 any burger + 1 French fries + 1 bottle of soft drink with 2 glasses of ice )	159990.00	assets/ivo-deli-burger-pizza-phần-ăn-2-người-meal-for-2-không-có-pizza-391e6a3662.webp	10	Còn hàng	53
345	Kem Dừa 65gr	Kem Dừa 65gr	25000.00	\N	6	Còn hàng	53
346	Kem Bạc Hà-Mint cookies (hộp 380gr)	Kem Bạc Hà-Mint cookies (hộp 380gr)	119000.00	assets/ivo-deli-burger-pizza-kem-bac-ha-mint-cookies-hôp-380gr-39167dd171.webp	6	Còn hàng	53
347	Kem Chanh dây-Passion fruit (hộp 65gr)	Kem Chanh dây-Passion fruit (hộp 65gr)	25000.00	assets/ivo-deli-burger-pizza-kem-chanh-dây-passion-fruit-hôp-65gr-6cddfc13e1.webp	6	Còn hàng	53
348	Kem Chanh-lime sorbet (hộp 65gr )	Kem Chanh-lime sorbet (hộp 65gr )	25000.00	assets/ivo-deli-burger-pizza-kem-chanh-lime-sorbet-hôp-65gr-9388325878.webp	6	Còn hàng	53
349	Kem Bạc hà -Mint cookies(hộp 65gr)	Kem Bạc hà -Mint cookies(hộp 65gr)	25000.00	assets/ivo-deli-burger-pizza-kem-bạc-hà-mint-cookieshộp-65gr-c6720df453.webp	6	Còn hàng	53
350	Kem Xoài-mango sorbet (hộp 65gr)	Kem Xoài-mango sorbet (hộp 65gr)	25000.00	assets/ivo-deli-burger-pizza-kem-xoai-mango-sorbet-hôp-65gr-59112a1bee.webp	6	Còn hàng	53
351	Kem Socola Bỉ (hộp 65gr)	Kem Socola Bỉ (hộp 65gr)	25000.00	assets/ivo-deli-burger-pizza-kem-socola-bi-hôp-65gr-b7cf8a579c.webp	6	Còn hàng	53
352	Kem Dâu -strawberry sorbet (hộp 65gr)	Kem Dâu -strawberry sorbet (hộp 65gr)	25000.00	assets/ivo-deli-burger-pizza-kem-socola-bi-hôp-65gr-b7cf8a579c.webp	6	Còn hàng	53
353	Kem Caramel cookies (hộp 65gr)	Kem Caramel cookies (hộp 65gr)	25000.00	assets/ivo-deli-burger-pizza-kem-socola-bi-hôp-65gr-b7cf8a579c.webp	6	Còn hàng	53
354	Kem Vanilla(380gr)	Kem Vanilla(380gr)	119000.00	assets/ivo-deli-burger-pizza-kem-vanilla380gr-b575f55858.webp	6	Còn hàng	53
355	Kem Sầu Riêng (380gr)	Kem Sầu Riêng (380gr)	149000.00	assets/ivo-deli-burger-pizza-kem-sầu-riêng-380gr-9cb8cc2d75.webp	6	Còn hàng	53
356	Kem Bơ (380gr)	Kem Bơ (380gr)	129000.00	assets/ivo-deli-burger-pizza-kem-bơ-380gr-a41bf7e689.webp	6	Còn hàng	53
357	Kem Nhãn (380gr)	Kem Nhãn (380gr)	119000.00	assets/ivo-deli-burger-pizza-kem-nhan-380gr-42cb8a86b4.webp	6	Còn hàng	53
358	Kem Chanh(380gr)	Kem Chanh(380gr)	99000.00	assets/ivo-deli-burger-pizza-kem-chanh380gr-ecf2a97b7b.webp	6	Còn hàng	53
359	Kem Chanh Dây (380gr)	Kem Chanh Dây (380gr)	99000.00	assets/ivo-deli-burger-pizza-kem-chanh-dây-380gr-5020361a9b.webp	6	Còn hàng	53
360	Kem Caramel (380gr)	Kem Caramel (380gr)	119000.00	assets/ivo-deli-burger-pizza-kem-caramel-380gr-b55d19ce23.webp	6	Còn hàng	53
361	Kem Socola Bỉ (380gr)	Kem Socola Bỉ (380gr)	99000.00	assets/ivo-deli-burger-pizza-kem-socola-bỉ-380gr-700d270a00.webp	6	Còn hàng	53
362	Kem Dừa	Kem Ý đóng hộp (380gr)	99000.00	assets/ivo-deli-burger-pizza-kem-dừa-86bc1361b0.webp	6	Còn hàng	53
363	Kem Xoài (380gr)	Kem Xoài (380gr)	99000.00	assets/ivo-deli-burger-pizza-kem-xoài-380gr-60e23a0cc6.webp	6	Còn hàng	53
364	Kem Dâu (380gr)	Kem Dâu (380gr)	99000.00	assets/ivo-deli-burger-pizza-kem-dâu-380gr-ebe0bc5cb0.webp	6	Còn hàng	53
365	Chicka Boom Combo Platter	tender on the inside, crispy on the outside, our chicka sandwiches are finger licking good. This combo platter comes with: Chicka boom sandwich, fries of your choice, coleslaw, cheesy toast & ketchup. Combo gồm sandwich gà, khoai tây chiên, bắp cải trộn, sandwich phô mai và sốt Chicka.	175000.00	assets/fried-chicken-chicka-boom-combo-platter-e07e5ff6c4.webp	10	Còn hàng	54
366	Chicka Supreme Combo Platter	tender on the inside, crispy on the outside, our chicka combos are finger licking good. This combo platter comes with: chicka supreme sandwich, fries of your choice, coleslaw, cheesy toast & ketchup. Combo gồm sandwich gà, khoai tây chiên, bắp cải trộn, sandwich phô mai và sốt Chicka.	190000.00	assets/fried-chicken-chicka-supreme-combo-platter-2a2d0fbcc0.webp	10	Còn hàng	54
367	Redhot Chicka Combo Platter	tender on the inside, crispy on the outside, our chicka combos are finger licking good. This combo platter comes with: Redhot chicka sandwich, fries of your choice, coleslaw, cheesy toast & ketchup. Combo gồm sandwich gà cay, khoai tây chiên, bắp cải trộn, sandwich phô mai và sốt Chicka.	190000.00	assets/fried-chicken-redhot-chicka-combo-platter-b3d084ba69.webp	10	Còn hàng	54
368	Bacon Ranch Chicka Combo Platter	tender on the inside, crispy on the outside, our chicka combos are finger licking good. This combo platter comes with: bacon ranch sandwich, fries of your choice, coleslaw, cheesy toast & ketchup. Combo gồm sandwich gà, khoai tây chiên, bắp cải trộn, sandwich phô mai và sốt Chicka.	185000.00	assets/fried-chicken-bacon-ranch-chicka-combo-platter-bc690a7056.webp	10	Còn hàng	54
369	Penne Pesto - Nui Ý sốt húng quế tây 🌱🍲	Pesto sauce, green olive, tomato cherry, parmesan, fresh basil, garlic, black pepper, olive oil - Sốt húng quế tây, oliu xanh, cà chua bi, parmesan, lá quế tây, tỏi, tiêu, dầu oliu	95000.00	assets/white-olive-pizza-olivia-pizza-penne-pesto-nui-ý-sốt-húng-quế-tây-b62eca4f0b.webp	5	Còn hàng	55
370	Penne al Pomodoro - Nui Ý cà chua 🌱🍝	Tomato sauce, tomato cherry, garlic, black pepper, basil, oregano, parmesan, olive oil - Sốt cà chua, cà chua bi, tỏi, tiêu đen, lá quế tây, bột lá kinh giới khô, parmesan, dầu oliu. Lưu ý: Món này có vị chua nhiều	95000.00	assets/white-olive-pizza-olivia-pizza-penne-al-pomodoro-nui-ý-cà-chua-2997326cbb.webp	5	Còn hàng	55
371	Penne Creamy Chicken Mushroom - Nui Ý gà nấm sốt kem 🍲	Cream, chicken, mushroom, garlic, black pepper, parsley, parmesan, olive oil - Sốt kem, gà, nấm, tỏi, tiêu, ngò tây, parmesan, dầu oliu	125000.00	assets/white-olive-pizza-olivia-pizza-penne-creamy-chicken-mushroom-nui-ý-gà-nấm-sốt-kem-0c4e3c4911.webp	5	Còn hàng	55
372	Penne Creamy Vegetable 🌱 - Nui Ý rau củ 🌱	Sốt kem cà chua, cà chua bi, ớt chuông, hạt oliu, nấm, hành tây, cà tím phô mai parmesan, dầu oliu, black pepper - Creamy Tomato sauce, tomato cherry, bell pepper, olive, mushrooms, onion,eggplant , parmesan, olive oil, tiêu đen.	95000.00	assets/white-olive-pizza-olivia-pizza-penne-creamy-vegetable-nui-ý-rau-củ-c467a9c27a.webp	5	Còn hàng	55
373	Penne Creamy Truffle Mushroom 🌱 - Nui Ý sốt kem nấm Truffle 🌱	Creamy with truffle sauce, mix mushrooms, parmesan, olive oil, black pepper - Sốt kem nấm truffle, nấm tươi, phô mai parmesan, dầu oliu, tiêu đen	135000.00	assets/white-olive-pizza-olivia-pizza-penne-creamy-truffle-mushroom-nui-ý-sốt-kem-nấm-truffle-85d413eb65.webp	5	Còn hàng	55
374	Penne Carbonara - Nui Ý sốt kem trứng 🍲	Cream sauce with egg, bacon, onion, black pepper, parmesan cheese, olive oil - Sốt kem với trứng, thịt heo ba chỉ xông khói, hành tây, tiêu đen, phô mai parmesan, dầu oliu	99000.00	assets/white-olive-pizza-olivia-pizza-penne-carbonara-nui-ý-sốt-kem-trứng-6bae90d244.webp	5	Còn hàng	55
375	Penne Bolognese - Nui Ý bò băm 🍲	Tomato sauce, bolognese (mix pork & beef), basil, parmesan, black pepper - Sốt cà chua, sốt thịt bò bằm, quế tây, phô mai parmesan, tiêu đen	99000.00	assets/white-olive-pizza-olivia-pizza-penne-bolognese-nui-ý-bò-băm-f0083a8609.webp	5	Còn hàng	55
376	Penne Creamy Garlic Shrimp (a little bit spicy) - Nui Ý tôm tỏi (1 ít cay) 🍲	Creamy Tomato sauce, shrimp, garlic, parmesan, black pepper, parsley, chilli flakes - Sốt kem cà chua, tôm, tỏi, phô mai parmesan, tiêu, ngò tây, ớt bột	115000.00	assets/white-olive-pizza-olivia-pizza-penne-creamy-garlic-shrimp-a-little-bit-spicy-nui-ý-tôm-tỏi-1-ít-cay-97cb20386b.webp	5	Còn hàng	55
377	Penne Creamy Seafood Pesto - Nui Ý hải sản sốt húng lá quế tây 🍲	Creamy Pesto sauce, squid, shrimp, parmesan, olive oil, garlic, black pepper - Sốt kem lá húng quế tây, mực, tôm, phô mai parmesan, dầu oliu, tỏi, tiêu đen	125000.00	assets/white-olive-pizza-olivia-pizza-penne-creamy-seafood-pesto-nui-ý-hải-sản-sốt-húng-lá-quế-tây-918e554d81.webp	5	Còn hàng	55
378	Penne Creamy Chicken Pesto - Nui Ý gà sốt lá húng quế tây 🍲	Creamy Pesto sauce, chicken, parmesan, black pepper, garlic, cashew nuts, olive oil - Sốt kem lá húng quế tây, gà, phô mai parmesan, tiêu đen, tỏi, hạt điều, dầu oliu.	125000.00	assets/white-olive-pizza-olivia-pizza-penne-creamy-chicken-pesto-nui-ý-gà-sốt-lá-húng-quế-tây-d192e5ffe1.webp	5	Còn hàng	55
379	Spaghetti Pesto - Mỳ ý sốt húng quế tây 🌱🍝	Pesto sauce, green olive, tomato cherry, parmesan, fresh basil, garlic, black pepper, olive oil - Sốt húng quế tây, oliu xanh, cà chua bi, parmesan, lá quế tây, tỏi, tiêu, dầu oliu	95000.00	assets/white-olive-pizza-olivia-pizza-spaghetti-pesto-mỳ-ý-sốt-húng-quế-tây-628674914d.webp	3	Còn hàng	55
380	Spaghetti al Pomodoro - Mỳ Ý cà chua 🌱🍝	Tomato sauce, tomato cherry, garlic, black pepper, basil, oregano, parmesan, olive oil - Sốt cà chua, cà chua bi, tỏi, tiêu đen, lá quế tây, bột lá kinh giới khô, parmesan, dầu oliu. Lưu ý: Món này có vị chua nhiều	95000.00	assets/white-olive-pizza-olivia-pizza-spaghetti-al-pomodoro-mỳ-ý-cà-chua-62e9222a70.webp	3	Còn hàng	55
381	Spaghetti Creamy Chicken Mushroom - Mỳ Ý gà nấm sốt kem 🍝	Cream, chicken, mushroom, garlic, black pepper, parsley, parmesan, olive oil - Sốt kem, gà, nấm, tỏi, tiêu, ngò tây, parmesan, dầu oliu	125000.00	assets/white-olive-pizza-olivia-pizza-spaghetti-creamy-chicken-mushroom-mỳ-ý-gà-nấm-sốt-kem-90ae6ca6fe.webp	3	Còn hàng	55
382	Spaghetti Aglio e Olio (a little bit spicy) 🌱🍝- Mỳ ý sốt dầu tỏi (cay nhẹ) 🍝	Olive oil, garlic, parsley, chilli flakes, parmesan - Dầu oliu, tỏi, ngò tây, ớt bột, phô mai parmesan	95000.00	assets/white-olive-pizza-olivia-pizza-spaghetti-aglio-e-olio-a-little-bit-spicy-mỳ-ý-sốt-dầu-tỏi-cay-nhẹ-11db3a08b3.webp	3	Còn hàng	55
383	Spaghetti Creamy Chicken Pesto - Mì ý gà và sốt lá húng quế tây 🍝	Creamy Pesto sauce, chicken, parmesan, black pepper, garlic, cashew nuts, olive oil -Sốt kem lá húng quế tây, gà, phô mai parmesan, tiêu đen, tỏi, hạt điều, dầu oliu.	125000.00	assets/white-olive-pizza-olivia-pizza-spaghetti-creamy-chicken-pesto-mì-ý-gà-và-sốt-lá-húng-quế-tây-66610653ef.webp	3	Còn hàng	55
384	Spaghetti Creamy Vegetable 🌱 - Mì ý rau củ 🌱🍝	Sốt kem cà chua, cà chua bi, ớt chuông, hạt oliu, nấm, hành tây, cà tím phô mai parmesan, dầu oliu, black pepper - Creamy Tomato sauce, tomato cherry, bell pepper, olive, mushrooms, onion, eggplant, parmesan, olive oil, tiêu đen	95000.00	assets/white-olive-pizza-olivia-pizza-spaghetti-creamy-vegetable-mì-ý-rau-củ-449fb3617e.webp	3	Còn hàng	55
385	Spaghetti Creamy Trufffle Mushroom 🌱- Mì ý sốt kem nấm Truffle 🌱 🍝	Creamy with truffle sauce, mix mushrooms, parmesan, olive oil, black pepper - Sốt kem nấm truffle, nấm tươi, phô mai parmesan, dầu oliu, tiêu đen	135000.00	assets/white-olive-pizza-olivia-pizza-spaghetti-creamy-trufffle-mushroom-mì-ý-sốt-kem-nấm-truffle-81fe3f6a84.webp	3	Còn hàng	55
386	Spaghetti Creamy Seafood Pesto - Mì ý hải sản sốt pesto 🍝	Creamy Pesto sauce, squid, shrimp, parmesan, olive oil, garlic, black pepper - Sốt kem lá húng quế tây, mực, tôm, phô mai parmesan, dầu oliu, tỏi, tiêu đen	125000.00	assets/white-olive-pizza-olivia-pizza-spaghetti-creamy-seafood-pesto-mì-ý-hải-sản-sốt-pesto-fb4fcc26f0.webp	3	Còn hàng	55
387	Spaghetti Bolognese - Mì ý thịt bò băm 🍝	Tomato sauce, bolognese (mix beef & pork), basil, parmesan, black pepper - Sốt cà chua, sốt thịt bò bằm, quế tây, phô mai parmesan, tiêu đen	99000.00	assets/white-olive-pizza-olivia-pizza-spaghetti-bolognese-mì-ý-thịt-bò-băm-e25f0d3886.webp	3	Còn hàng	55
388	Spaghetti Creamy Garlic Shrimp (a little bit spicy) - Mì ý tôm tỏi (1 ít cay) 🍝	Creamy Tomato sauce, shrimp, garlic, parmesan, black pepper, parsley, chilli flakes - Sốt kem cà chua, tôm, tỏi, phô mai parmesan, tiêu, ngò tây, ớt bột	115000.00	assets/white-olive-pizza-olivia-pizza-spaghetti-creamy-garlic-shrimp-a-little-bit-spicy-mì-ý-tôm-tỏi-1-ít-cay-49a2bb612e.webp	3	Còn hàng	55
389	Spaghetti Carbonara - Mì ý kem trứng 🍝	Cream sauce with egg, bacon, onion, black pepper, parmesan cheese, olive oil - Sốt kem với trứng, thịt heo ba chỉ xông khói, hành tây, tiêu đen, phô mai parmesan, dầu oliu	99000.00	assets/white-olive-pizza-olivia-pizza-spaghetti-carbonara-mì-ý-kem-trứng-f5f40c2d51.webp	3	Còn hàng	55
390	Homemade Fries - Khoai tây chiên 🍟	Homemade Fries - Khoai tây chiên 🍟	55000.00	assets/white-olive-pizza-olivia-pizza-homemade-fries-khoai-tây-chiên-a10bcbca01.webp	4	Còn hàng	55
391	Supreme Olivia Pizza (30cm)	Tomato sauce, pepperoni, Italian sausage, bell pepper, onion, black olive, basil, olive oil - Sốt cà chua, xúc xích khô vị mặn, xúc xích Ý, ớt chuông, hành tây, oliu đen, lá quế tây, dầu oliu.	215000.00	assets/white-olive-pizza-olivia-pizza-supreme-olivia-pizza-30cm-8452d966e0.webp	9	Còn hàng	55
392	Chicken Pesto Pizza - Pizza Gà và Sốt Húng Lá Quế Tây (30cm)	Pesto sauce, chicken, tomato cherry, olive oil. Sốt húng lá quế tây, gà, cà chua, dầu oliu.	190000.00	assets/white-olive-pizza-olivia-pizza-chicken-pesto-pizza-pizza-gà-và-sốt-húng-lá-quế-tây-30cm-22891af87b.webp	9	Còn hàng	55
393	White Pizza (30cm)	Cream sauce, ricotta cheese, goat cheese, parmesan, mozzrella cheese. Sốt kem, phô mai ricotta, phô mai dê, phô mai parmesan, phô mai mozzarella	195000.00	assets/white-olive-pizza-olivia-pizza-white-pizza-30cm-06a9b46c48.webp	9	Còn hàng	55
394	Chicken Jalapeno - Pizza Gà và Ớt Cay Mexico (30cm)	Tomato sauce, Chicken, Jalapeno, Mozzarella, Basil - Sốt cà chua, gà, ớt cay mexico, phô mai mozzarella, lá quế tây	185000.00	assets/white-olive-pizza-olivia-pizza-chicken-jalapeno-pizza-gà-và-ớt-cay-mexico-30cm-ea16186605.webp	9	Còn hàng	55
639	Bánh Croissant Ham & Cheese	Croissant giòn thơm kết hợp với thịt nguội cao cấp và phô mai tan chảy.  Lựa chọn tiện lợi và đầy đủ năng lượng để khởi đầu ngày mới.	59000.00	assets/highlands-coffee-hùng-vương-long-khánh-bánh-croissant-ham-cheese-cc1b847c9b.webp	6	Còn hàng	57
395	Chorizo & Jalapeno - Pizza Xúc Xích Khô Vị Mặn và Ớt Cay Mexico (30cm) 🌶️	Tomato sauce, chorizo, jalapeno,Mozzarella, basil, olive oil - Sốt cà chua, xúc xích chorizo, ớt jalapeno, Mozzarella, quế tây, dầu oliu	190000.00	assets/white-olive-pizza-olivia-pizza-chorizo-jalapeno-pizza-xúc-xích-khô-vị-mặn-và-ớt-cay-mexico-30cm-1557d881c6.webp	9	Còn hàng	55
396	Gourmet Olivia's pizza - Pizza Olivia cao cấp (30cm)	Tomato sauce, mozzarella cheese, parmesan cheese, tomato cheery, fresh mozzarella mini, arugula, prociutto, cream balsamic, olive oil- sốt cà chua, phô mai mozzarella, phô mai parmesan, cà chua bi, rau rocket, phô mai tươi mozzarella, kem giấm balsamic, dầu oliu	260000.00	assets/white-olive-pizza-olivia-pizza-gourmet-olivias-pizza-pizza-olivia-cao-cấp-30cm-3c95e37709.webp	9	Còn hàng	55
397	Truffle Mushroom - Pizza Nấm Tươi và Sốt Kem Nấm Truffle (30cm)	Cream truffle sacuce, mozzarella cheese, parmesan cheese, mix mushroom, olive oil - Sốt kem nấm truffle, phô mai mozzarella, phô mai parmesan, nấm tươi hỗn hợp	205000.00	assets/white-olive-pizza-olivia-pizza-truffle-mushroom-pizza-nấm-tươi-và-sốt-kem-nấm-truffle-30cm-f3cae51057.webp	9	Còn hàng	55
398	Four Cheese - Pizza 4 Loại Phô Mai (30cm)	Cream sauce,Mozzarella cheese, Carmembert, Parmesan, Blue cheese	189000.00	assets/white-olive-pizza-olivia-pizza-four-cheese-pizza-4-loại-phô-mai-30cm-70b97ea402.webp	9	Còn hàng	55
399	Pepperoni - Pizza Xúc Xích Khô Vị Mặn (30cm)	Sốt cà chua, phô mai Mozzarella, xúc xích chorizo, rau quế tây, dầu oliu	179000.00	assets/white-olive-pizza-olivia-pizza-pepperoni-pizza-xúc-xích-khô-vị-mặn-30cm-3e848efa6d.webp	9	Còn hàng	55
400	Chorizo & Ricotta - Pizza Xúc Xích Khô Vị Mặn và Phô Mai Ricotta (30cm)	Cream sauce, chorizo, ricotta, mozzarella, purple onions, chilli flakes, basil, olive oil. Sốt kem, xúc xích khô vị mặn, phô mai ricotta, hành tây tím, phô mai mozzarella, ớt bột, quế tây, dầu oliu	195000.00	assets/white-olive-pizza-olivia-pizza-chorizo-ricotta-pizza-xúc-xích-khô-vị-mặn-và-phô-mai-ricotta-30cm-4e6b70e474.webp	9	Còn hàng	55
401	Hawai pizza (30cm)	Tomato sauce, smoked ham, pineapple, mozzarella cheese, basil, olive old - Sốt cà chua, Smoked Ham, phô mai Mozzarella, quế tây, dầu oliu	179000.00	assets/white-olive-pizza-olivia-pizza-hawai-pizza-30cm-749e929561.webp	9	Còn hàng	55
402	Ham & Camembert Pizza (30cm)	Tomato sauce, Ham, Camembert, Mozzarella, Basil, Olive Oil - Sốt cà chua, thịt heo dăm bông, phô mai Camembert, Mozzarella, quế tây, dầu oliu	190000.00	assets/white-olive-pizza-olivia-pizza-ham-camembert-pizza-30cm-d824e0564e.webp	9	Còn hàng	55
403	Meat lover's - Pizza 3 Loại Thịt (30cm)	Tomato sauce, Mozzarella, basil, olive oil - With Meat Lover's Pizza NO SPICY (Chicken, Salami, Bacon) - With Meat Lover's Pizza VERY SPICY 🌶️(Chorizo, Salami, Spicy Pork).	185000.00	assets/white-olive-pizza-olivia-pizza-meat-lovers-pizza-3-loại-thịt-30cm-b7657b2a3d.webp	9	Còn hàng	55
404	Seafood- Pizza Hải Sản (30cm)	Tomato sauce, mozzarella cheese, parmesan cheese, shrimp, squid, crab stick, onion, garlic butter, basil, olive oil	189000.00	assets/white-olive-pizza-olivia-pizza-seafood-pizza-hải-sản-30cm-21238fe348.webp	9	Còn hàng	55
405	Bacon & Blue Cheese - Pizza Thịt Heo Xông Khói và Phô Mai Xanh (30cm)	Cream sauce, bacon, blue cheese, mozzarella cheese, olive oil	190000.00	assets/white-olive-pizza-olivia-pizza-bacon-blue-cheese-pizza-thịt-heo-xông-khói-và-phô-mai-xanh-30cm-912313bfc5.webp	9	Còn hàng	55
406	Cheesy Garlic Butter - Pizza Phô Mai Bơ Tỏi (30cm)	Cream base, mozzarella cheese, parmesan cheese, cheddar cheese, garlic butter	185000.00	assets/white-olive-pizza-olivia-pizza-cheesy-garlic-butter-pizza-phô-mai-bơ-tỏi-30cm-b5a83c04e0.webp	9	Còn hàng	55
407	Chicken and Mushrooms - Pizza Gà và Nấm Tươi (30cm)	Cream base, mozzarella cheese, grill chicken, fresh mushrooms, olive oil	180000.00	assets/white-olive-pizza-olivia-pizza-chicken-and-mushrooms-pizza-gà-và-nấm-tươi-30cm-083896d82c.webp	9	Còn hàng	55
408	Grilled BBQ Chicken - Pizza Gà Nướng Sốt BBQ (30cm)	Sốt BBQ, phô mai Mozzarella, phô mai Parmesan, gà nướng, hành caramel đặc biệt, dầu oliu	180000.00	assets/white-olive-pizza-olivia-pizza-grilled-bbq-chicken-pizza-gà-nướng-sốt-bbq-30cm-6fa35e7642.webp	9	Còn hàng	55
409	Prosciutto and Arugula - Pizza Thịt Heo Muối Sấy Khô và Rau Rocket (30cm)	Tomato sauce, mozzarella cheese, parmesan cheese, arugula, prociutto, olive oil, cream balsamic	230000.00	assets/white-olive-pizza-olivia-pizza-prosciutto-and-arugula-pizza-thịt-heo-muối-sấy-khô-và-rau-rocket-30cm-723491c474.webp	9	Còn hàng	55
410	Greek Olivia's Pizza - Pizza Hy Lạp (30cm)	Tomato sauce, mozzarella cheese, Feta cheese, cream balsamic, olive, baby tomato, onion, basil, olive oil - Sốt cà chua, phô mai mozzarella, phô mai Feta, cà chua, hành tây, giấm balsamic, oliu , rau quế tây, dầu oli	175000.00	assets/white-olive-pizza-olivia-pizza-greek-olivias-pizza-pizza-hy-lạp-30cm-ffc924b67d.webp	9	Còn hàng	55
411	Special Spicy Pork (Very Spicy) - Pizza Heo Cay Đặc Biệt (Rất Cay) (30cm)🌶️🌶️	Tomato sauce, mozzarella cheese, spicy pork, Jalapeño, basil, olive oil - Sốt cà chua, phô mai mozzarella, thịt heo cay nhà làm, ớt Jalapeño, rau quế tây, dầu oliu	185000.00	assets/white-olive-pizza-olivia-pizza-special-spicy-pork-very-spicy-pizza-heo-cay-đặc-biệt-rất-cay-30cm-2f3b419186.webp	9	Còn hàng	55
412	Sausage & chorizo - Xúc Xích Ý và Xúc Xích Khô ( Vị Mặn) (30cm)	Tomato sauce, mozzarella cheese, parmesan cheese, sausage, chorizo, basil - Sốt cà chua, phô mai mozzarella, phô mai parmesan, xúc xích kiểu Ý, xúc xích khô Chorizo, rau quế tây	180000.00	assets/white-olive-pizza-olivia-pizza-sausage-chorizo-xúc-xích-ý-và-xúc-xích-khô-vị-mặn-30cm-d308880ea3.webp	9	Còn hàng	55
413	Italian sausage - Pizza Xúc Xích Ý (30cm)	Tomato sauce, Mozzarella cheese, parmesan cheese, Italy sausage, bell pepper, onion, basil, olive oil - Sốt cà chua, phô mai Mozzarella, xúc xích Ý, hành tây, ớt chuông, rau quế tây, dầu oliu	179000.00	assets/white-olive-pizza-olivia-pizza-italian-sausage-pizza-xúc-xích-ý-30cm-f9e5eac0b4.webp	9	Còn hàng	55
414	Jalapeño & Mix Olive - Pizza Ớt Jalapeño và Quả Oliu (30cm) 🌶️	Tomato sauce, mozzarella cheese, parmesan cheese, Jalapeño, mix olive, basil - Sốt cà chua, phô mai mozzarella, phô mai parmesan, ớt Jalapeño, hỗn hợp oliu quả, rau quế tây, dầu oliu	175000.00	assets/white-olive-pizza-olivia-pizza-jalapeño-mix-olive-pizza-ớt-jalapeño-và-quả-oliu-30cm-c9b6cb1249.webp	9	Còn hàng	55
415	Spicy Pork (Very Spicy) - Pizza Thịt Heo Cay ( Rất Cay) (30cm)🌶️🌶️	Tomato sauce, mozzarella cheese, spicy pork, basil, olive oil - Sốt cà chua, phô mai Mozzarella, thịt heo cay, rau quế tây, dầu oliu	175000.00	assets/white-olive-pizza-olivia-pizza-spicy-pork-very-spicy-pizza-thịt-heo-cay-rất-cay-30cm-cea32fa1ab.webp	9	Còn hàng	55
416	Grilled Garlic Chicken - Pizza Gà Nướng Tỏi (30cm)	Tomato sauce, mozzarella cheese, grill chicken, garlic, basil, olive oil -Sốt cà chua, phô mai Mozzarella, gà nướng tỏi , dầu oliu	175000.00	assets/white-olive-pizza-olivia-pizza-grilled-garlic-chicken-pizza-gà-nướng-tỏi-30cm-7f22ff80dd.webp	9	Còn hàng	55
417	Bacon & mushroom - Pizza thịt lợn xông khói và Nấm tươi (30cm)	Cream sauce, mozzarella cheese, parmesan cheese, bacon, mushroom - Sốt kem, phô mai mozzarella, phô mai parmesan, thịt lợn muối xông khói, nấm tươi, dầu oliu	180000.00	assets/white-olive-pizza-olivia-pizza-bacon-mushroom-pizza-thịt-lợn-xông-khói-và-nấm-tươi-30cm-ee4bb0b7bf.webp	9	Còn hàng	55
418	Ham & Mushrooms - Pizza Thịt Heo Dăm Bông và Nấm Tươi (30cm)	Tomato sauce, smoked ham, mushrooms, mozzarella cheese, basil, olive oil - Sốt cà chua, Smoked Ham, phô mai Mozzarella, quế tây, dầu oliu	180000.00	assets/white-olive-pizza-olivia-pizza-ham-mushrooms-pizza-thịt-heo-dăm-bông-và-nấm-tươi-30cm-f736b31795.webp	9	Còn hàng	55
419	Carbonara - Pizza Sốt Kem Trứng và Thịt Heo Xông Khói (30cm)	Creamy sauce with egg, mozzarella cheese, parmesan cheese, bacon, onion, black pepper - sốt kem trứng, phô mai mozzarella, phô mai parmesan, thịt lợn xông khói, hành tây, tiêu đen	175000.00	assets/white-olive-pizza-olivia-pizza-carbonara-pizza-sốt-kem-trứng-và-thịt-heo-xông-khói-30cm-bfaa3e7007.webp	9	Còn hàng	55
420	Milano salami & Parmigiano (30cm)	Tomato sauce, mozzarella cheese, parmesan cheese, milano salami, basil, olive oil - Sốt cà chua, phô mai mozzarella, phô mai parmesan, thịt nguội, rau quế tây, dầu oliu	185000.00	assets/white-olive-pizza-olivia-pizza-milano-salami-parmigiano-30cm-023589c076.webp	9	Còn hàng	55
421	Milano Salami & Arugula - Pizza Xúc Xích Milano Salami và Rau Rocket (30cm)	Tomato sauce, mozzarella cheese, parmesan cheese, milano salami, arugula, cream balsamic, olive oil - Sốt cà chua, phô mai mozzarella, phô mai parmesan, thịt nguội, rau rocket, giấm balsamic, dầu oliu	225000.00	assets/white-olive-pizza-olivia-pizza-milano-salami-arugula-pizza-xúc-xích-milano-salami-và-rau-rocket-30cm-226a7460e3.webp	9	Còn hàng	55
422	Mushroom and Goat Cheese - Pizza Nấm Tươi và phô mai dê (30cm)	Tomato sauce, mozzarella cheese, parmesan cheese, goatcheese, mix mushroom - Sốt cà chua, phô mai mozzarella, phô mai parmesan, nấm tươi hỗn hợp, phô mai dê	175000.00	assets/white-olive-pizza-olivia-pizza-mushroom-and-goat-cheese-pizza-nấm-tươi-và-phô-mai-dê-30cm-61e5d362e1.webp	9	Còn hàng	55
423	Eggplant & Goatcheese - Pizza Cà Tím và Phô Mai Dê (30cm)	Tomato sauce, eggplant, Goat cheese, Mozzarella, Parmesan, olive oil - Sốt cà chua, cà tím, phô mai dê, Mozzarella, Parmesan, dầu oliu	175000.00	assets/white-olive-pizza-olivia-pizza-eggplant-goatcheese-pizza-cà-tím-và-phô-mai-dê-30cm-0319c0488a.webp	9	Còn hàng	55
424	Margherita (30cm)	Tomato sauce, mozzarella cheese, parmesan cheese, basil, olive oil - Sốt cà chua, phô mai mozzarella, phô mai parmesan, rau quế tây, dầu oliu	135000.00	assets/white-olive-pizza-olivia-pizza-margherita-30cm-e618853333.webp	9	Còn hàng	55
425	Supreme Pizza (35cm)	Tomato sauce, pepperoni, Italian sausage, bell pepper, onion, black olive, basil, olive oil - Sốt cà chua, xúc xích khô vị mặn, xúc xích Ý, ớt chuông, hành tây, oliu đen, lá quế tây, dầu oliu.	325000.00	assets/white-olive-pizza-olivia-pizza-supreme-pizza-35cm-5aa0961002.webp	9	Còn hàng	55
426	Chicken Pesto Pizza - Pizza Gà và Sốt Húng Lá Quế Tây (35cm)	Pesto sauce, chicken, tomato cherry, olive oil. Sốt húng lá quế tây, gà, cà chua, dầu oliu.	275000.00	assets/white-olive-pizza-olivia-pizza-chicken-pesto-pizza-pizza-gà-và-sốt-húng-lá-quế-tây-35cm-922ac0660b.webp	9	Còn hàng	55
427	White Pizza (35cm)	Cream sauce, ricotta cheese, goat cheese, parmesan, mozzrella cheese. Sốt kem, phô mai ricotta, phô mai dê, phô mai parmesan, phô mai mozzarella	285000.00	assets/white-olive-pizza-olivia-pizza-white-pizza-35cm-495d2dfa1f.webp	9	Còn hàng	55
428	Chicken Jalapeno - Pizza gà và ớt cay Mexico (35cm)	Tomato sauce, Chicken, Jalapeno, Mozzarella, Basil - Sốt cà chua, gà, ớt cay mexico, phô mai mozzarella, lá quế tây	270000.00	assets/white-olive-pizza-olivia-pizza-chicken-jalapeno-pizza-gà-và-ớt-cay-mexico-35cm-0327435ad0.webp	9	Còn hàng	55
429	Chorizo & Jalapeno - Pizza Xúc Xích Khô Vị Mặn và Ớt Cay Mexico (35cm)🌶️	Tomato sauce, chorizo, jalapeno,Mozzarella, basil, olive oil - Sốt cà chua, xúc xích chorizo, ớt jalapeno, Mozzarella, quế tây, dầu oliu	275000.00	assets/white-olive-pizza-olivia-pizza-chorizo-jalapeno-pizza-xúc-xích-khô-vị-mặn-và-ớt-cay-mexico-35cm-2a56e45743.webp	9	Còn hàng	55
430	Ham & Mushrooms - Pizza Thịt Heo Dăm Bông và Nấm Tươi (35cm)	Tomato sauce, smoked ham, pine apple, mozzarella cheese, basil, olive old - Sốt cà chua, Smoked Ham, phô mai Mozzarella, quế tây, dầu oliu	260000.00	assets/white-olive-pizza-olivia-pizza-ham-mushrooms-pizza-thịt-heo-dăm-bông-và-nấm-tươi-35cm-9be3e4f775.webp	9	Còn hàng	55
431	Hawaii Pizza (35cm)	Tomato sauce, ham, pine apple, mozzarella cheese, basil, olive old - Sốt cà chua,Ham, phô mai Mozzarella, quế tây, dầu oliu.	260000.00	assets/white-olive-pizza-olivia-pizza-hawaii-pizza-35cm-0c8bafe6db.webp	9	Còn hàng	55
432	Ham & Camembert Pizza (35cm)	Tomato sauce, Ham, Camembert, Mozzarella, Basil, Olive Oil - Sốt cà chua, thịt heo dăm bông, phô mai Camembert, Mozzarella, quế tây, dầu oliu	275000.00	assets/white-olive-pizza-olivia-pizza-ham-camembert-pizza-35cm-8e54d77366.webp	9	Còn hàng	55
433	Gourmet Olivia's Pizza - Pizza Olivia Cao Cấp (35cm)	Tomato sauce, mozzarella cheese, parmesan cheese, tomato cherry, fresh mozzarella mini, arugula, prosciutto, cream balsamic, olive oil- sốt cà chua, thịt heo muối sấy khô, phô mai mozzarella, phô mai parmesan, cà chua bi, rau rocket, phô mai tươi mozzarella, kem giấm balsamic, dầu oliu	360000.00	assets/white-olive-pizza-olivia-pizza-gourmet-olivias-pizza-pizza-olivia-cao-cấp-35cm-2951bfd79f.webp	9	Còn hàng	55
434	Meat Lover's - Pizza 3 Loại Thịt (35cm)	Tomato sauce, Mozzarella, basil, olive oil - With Meat Lover's Pizza NO SPICY (Chicken, Salami, Bacon) - With Meat Lover's Pizza VERY SPICY 🌶️(Chorizo, Salami, Spicy Pork).	275000.00	assets/white-olive-pizza-olivia-pizza-meat-lovers-pizza-3-loại-thịt-35cm-d888c8643f.webp	9	Còn hàng	55
435	Pepperoni - Pizza Xúc Xích Khô Vị Mặn (35cm)	Tomato sauce, mozzarella cheese, pepperoni, basil, olive oil. Sốt cà chua, phô mai mozzarella, xúc xích khô vị mặn, quế tây, dầu oliu.	260000.00	assets/white-olive-pizza-olivia-pizza-pepperoni-pizza-xúc-xích-khô-vị-mặn-35cm-3b664714c6.webp	9	Còn hàng	55
436	Four cheese - Pizza 4 Loại Phô Mai (35cm)	Cream sauce,Mozzarella cheese, Carmembert, Parmesan, Blue cheese	275000.00	assets/white-olive-pizza-olivia-pizza-four-cheese-pizza-4-loại-phô-mai-35cm-c3f9e615c4.webp	9	Còn hàng	55
437	Cheesy Garlic Butter - Pizza Phô Mai Bơ Tỏi (35cm)	Cream sauce, mozzarella cheese, cheddar cheese, parmesan cheese, garlic butter, parsley	275000.00	assets/white-olive-pizza-olivia-pizza-cheesy-garlic-butter-pizza-phô-mai-bơ-tỏi-35cm-d182e2f695.webp	9	Còn hàng	55
438	Prosciutto & Arugula - Pizza Thịt Heo Muối Sấy Khô và Rau Rocket (35cm)	Tomato sauce, cream balsamic, prociutto, argula, parmesan cheese, Mozzarella cheese, olive oil.Sốt cà chua, giấm kem, thịt heo muối sấy khô, xà lách rocket, Parmesan, Mozzarella, dầu oliu.	330000.00	assets/white-olive-pizza-olivia-pizza-prosciutto-arugula-pizza-thịt-heo-muối-sấy-khô-và-rau-rocket-35cm-41b792ceb1.webp	9	Còn hàng	55
439	Special Spicy Pork (Very Spicy) - Pizza Thịt Heo Cay (Rất Cay) (35cm)🌶️🌶️	Tomato sauce, mozzarella cheese, spicy pork, Jalapeño, basil, olive oil - Sốt cà chua, phô mai mozzarella, thịt heo cay nhà làm, ớt Jalapeño, rau quế tây, dầu oliu	265000.00	assets/white-olive-pizza-olivia-pizza-special-spicy-pork-very-spicy-pizza-thịt-heo-cay-rất-cay-35cm-9017c7756a.webp	9	Còn hàng	55
440	Chorizo & Ricotta - Pizza Xúc Xích Khô Vị Mặn và Phô Mai Ricotta (35cm)	Chorizo, ricotta, mozzarella, purple onions, chilli flakes, basil, olive oil. Xúc xích khô vị mặn, phô mai ricotta, hành tây tím, phô mai mozzarella, ớt bột, quế tây, dầu oliu	280000.00	assets/white-olive-pizza-olivia-pizza-chorizo-ricotta-pizza-xúc-xích-khô-vị-mặn-và-phô-mai-ricotta-35cm-4f74c3a038.webp	9	Còn hàng	55
441	Spicy Pork (Very Spicy) - Pizza Thịt Heo Cay (Rất Cay) (35cm)🌶️🌶️	Tomato sauce, mozzarella cheese, spicy pork, basil, olive oil. Sốt cà chua, heo cay, Mozzarella, quế tây, dầu oliu.	255000.00	assets/white-olive-pizza-olivia-pizza-spicy-pork-very-spicy-pizza-thịt-heo-cay-rất-cay-35cm-dc24564c3f.webp	9	Còn hàng	55
442	Italian Sausage - Pizza Xúc Xích Ý (35cm)	Tomato sauce, fresh sausage, onion, bell pepper, Mozzarella cheese, basil, olive oil. Sốt cà chua, xúc xích Ý, hành tây, ớt chuông, Mozzarella, quế tây, dầu oliu	260000.00	assets/white-olive-pizza-olivia-pizza-italian-sausage-pizza-xúc-xích-ý-35cm-74929dd8f3.webp	9	Còn hàng	55
443	Bacon & Mushroom - Pizza Thịt Heo Xông Khói và Nấm Tươi ( 35cm)	Cream sauce, bacon, mixed mushroom, Mozzarella cheese, olive oil. Sốt kem, thịt xông khói, các loại nấm, dầu oliu.	265000.00	assets/white-olive-pizza-olivia-pizza-bacon-mushroom-pizza-thịt-heo-xông-khói-và-nấm-tươi-35cm-298c992d2a.webp	9	Còn hàng	55
444	Seafood - Pizza Hải Sản (35cm)	Tomato sauce, squid, shrimp, crab stick, onion, basil, olive oil. Sốt cà chua, mực, tôm, thanh cua, hành tây, quế tây, dầu oliu.	285000.00	assets/white-olive-pizza-olivia-pizza-seafood-pizza-hải-sản-35cm-086f8e888e.webp	9	Còn hàng	55
445	Carbonara - Pizza Sốt Kem Trứng và Thịt Heo Xông Khói (35cm)	Cream sauce with egg, bacon, onion, black pepper, parmesan cheese, olive oil. Sốt kem với trứng, thịt xông khói, hành tây, tiêu đen, Parmesan, dầu oliu.	260000.00	assets/white-olive-pizza-olivia-pizza-carbonara-pizza-sốt-kem-trứng-và-thịt-heo-xông-khói-35cm-9a04e64330.webp	9	Còn hàng	55
446	Jalapeno & Olives - Pizza Ớt Cay Mexico và Quả Oliu (35cm)🌶️	Tomato sauce, black olive, green olive, jalapeno, Mozzarell cheese, basil, olive oil. Sốt cà chua, hạt oliu đen, hạt oliu xanh, ớt jalapeno, Mozzarella, quế tây, dầu oliu.	260000.00	assets/white-olive-pizza-olivia-pizza-jalapeno-olives-pizza-ớt-cay-mexico-và-quả-oliu-35cm-d5a2c727fa.webp	9	Còn hàng	55
447	Greek Olivia's Pizza - Pizza Hy Lạp (35cm)	Tomato sauce,olive, tomato cherry, onion, feta cheese, Mozzarella cheese, basil, cream balsamic, olive oil. Sốt cà chua, hạt oliu, cà chua bi, hành tây, phô mai feta, Mozzarella, quế tây, giấm đen, dầu oliu.	255000.00	assets/white-olive-pizza-olivia-pizza-greek-olivias-pizza-pizza-hy-lạp-35cm-4c540ae87b.webp	9	Còn hàng	55
448	Truffle Mushroom - Pizza Nấm Tươi và Sốt Kem Nấm Truffle (35cm)	Cream sauce with truffle bate, mozzarella cheese, parmesan cheese, fresh mushroom, olive oil. Pate nấm cục với sốt kem, nấm, Mozzarella, Parmesan.	285000.00	assets/white-olive-pizza-olivia-pizza-truffle-mushroom-pizza-nấm-tươi-và-sốt-kem-nấm-truffle-35cm-c525499020.webp	9	Còn hàng	55
449	Grilled BBQ Chicken - Pizza Gà Nướng Sốt BBQ (35cm)	BBQ sauce, grill chicken, purple onion, mozzarella cheese, parmesan cheese. Sốt BBQ, gà, hành tím, Mozzarella, dầu oliu	260000.00	assets/white-olive-pizza-olivia-pizza-grilled-bbq-chicken-pizza-gà-nướng-sốt-bbq-35cm-ed585cfb06.webp	9	Còn hàng	55
450	Chicken & Mushroom - Pizza Gà và Nấm Tươi (35cm)	Cream sauce, mozzarella cheese, chicken, fresh mushroom, olive oil. Sốt kem, thịt gà, các loại nấm tươi, Mozzarella, dầu oliu	265000.00	assets/white-olive-pizza-olivia-pizza-chicken-mushroom-pizza-gà-và-nấm-tươi-35cm-552a816aad.webp	9	Còn hàng	55
451	Grilled Garlic Chicken - Pizza Gà Nướng Tỏi (35cm)	Tomato sauce, chicken, garlic, Mozzarella cheese, basil, olive oil. Sốt cà chua, gà, tỏi, Mozzarella, quế tây, dầu oliu	260000.00	assets/white-olive-pizza-olivia-pizza-grilled-garlic-chicken-pizza-gà-nướng-tỏi-35cm-52f65cc726.webp	9	Còn hàng	55
452	Fresh Mushroom & Goat cheese - Pizza Nấm Tươi và Phô Mai Dê (35cm)	Tomato sauce, mozzarella cheese, fresh mushroom, goatcheese, basil, olive oil. Sốt cà chua, nấm tươi, phô mai dê, Mozzarella, dầu oliu	260000.00	assets/white-olive-pizza-olivia-pizza-fresh-mushroom-goat-cheese-pizza-nấm-tươi-và-phô-mai-dê-35cm-6ce3abbd86.webp	9	Còn hàng	55
453	Eggplant & Goatcheese - Pizza Cà Tím và Phô Mai Dê ( 35cm)	Tomato sauce, eggplant, Goat cheese, Mozzarella, Parmesan, olive oil - Sốt cà chua, cà tím, phô mai dê, Mozzarella, Parmesan, dầu oliu	260000.00	assets/white-olive-pizza-olivia-pizza-eggplant-goatcheese-pizza-cà-tím-và-phô-mai-dê-35cm-884e7158f3.webp	9	Còn hàng	55
454	Milano Salami & Parmigiano - Pizza Xúc Xích Milano và Phô Mai Parmesan (35cm)	Tomato sauce, Milano salami, parmesan cheese, Mozzarella cheese, basil, olive oil. Sốt cà chua, Milano salami, Parmesan, Mozzarella, quế tây, dầu oliu.	290000.00	assets/white-olive-pizza-olivia-pizza-milano-salami-parmigiano-pizza-xúc-xích-milano-và-phô-mai-parmesan-35cm-82bd198e40.webp	9	Còn hàng	55
455	Milano Salami & Arugula - Pizza Xúc Xích Ý Milano và Rau Rocket (35cm)	Tomato sauce, mozzarella cheese, parmesan cheese, milano salami, arugula, cream balsamic, olive oil - Sốt cà chua, phô mai mozzarella, phô mai parmesan, thịt nguội, rau rocket, giấm balsamic, dầu oliu	325000.00	assets/white-olive-pizza-olivia-pizza-milano-salami-arugula-pizza-xúc-xích-ý-milano-và-rau-rocket-35cm-b3fac8e4b8.webp	9	Còn hàng	55
640	Sữa Tươi Đá	Sữa Tươi Đá	49000.00	assets/highlands-coffee-hùng-vương-long-khánh-sữa-tươi-đá-15a3a9b210.webp	7	Còn hàng	57
456	Sausage & Chorizo - Pizza Xúc Xích Ý và Xúc Xích Khô Vị Mặn (35cm)	Tomato sauce, fresh sausage, chorizo, Mozzarella cheese, basil, olive oil. Sốt cà chua, xúc xích Ý, xúc xích chorizo, Mozzarella, quế tây, dầu oliu	255000.00	assets/white-olive-pizza-olivia-pizza-sausage-chorizo-pizza-xúc-xích-ý-và-xúc-xích-khô-vị-mặn-35cm-54c69257d2.webp	9	Còn hàng	55
457	Bacon & Blue Cheese - Pizza Thịt Heo Xông Khói và Phô Mai Xanh (35cm)	Cream sauce, bacon, blue cheese, olive oil - Sốt kem, thịt heo xông khói, phô mai xanh, dầu oliu	275000.00	assets/white-olive-pizza-olivia-pizza-bacon-blue-cheese-pizza-thịt-heo-xông-khói-và-phô-mai-xanh-35cm-dda34e46c0.webp	9	Còn hàng	55
458	Magherita - Pizza Cổ Điển (35cm)	Tomato sauce, mozzarella cheese, parmesan cheese, basil, olive oil. Sốt cà chua, Mozzarella, Parmesan, quế tây, dầu oliu.	195000.00	assets/white-olive-pizza-olivia-pizza-magherita-pizza-cổ-điển-35cm-4090736680.webp	9	Còn hàng	55
459	Half & Half Pizza (30cm)	Half & Half Pizza (30cm)	189000.00	assets/white-olive-pizza-olivia-pizza-half-half-pizza-30cm-d14cf7ab7c.webp	9	Còn hàng	55
460	Half & Half Pizza (35cm)	Half & Half Pizza (35cm)	285000.00	assets/white-olive-pizza-olivia-pizza-half-half-pizza-35cm-12be674add.webp	9	Còn hàng	55
461	Burrata Cheese - 125g	Imported	115000.00	assets/white-olive-pizza-olivia-pizza-burrata-cheese-125g-01993a27f2.webp	8	Còn hàng	55
462	Garlic Bread Homemade - Bánh Mì Bơ Tỏi	Garlic Bread Homemade - Bánh Mì Bơ Tỏi	70000.00	assets/white-olive-pizza-olivia-pizza-garlic-bread-homemade-bánh-mì-bơ-tỏi-ae66d06235.webp	5	Còn hàng	55
463	Vegan ( No Cheese) - Pizza rau củ chay ( không phô mai) (30cm)	Tomato sauce, tomato cheery, eggplant, onion, olive, mushroom, bell pepper	165000.00	assets/white-olive-pizza-olivia-pizza-vegan-no-cheese-pizza-rau-củ-chay-không-phô-mai-30cm-65081ac24e.webp	9	Còn hàng	55
464	Vegan (No Cheese) - Pizza rau củ chay ( Không phô mai) (35cm)	Tomato sauce, Tomato cherry, eggplant, bell pepper, olive, mushroom, basil, olive oil	235000.00	assets/white-olive-pizza-olivia-pizza-vegan-no-cheese-pizza-rau-củ-chay-không-phô-mai-35cm-0bdde542e8.webp	9	Còn hàng	55
465	Vegetarian - Pizza rau củ chay (30cm)	Tomato sauce, mozzarella cheese, fresh cheery tomato, zucchini, olive, onion, bell pepper, mushroom- sốt cà chua, phô mai mozzarella, cà chua bi, bí ngòi, hành tây, nấm, quả oliu, rau quế tây, dầu oliu	175000.00	assets/white-olive-pizza-olivia-pizza-vegetarian-pizza-rau-củ-chay-30cm-727e1689be.webp	9	Còn hàng	55
466	Vegetarian - Pizza rau củ chay (35cm)	Tomato sauce, tomato cherry, eggplant, bell pepper, olive, mushroom, onion, Mozzarella cheese, basil, olive oil	250000.00	assets/white-olive-pizza-olivia-pizza-vegetarian-pizza-rau-củ-chay-35cm-98152c0b3a.webp	9	Còn hàng	55
467	Green Olivia's Salad	Cucumber, tomato cherry, bell pepper, arugula, feta cheese or mozzarella cheese, black olive, olive oil, cream basamic vinegar	95000.00	assets/white-olive-pizza-olivia-pizza-green-olivias-salad-2dd85c1d47.webp	5	Còn hàng	55
468	Caprese Salad	Fresh mozzarella cheese, tomato, basil, olive oil, cream basalmic sauce, salt, black pepper - Mozzarella tươi, cà chua, lá quế tây, giấm đen balsamic, muối, tiêu đen	125000.00	assets/white-olive-pizza-olivia-pizza-caprese-salad-5f7ede1c46.webp	5	Còn hàng	55
469	Gourmet Salad ( with Fresh Mozzarella Cheese mini)	Cucumber, tomato cherry, bell pepper, red onion, black olive, argula, prosciutto, Parmesan cheese, cream basalmic vinegar	135000.00	assets/white-olive-pizza-olivia-pizza-gourmet-salad-with-fresh-mozzarella-cheese-mini-3f7301fcdb.webp	5	Còn hàng	55
470	Gourmet Salad ( with Burrata Cheese)	Cucumber, tomato cherry, bell pepper, onion, black olive, argula, Prosciutto, Parmesan cheese, cream basalmic vinegar	175000.00	assets/white-olive-pizza-olivia-pizza-gourmet-salad-with-burrata-cheese-6e45e2a859.webp	5	Còn hàng	55
471	Combo 149k - 1 Pizza (30cm) + 1 Soft drink	Combo 149k - 1 Pizza (30cm) + 1 Soft drink	149000.00	assets/white-olive-pizza-olivia-pizza-combo-149k-1-pizza-30cm-1-soft-drink-18c626ca83.webp	10	Còn hàng	55
472	Combo 239k - 1 Pizza (30cm) + 1 Salad + 1 Soft drink	Combo 239k - 1 Pizza (30cm) + 1 Salad + 1 Soft drink	239000.00	assets/white-olive-pizza-olivia-pizza-combo-239k-1-pizza-30cm-1-salad-1-soft-drink-74d0e94459.webp	10	Còn hàng	55
473	Combo 279k - 2 Pizza (30cm) + 1 Soft drink	Combo 279k - 2 Pizza (30cm) + 1 Soft drink	279000.00	assets/white-olive-pizza-olivia-pizza-combo-279k-2-pizza-30cm-1-soft-drink-0aad0adc0a.webp	10	Còn hàng	55
474	Combo 369k - FAMILY DAY - 2 Pizza (30cm) + 1 Salad + 1 Soft drink	Combo 369k - FAMILY DAY - 2 Pizza (30cm) + 1 Salad + 1 Soft drink	369000.00	assets/white-olive-pizza-olivia-pizza-combo-369k-family-day-2-pizza-30cm-1-salad-1-soft-drink-c4dd2feb74.webp	10	Còn hàng	55
475	Orange Fanta	320ml	25000.00	assets/white-olive-pizza-olivia-pizza-orange-fanta-f78073baef.webp	7	Còn hàng	55
476	Fresh Apple Juice - Nước Ép Táo Nguyên Chât	100% Fresh (No Sugar) - Nước ép táo nguyên chất (không đường)	39000.00	assets/white-olive-pizza-olivia-pizza-fresh-apple-juice-nước-ép-táo-nguyên-chât-5bde898128.webp	7	Còn hàng	55
477	Fresh Orange Juice - Nước ép cam nguyên chất	100% Fresh (No Sugar) - Nước cam nguyên chất (không đường)	39000.00	assets/white-olive-pizza-olivia-pizza-fresh-orange-juice-nước-ép-cam-nguyên-chất-3cb9ccd4a6.webp	7	Còn hàng	55
478	Fresh Watermelon Juice - Nước ép dưa hấu nguyên chất	100% Fresh (No Sugar) - Nước ép nguyên chất (Không đường)	39000.00	assets/white-olive-pizza-olivia-pizza-fresh-watermelon-juice-nước-ép-dưa-hấu-nguyên-chất-27ce8411ba.webp	7	Còn hàng	55
479	Pineapple Juice - Nước ép thơm	Fresh Pineapple (No Sugar) - Nước ép thơm tươi không đường	39000.00	assets/white-olive-pizza-olivia-pizza-pineapple-juice-nước-ép-thơm-2eeb17076f.webp	7	Còn hàng	55
480	Fresh Coconut - Dừa tươi	Fresh Coconut - Dừa tươi	43000.00	assets/white-olive-pizza-olivia-pizza-fresh-coconut-dừa-tươi-a7760b5072.webp	7	Còn hàng	55
481	Coca	Tên hàng hoá: 1 Lon Nước Ngọt Coca Cola 320ml. Xuất xứ: Việt Nam . Tên và địa chỉ tổ chức/cá nhân chịu trách nhiệm: Công Ty TNHH Nước giải khát Coca Cola Việt Nam. Số 845 đường Xa Lộ Hà Nội, P. Linh Trung, TP. Thủ Đức, Hồ Chí Minh.	25000.00	assets/white-olive-pizza-olivia-pizza-coca-956e7ba338.webp	7	Còn hàng	55
482	Coca light	Tên hàng hoá: 1 Lon Nước Ngọt Coca Cola Light 320ml. Xuất xứ: Việt Nam . Tên và địa chỉ tổ chức/cá nhân chịu trách nhiệm: Công Ty TNHH Nước giải khát Coca Cola Việt Nam. Số 845 đường Xa Lộ Hà Nội, P. Linh Trung, TP. Thủ Đức, Hồ Chí Minh.	25000.00	assets/white-olive-pizza-olivia-pizza-coca-light-be8b3475bf.webp	7	Còn hàng	55
483	Coca Zero	Tên hàng hoá: 1 Lon Nước Ngọt Coca Cola Zero 320ml. Xuất xứ: Việt Nam . Tên và địa chỉ tổ chức/cá nhân chịu trách nhiệm: Công Ty TNHH Nước giải khát Coca Cola Việt Nam. Số 845 đường Xa Lộ Hà Nội, P. Linh Trung, TP. Thủ Đức, Hồ Chí Minh.	25000.00	assets/white-olive-pizza-olivia-pizza-coca-zero-b87ac68b3b.webp	7	Còn hàng	55
484	Soda	Tên hàng hoá: 1 Lon Nước Ngọt Soda Schweppes 320ml. Xuất xứ: Việt Nam . Tên và địa chỉ tổ chức/cá nhân chịu trách nhiệm: Công Ty TNHH Nước giải khát Coca Cola Việt Nam. Số 845 đường Xa Lộ Hà Nội, P. Linh Trung, TP. Thủ Đức, Hồ Chí Minh.	23000.00	assets/white-olive-pizza-olivia-pizza-soda-b72660eab1.webp	7	Còn hàng	55
485	Ginger Ale	Tên hàng hoá: 1 Lon Nước Ngọt Soda Schweppes Ginger Ale 320ml. Xuất xứ: Việt Nam . Tên và địa chỉ tổ chức/cá nhân chịu trách nhiệm: Công Ty TNHH Nước giải khát Coca Cola Việt Nam. Số 845 đường Xa Lộ Hà Nội, P. Linh Trung, TP. Thủ Đức, Hồ Chí Minh.	25000.00	assets/white-olive-pizza-olivia-pizza-ginger-ale-509bbae606.webp	7	Còn hàng	55
486	Sprite	Tên hàng hoá: 1 Lon Nước Ngọt Sprite 320ml. Xuất xứ: Việt Nam . Tên và địa chỉ tổ chức/cá nhân chịu trách nhiệm: Công Ty TNHH Nước giải khát Coca Cola Việt Nam. Số 845 đường Xa Lộ Hà Nội, P. Linh Trung, TP. Thủ Đức, Hồ Chí Minh.	25000.00	assets/white-olive-pizza-olivia-pizza-sprite-145990b54c.webp	7	Còn hàng	55
487	Water	Tên hàng hoá: 1 Lon Nước Tinh Khiết Danasi 350ml. Xuất xứ: Việt Nam . Tên và địa chỉ tổ chức/cá nhân chịu trách nhiệm: Công Ty TNHH Nước giải khát Coca Cola Việt Nam. Số 845 đường Xa Lộ Hà Nội, P. Linh Trung, TP. Thủ Đức, Hồ Chí Minh.	17000.00	assets/white-olive-pizza-olivia-pizza-water-d4d618401c.webp	7	Còn hàng	55
488	Red Pepper Tabasco	New 60ml	90000.00	assets/white-olive-pizza-olivia-pizza-red-pepper-tabasco-9d7563bea5.webp	8	Còn hàng	55
489	Chilli Flakes - Ớt bột	Box 2oz - Hộp nhựa 2oz	5000.00	assets/white-olive-pizza-olivia-pizza-red-pepper-tabasco-9d7563bea5.webp	8	Còn hàng	55
490	Mayonnaise	Box 2oz - Hộp nhựa thể tích 2oz	10000.00	assets/white-olive-pizza-olivia-pizza-red-pepper-tabasco-9d7563bea5.webp	8	Còn hàng	55
491	Balsamic Vinegar - Giấm đen Balsamic	Box 2oz - Hộp nhựa 2oz	10000.00	assets/white-olive-pizza-olivia-pizza-red-pepper-tabasco-9d7563bea5.webp	8	Còn hàng	55
492	Honey - Mật Ong	Box 2oz - Hộp nhựa 2oz	10000.00	assets/white-olive-pizza-olivia-pizza-red-pepper-tabasco-9d7563bea5.webp	8	Còn hàng	55
493	Olive Oil - Dầu Oliu	Box 2oz - Hộp nhựa thể tích 2oz	10000.00	assets/white-olive-pizza-olivia-pizza-red-pepper-tabasco-9d7563bea5.webp	8	Còn hàng	55
494	Oregano - Lá kinh giới khô	Box 2oz - Hộp nhựa thể tích 2oz	10000.00	assets/white-olive-pizza-olivia-pizza-red-pepper-tabasco-9d7563bea5.webp	8	Còn hàng	55
495	BBQ Sauce - Xốt BBQ	Box 2oz - Hộp nhựa 2oz	15000.00	assets/white-olive-pizza-olivia-pizza-red-pepper-tabasco-9d7563bea5.webp	8	Còn hàng	55
496	Hawaiian Pizza [mini]	Tomato sauce, ham, pineapple, basil, black pepper, olive oil. Sốt cà chua, thịt heo dăm bông, thơm, quế tây, tiêu đen, dầu oliu	95000.00	assets/white-olive-pizza-olivia-pizza-red-pepper-tabasco-9d7563bea5.webp	8	Còn hàng	55
497	Chicken and mushroom [Mini]- Pizza gà và nấm tươi	Sốt kem tươi, phô mai mozzarella, gà nướng, nấm tươi	95000.00	assets/white-olive-pizza-olivia-pizza-red-pepper-tabasco-9d7563bea5.webp	8	Còn hàng	55
498	Grill BBQ chicken [Mini] - Pizza gà sốt BBQ	Sốt BBQ, phô mai mozzarella, phô mai parmesan, Gà nướng, hành caramel đặc biệt, dầu oliu	95000.00	assets/white-olive-pizza-olivia-pizza-red-pepper-tabasco-9d7563bea5.webp	8	Còn hàng	55
499	Salami [Mini]- Pizza xúc xích khô Ý	Sốt cà chua, phô mai mozzarella, phô mai parmesan, xúc xích khô Ý, rau quế tây, dầu oliu	90000.00	assets/white-olive-pizza-olivia-pizza-red-pepper-tabasco-9d7563bea5.webp	8	Còn hàng	55
500	Spicy Pork ( Very Spicy) [Mini] - Pizza Thịt Heo Cay (Rất Cay)	Sốt cà chua, phô mai mozzarella, thịt heo cay, rau quế tây, dầu oliu	90000.00	assets/white-olive-pizza-olivia-pizza-red-pepper-tabasco-9d7563bea5.webp	8	Còn hàng	55
501	Truffles mushroom [Mini] - Pizza nấm sốt nấm cục đen	Kem tươi cùng nấm cục đen, nấm tươi, phô mai mozzarella, phô mai parmesan, dầu oliu	105000.00	assets/white-olive-pizza-olivia-pizza-red-pepper-tabasco-9d7563bea5.webp	8	Còn hàng	55
502	Cheesy garlic butter [Mini] - Pizza phô mai vị bơ tỏi	Sốt kem tươi, phô mai mozzarella, phô mai cheddar, phô mai parmesan, bơ tỏi	95000.00	assets/white-olive-pizza-olivia-pizza-red-pepper-tabasco-9d7563bea5.webp	8	Còn hàng	55
503	Four cheese [Mini] - Pizza bốn loại phô mai	Dầu oliu, phô mai mozzarella, phô mai sữa taleggio, phô mai scamozza xông khói, phô mai xanh	95000.00	assets/white-olive-pizza-olivia-pizza-red-pepper-tabasco-9d7563bea5.webp	8	Còn hàng	55
504	Pepperoni [Mini] - Pizza Xúc Xích Khô Vị Mặn	Sốt cà chua, phô mai mozzarella, phô mai parmesan, thịt muối vị mặn, rau quế tây, dầu oliu	95000.00	assets/white-olive-pizza-olivia-pizza-red-pepper-tabasco-9d7563bea5.webp	8	Còn hàng	55
505	Mushroom pizza [Mini] - Pizza nấm	Sốt cà chua, phô mai mozzarella, phô mai parmesan, nấm tươi, rau quế tây, dầu oliu	80000.00	assets/white-olive-pizza-olivia-pizza-red-pepper-tabasco-9d7563bea5.webp	8	Còn hàng	55
506	Margherita [Mini] - Pizza cổ điển	Sốt cà chua, phô mai mozzarella, phô mai parmesan, dầu oliu, rau quế tây	70000.00	assets/white-olive-pizza-olivia-pizza-red-pepper-tabasco-9d7563bea5.webp	8	Còn hàng	55
507	Mì Ý bò Mỹ lúc lắc (100% Bò Mỹ)	Gồm: 100gram Bò Mỹ + ớt chuông +hành tây + sốt lúc lắc. Thông báo đến khách hàng nay các món ăn của quán đồng loạt tăng giá theo Công ty cung cấp thực phẩm . Mong quý khách thông cảm và tục ủng hộ quán. Biết ơn 🌺🌺	75000.00	assets/benno-bento-mì-ý-sốt-bò-mỹ-dĩ-an-mì-ý-bò-mỹ-lúc-lắc-100-bò-mỹ-516d79c90c.webp	3	Còn hàng	56
508	Mì Ý đúc lò phô mai kéo sợi .	Mỳ ý sốt 100% bò Mỹ + phô mai Mozzarela Thông báo đến khách hàng nay các món ăn của quán đồng loạt tăng giá theo Công ty cung cấp thực phẩm . Mong quý khách thông cảm và tục ủng hộ quán. Biết ơn 🌺🌺	70000.00	assets/benno-bento-mì-ý-sốt-bò-mỹ-dĩ-an-mì-ý-đúc-lò-phô-mai-kéo-sợi-c4e11b4c7f.webp	3	Còn hàng	56
641	Chanh Dây Đá Viên	Hương chanh dây thơm mát, vị chua ngọt quen thuộc và sắc vàng bắt mắt.	49000.00	assets/highlands-coffee-hùng-vương-long-khánh-chanh-dây-đá-viên-0986cda9bc.webp	7	Còn hàng	57
509	Mì ý đúc lò gà BBQ	Mỳ ý sốt 100% bò Mỹ + phô mai Mozzarela + gà giòn vị BBQ. Thông báo đến khách hàng nay các món ăn của quán đồng loạt tăng giá theo Công ty cung cấp thực phẩm . Mong quý khách thông cảm và tục ủng hộ quán. Biết ơn 🌺🌺	90000.00	assets/benno-bento-mì-ý-sốt-bò-mỹ-dĩ-an-mì-ý-đúc-lò-gà-bbq-d4b7587f3d.webp	3	Còn hàng	56
510	Mì Ý đúc lò gà Teriyaki Nhật	Gồm: mỳ ý sốt 100% bò Mỹ + phô mai Mozzarela + gà giòn vị Teriyakia	90000.00	assets/benno-bento-mì-ý-sốt-bò-mỹ-dĩ-an-mì-ý-đúc-lò-gà-teriyaki-nhật-631f2d9d4a.webp	3	Còn hàng	56
511	Mì Ý đúc lò gà sốt Cay	Gồm: mỳ ý sốt 100% bò Mỹ + phô mai Mozzarela + gà giòn vị Cay. Thông báo đến khách hàng nay các món ăn của quán đồng loạt tăng giá theo Công ty cung cấp thực phẩm . Mong quý khách thông cảm và tục ủng hộ quán. Biết ơn 🌺🌺	90000.00	assets/benno-bento-mì-ý-sốt-bò-mỹ-dĩ-an-mì-ý-đúc-lò-gà-sốt-cay-28e86ce5ef.webp	3	Còn hàng	56
512	Mì Ý Sốt Kem Thịt Xông Khói Đúc Lò Phô Mai	Mì Ý béo ngậy, phô mai tan chảy, thịt xông khói thơm ngon.	90000.00	assets/benno-bento-mì-ý-sốt-bò-mỹ-dĩ-an-mì-ý-sốt-kem-thịt-xông-khói-đúc-lò-phô-mai-f140c60ecc.webp	3	Còn hàng	56
513	Mì Ý sốt kem nấm gà teriyaki đúc lò phô mai	Gà teriyaki thơm ngon phủ kem nấm.	110000.00	assets/benno-bento-mì-ý-sốt-bò-mỹ-dĩ-an-mì-ý-sốt-kem-nấm-gà-teriyaki-đúc-lò-phô-mai-5ca7047d95.webp	3	Còn hàng	56
514	Mì Ý sốt kem nấm gà BBQ đúc lò phô mai	Mì Ý với sốt kem nấm, gà BBQ đậm đà, phủ phô mai thơm ngon.	110000.00	assets/benno-bento-mì-ý-sốt-bò-mỹ-dĩ-an-mì-ý-sốt-kem-nấm-gà-bbq-đúc-lò-phô-mai-8172494151.webp	3	Còn hàng	56
515	Mì Ý sốt kem nấm đúc lò phô mai	Mỳ Ý kem nấm đút lò phô mai hòa quyện hương vị nồng nàn	90000.00	assets/benno-bento-mì-ý-sốt-bò-mỹ-dĩ-an-mì-ý-sốt-kem-nấm-đúc-lò-phô-mai-eae720dfbf.webp	3	Còn hàng	56
516	Mỳ ý sốt kem nấm Pesto + xúc xích xông khói	Mỳ ý sốt kem nấm Pesto, xúc xích xông khói thơm ngon.	87000.00	assets/benno-bento-mì-ý-sốt-bò-mỹ-dĩ-an-mỳ-ý-sốt-kem-nấm-pesto-xúc-xích-xông-khói-4260d0373d.webp	3	Còn hàng	56
517	Mỳ ý sốt kem nấm Pesto + Gà	Mỳ Ý sốt kem nấm Pesto với gà mềm, hương vị thơm ngon.	90000.00	assets/benno-bento-mì-ý-sốt-bò-mỹ-dĩ-an-mỳ-ý-sốt-kem-nấm-pesto-gà-2e05176cf3.webp	3	Còn hàng	56
518	Mỳ ý sốt kem nấm Pesto	( vị mùi tây )	67000.00	assets/benno-bento-mì-ý-sốt-bò-mỹ-dĩ-an-mỳ-ý-sốt-kem-nấm-pesto-5a423584af.webp	3	Còn hàng	56
519	Mì Ý Sốt Kem Nấm	Lạ miệng với món Mì ý sốt kem béo béo. Quán sử dụng Whipping cream cho món ngon chất lượng. Khách đặt quán mới bắt đầu chế biến.	63000.00	assets/benno-bento-mì-ý-sốt-bò-mỹ-dĩ-an-mì-ý-sốt-kem-nấm-4b333c9dca.webp	3	Còn hàng	56
520	Mì Ý Sốt Kem Thịt Xông Khói	Mỳ ý + Bacon + hành tây + sốt kem. Thông báo đến khách hàng nay các món ăn của quán đồng loạt tăng giá theo Công ty cung cấp thực phẩm . Mong quý khách thông cảm và tục ủng hộ quán. Biết ơn 🌺🌺	67000.00	assets/benno-bento-mì-ý-sốt-bò-mỹ-dĩ-an-mì-ý-sốt-kem-thịt-xông-khói-cf7ab51a7b.webp	3	Còn hàng	56
521	Mì Ý sốt kem nấm gà BBQ	Mì Ý sự kết hợp tuyệt vời giữa nấm kem và gà BBQ.Thông báo đến khách hàng nay các món ăn của quán đồng loạt tăng giá theo Công ty cung cấp thực phẩm . Mong quý khách thông cảm và tục ủng hộ quán. Biết ơn 🌺🌺	90000.00	assets/benno-bento-mì-ý-sốt-bò-mỹ-dĩ-an-mì-ý-sốt-kem-nấm-gà-bbq-b564bba05d.webp	3	Còn hàng	56
522	Mì Ý sốt kem nấm gà teriyaki	Mì Ý với gà teriyaki mềm mại. Ngon khó cưỡng!	85000.00	assets/benno-bento-mì-ý-sốt-bò-mỹ-dĩ-an-mì-ý-sốt-kem-nấm-gà-teriyaki-425be20368.webp	3	Còn hàng	56
523	Cơm Bò Hầm Cuộn Trứng	Bò hầm mềm cùng hành tây, cuộn trứng vàng óng.Thông báo đến khách hàng nay các món ăn của quán đồng loạt tăng giá theo Công ty cung cấp thực phẩm . Mong quý khách thông cảm và tục ủng hộ quán. Biết ơn 🌺🌺	68000.00	assets/benno-bento-mì-ý-sốt-bò-mỹ-dĩ-an-cơm-bò-hầm-cuộn-trứng-8168ddecac.webp	12	Còn hàng	56
524	Cơm Cá Saba nướng sốt Kabayaki	Cá saba nướng sốt đậm đà, cơm mềm mịn.	69000.00	assets/benno-bento-mì-ý-sốt-bò-mỹ-dĩ-an-cơm-cá-saba-nướng-sốt-kabayaki-77288bfaf0.webp	12	Còn hàng	56
525	Cơm bò lúc lắc (bò Mỹ)	Thịt bò ngọt mềm, rau củ tươi ngon. Thông báo đến khách hàng nay các món ăn của quán đồng loạt tăng giá theo Công ty cung cấp thực phẩm . Mong quý khách thông cảm và tục ủng hộ quán. Biết ơn 🌺🌺	73000.00	assets/benno-bento-mì-ý-sốt-bò-mỹ-dĩ-an-cơm-bò-lúc-lắc-bò-mỹ-68bc5ffbe1.webp	12	Còn hàng	56
526	Beefsteak 200g Bò Mỹ	Bò Mỹ mềm, sốt đậm đà, rau tươi mát.	158000.00	assets/benno-bento-mì-ý-sốt-bò-mỹ-dĩ-an-beefsteak-200g-bò-mỹ-b462393287.webp	5	Còn hàng	56
527	Mỳ ý sốt kem nấm + 100gr Steak	Mỳ Ý sốt kem nấm thơm ngon cùng steak 100gr hấp dẫn.	138000.00	assets/benno-bento-mì-ý-sốt-bò-mỹ-dĩ-an-mỳ-ý-sốt-kem-nấm-100gr-steak-423e718d25.webp	3	Còn hàng	56
528	Mì Ý sốt 100% bò Mỹ	Sốt bònấu từ cà chua tươi +100% bò mỹ. Ko phẩm màu , ko tương cà chua ( nên màu sắc đôi khi bị thay đổi do phụ vào hàng nhập của quán ) Thông báo đến khách hàng nay các món ăn của quán đồng loạt tăng giá theo Công ty cung cấp thực phẩm . Mong quý khách thông cảm và tục ủng hộ quán. Biết ơn 🌺🌺	45000.00	assets/benno-bento-mì-ý-sốt-bò-mỹ-dĩ-an-mì-ý-sốt-100-bò-mỹ-bbf7588052.webp	3	Còn hàng	56
529	Beefsteak 100g Bò Mỹ	Thịt bò Mỹ mềm mọng, thơm ngon, ăn kèm rau tươi mát.Thông báo đến khách hàng nay các món ăn của quán đồng loạt tăng giá theo Công ty cung cấp thực phẩm . Mong quý khách thông cảm và tục ủng hộ quán. Biết ơn 🌺🌺	80000.00	assets/benno-bento-mì-ý-sốt-bò-mỹ-dĩ-an-beefsteak-100g-bò-mỹ-3a6e8a08e9.webp	5	Còn hàng	56
530	Mì Ý đúc lò + 100g steak bò Mỹ	Gồm: mỳ ý sốt 100% bò Mỹ + phô mai Mozzarela + 100gram Steak bò Mỹ	142000.00	assets/benno-bento-mì-ý-sốt-bò-mỹ-dĩ-an-mì-ý-đúc-lò-100g-steak-bò-mỹ-5fcb40d7d7.webp	10	Còn hàng	56
531	Beefsteak 200g Bò Mỹ khoai tây chiên	Bò Mỹ 200g mềm, khoai tây giòn.	185000.00	assets/benno-bento-mì-ý-sốt-bò-mỹ-dĩ-an-beefsteak-200g-bò-mỹ-khoai-tây-chiên-8122d8ab7d.webp	10	Còn hàng	56
532	Mỳ ý ( giòn ) bò Hầm	Mì Ý giòn tan, bò hầm mềm thơm lừng. Thông báo đến khách hàng nay các món ăn của quán đồng loạt tăng giá theo Công ty cung cấp thực phẩm . Mong quý khách thông cảm và tục ủng hộ quán. Biết ơn 🌺🌺	55000.00	assets/benno-bento-mì-ý-sốt-bò-mỹ-dĩ-an-mỳ-ý-giòn-bò-hầm-34d2bff765.webp	3	Còn hàng	56
533	Mỳ ý ( giòn ) sốt 100% bò Mỹ	Mỳ ý giòn sốt đậm đà hấp dẫn. Phần nước sốt nay quán có làm thêm vị cay quý khách có thể lựa chọn để trải nghiệm thử nha. 🥰.Thông báo đến khách hàng nay các món ăn của quán đồng loạt tăng giá theo Công ty cung cấp thực phẩm . Mong quý khách thông cảm và tục ủng hộ quán. Biết ơn 🌺🌺	45000.00	assets/benno-bento-mì-ý-sốt-bò-mỹ-dĩ-an-mỳ-ý-giòn-sốt-100-bò-mỹ-7168170509.webp	3	Còn hàng	56
534	Mì Ý sốt 100% bò Mỹ + xúc xích xông khói Đức	Mì Ý sốt bò Mỹ và xúc xích Đức. Thông báo đến khách hàng nay các món ăn của quán đồng loạt tăng giá theo Công ty cung cấp thực phẩm . Mong quý khách thông cảm và tục ủng hộ quán. Biết ơn 🌺🌺	72000.00	assets/benno-bento-mì-ý-sốt-bò-mỹ-dĩ-an-mì-ý-sốt-100-bò-mỹ-xúc-xích-xông-khói-đức-fbf57887aa.webp	3	Còn hàng	56
535	Mì Ý sốt 100% bò Mỹ + gà giòn sốt Teriyaki Nhật	Thông báo đến khách hàng nay các món ăn của quán đồng loạt tăng giá theo Công ty cung cấp thực phẩm . Mong quý khách thông cảm và tục ủng hộ quán. Biết ơn 🌺🌺	75000.00	assets/benno-bento-mì-ý-sốt-bò-mỹ-dĩ-an-mì-ý-sốt-100-bò-mỹ-gà-giòn-sốt-teriyaki-nhật-f995d5c397.webp	3	Còn hàng	56
536	Mì Ý sốt 100% bò Mỹ + gà giòn sốt BBQ	Thơm ngon sốt BBQ kết hợp mì Ý.	75000.00	assets/benno-bento-mì-ý-sốt-bò-mỹ-dĩ-an-mì-ý-sốt-100-bò-mỹ-gà-giòn-sốt-bbq-f5951ecd52.webp	3	Còn hàng	56
537	Mì Ý sốt bò 100% bò Mỹ + gà giòn sốt Cay	Mì Ý sốt bò Mỹ, gà giòn cay.	75000.00	assets/benno-bento-mì-ý-sốt-bò-mỹ-dĩ-an-mì-ý-sốt-bò-100-bò-mỹ-gà-giòn-sốt-cay-b414b2478e.webp	3	Còn hàng	56
538	Mì Ý sốt bò bằm + 100gram steak bò Mỹ	Thông báo đến khách hàng nay các món ăn của quán đồng loạt tăng giá theo Công ty cung cấp thực phẩm . Mong quý khách thông cảm và tục ủng hộ quán. Biết ơn 🌺🌺	122000.00	assets/benno-bento-mì-ý-sốt-bò-mỹ-dĩ-an-mì-ý-sốt-bò-bằm-100gram-steak-bò-mỹ-15fc771b8a.webp	3	Còn hàng	56
539	Mì ý đúc lò xúc xích Đức	Xúc xích Đức và mì Ý nướng thơm ngon. Thông báo đến khách hàng nay các món ăn của quán đồng loạt tăng giá theo Công ty cung cấp thực phẩm . Mong quý khách thông cảm và tục ủng hộ quán. Biết ơn 🌺🌺	92000.00	assets/benno-bento-mì-ý-sốt-bò-mỹ-dĩ-an-mì-ý-đúc-lò-xúc-xích-đức-12537475e4.webp	3	Còn hàng	56
540	Bò lúc lắc 200g bò	Bò mềm ngọt, ớt giòn, tẩm gia vị hấp dẫn.l	138000.00	assets/benno-bento-mì-ý-sốt-bò-mỹ-dĩ-an-bò-lúc-lắc-200g-bò-f5b0b6dcc4.webp	5	Còn hàng	56
541	Cơm bò hầm	Thông báo đến khách hàng nay các món ăn của quán đồng loạt tăng giá theo Công ty cung cấp thực phẩm . Mong quý khách thông cảm và tục ủng hộ quán. Biết ơn 🌺🌺	65000.00	assets/benno-bento-mì-ý-sốt-bò-mỹ-dĩ-an-cơm-bò-hầm-78561fb60d.webp	12	Còn hàng	56
542	Cơm bò hầm trứng	Bò hầm đậm đà, trứng mềm thơm ngon.	70000.00	assets/benno-bento-mì-ý-sốt-bò-mỹ-dĩ-an-cơm-bò-hầm-trứng-c3a5ff2481.webp	12	Còn hàng	56
543	Cơm bò hầm kimchi	Thông báo đến khách hàng nay các món ăn của quán đồng loạt tăng giá theo Công ty cung cấp thực phẩm . Mong quý khách thông cảm và tục ủng hộ quán. Biết ơn 🌺🌺	70000.00	assets/benno-bento-mì-ý-sốt-bò-mỹ-dĩ-an-cơm-bò-hầm-kimchi-503c5f0ea4.webp	12	Còn hàng	56
544	Cơm bò hầm phô mai	Bò hầm mềm mịn, phô mai béo ngậy.	70000.00	assets/benno-bento-mì-ý-sốt-bò-mỹ-dĩ-an-cơm-bò-hầm-phô-mai-a58df054ff.webp	12	Còn hàng	56
545	Cơm gà Giòn	Cơm gà giòn, rau tươi, kimchi hấp dẫn.Thông báo đến khách hàng nay các món ăn của quán đồng loạt tăng giá theo Công ty cung cấp thực phẩm . Mong quý khách thông cảm và tục ủng hộ quán. Biết ơn 🌺🌺	71000.00	assets/benno-bento-mì-ý-sốt-bò-mỹ-dĩ-an-cơm-gà-giòn-366839ed8e.webp	12	Còn hàng	56
546	Salad dầu giấm thịt xông khói	Salad tươi mát, thịt xông khói giòn, giấm nhẹ nhàng tạo hương vị độc đáo.	40000.00	assets/benno-bento-mì-ý-sốt-bò-mỹ-dĩ-an-salad-dầu-giấm-thịt-xông-khói-40a950775a.webp	5	Còn hàng	56
547	Salad dầu giấm	Salad tươi mới với dầu giấm chua ngọt.	22000.00	assets/benno-bento-mì-ý-sốt-bò-mỹ-dĩ-an-salad-dầu-giấm-54b982d88d.webp	5	Còn hàng	56
548	Salad MayonYuzu	Salad tươi ngon, sốt MayonYuzu độc đáo	25000.00	assets/benno-bento-mì-ý-sốt-bò-mỹ-dĩ-an-salad-mayonyuzu-4c8c102470.webp	5	Còn hàng	56
549	Salad Mè Rang	Salad tươi mát với rau xanh giòn và sốt đậm đà.	30000.00	assets/benno-bento-mì-ý-sốt-bò-mỹ-dĩ-an-salad-mè-rang-4fc69a2dd2.webp	5	Còn hàng	56
550	Salad gà giòn sốt Nhật	Gà giòn, rau tươi, sốt Nhật đậm đà.	50000.00	assets/benno-bento-mì-ý-sốt-bò-mỹ-dĩ-an-salad-gà-giòn-sốt-nhật-5bee2c9885.webp	5	Còn hàng	56
551	Salad Dầu Giấm Bò Mỹ	Salad bò Mỹ tưới mát và hấp dẫn.	55000.00	assets/benno-bento-mì-ý-sốt-bò-mỹ-dĩ-an-salad-dầu-giấm-bò-mỹ-12fc680171.webp	5	Còn hàng	56
552	Mì thêm	Mì Ý sốt bò đậm đà.	12000.00	assets/benno-bento-mì-ý-sốt-bò-mỹ-dĩ-an-mì-thêm-13a14af139.webp	8	Còn hàng	56
553	Phi-lê 2 đùi giòn sốt cay	Hai đùi gà giòn với sốt cay hấp dẫn.	70000.00	assets/benno-bento-mì-ý-sốt-bò-mỹ-dĩ-an-phi-lê-2-đùi-giòn-sốt-cay-4505a854c7.webp	1	Còn hàng	56
554	Phi-lê 2 đùi giòn Teriyaki	Phi-lê 2 đùi giòn với sốt Teriyaki đậm đà.	70000.00	assets/benno-bento-mì-ý-sốt-bò-mỹ-dĩ-an-phi-lê-2-đùi-giòn-teriyaki-cc5a15ea50.webp	1	Còn hàng	56
555	1 cây Xúc Xích và khoai tây chiên	Xúc xích giòn rụm, khoai tây chiên vàng óng.	52000.00	assets/benno-bento-mì-ý-sốt-bò-mỹ-dĩ-an-1-cây-xúc-xích-và-khoai-tây-chiên-176314ad11.webp	5	Còn hàng	56
556	1 cây Xúc xích Đức xông khói	1 cây Xúc xích Đức xông khói thơm ngon, đậm đà.	25000.00	assets/benno-bento-mì-ý-sốt-bò-mỹ-dĩ-an-1-cây-xúc-xích-đức-xông-khói-9d1f974a91.webp	5	Còn hàng	56
557	1 phần Khoai tây chiên	Khoai tây chiên giòn rụm, ngon khó cưỡng.	30000.00	assets/benno-bento-mì-ý-sốt-bò-mỹ-dĩ-an-1-phần-khoai-tây-chiên-3482638da3.webp	4	Còn hàng	56
558	Coca-cola 390ml	Nước ngọt Coca-cola, vị ngọt nhẹ nhàng, sảng khoái.	13000.00	assets/benno-bento-mì-ý-sốt-bò-mỹ-dĩ-an-coca-cola-390ml-740593ee62.webp	7	Còn hàng	56
559	Nước suối Aquafina 500ml	Nước suối tinh khiết, sảng khoái, nhẹ nhàng cho mọi lúc.	10000.00	assets/benno-bento-mì-ý-sốt-bò-mỹ-dĩ-an-nước-suối-aquafina-500ml-4c31586a7b.webp	7	Còn hàng	56
560	Rau má đậu xanh	Nước rau má tươi mát, đậu xanh ngọt nhẹ, giải khát hoàn hảo.	17000.00	assets/benno-bento-mì-ý-sốt-bò-mỹ-dĩ-an-rau-má-đậu-xanh-a098797b92.webp	7	Còn hàng	56
561	Nước suối Dasani	Nước suối thương hiệu Dasani 500ml	10000.00	assets/benno-bento-mì-ý-sốt-bò-mỹ-dĩ-an-nước-suối-dasani-2eed8a9d2c.webp	7	Còn hàng	56
562	Combo Sáng Highlands - PhinDi	Combo Sáng Highlands - PhinDi	59000.00	assets/highlands-coffee-hùng-vương-long-khánh-combo-sáng-highlands-phindi-9107fb9785.webp	10	Còn hàng	57
563	Combo Sáng Highlands	Sáng vội chưa kịp dùng bữa? Đừng đắn đo chọn ngay Combo Sáng Higlands để khởi đầu ngày mới thật hứng khởi từ hương vị Cà Phê đậm đà và tràn đầy năng lượng từ Bánh Mì Que nóng giòn nhé!	39000.00	assets/highlands-coffee-hùng-vương-long-khánh-combo-sáng-highlands-39cd4c9c3c.webp	10	Còn hàng	57
564	Combo Trà Chiều Highlands (1 người)	Một combo Trà Bánh quá hoàn hảo cho bạn nhâm nhi mỗi xế chiều đây!	79000.00	assets/highlands-coffee-hùng-vương-long-khánh-combo-trà-chiều-highlands-1-người-e1a59bdfaf.webp	10	Còn hàng	57
565	Combo Trà Chiều Highlands (nhóm)	Đừng bỏ qua combo hoàn hảo cho hội bạn, hội đồng nghiệp, hội anh chị em nhâm nhi rôm rả mỗi xế chiều đây!	139000.00	assets/highlands-coffee-hùng-vương-long-khánh-combo-trà-chiều-highlands-nhóm-76fd22e347.webp	10	Còn hàng	57
566	Chill Cuối Tuần - Mua 3 Tặng 2	MỜI 2 LY TRÀ 0 ĐỒNG cỡ M khi mua 3 ly Freeze cỡ L bất kỳ. Số lượng có hạn. Mua ngay! Sản phẩm sẽ trở về giá gốc khi chương trình khuyến mãi kết thúc.	207000.00	assets/highlands-coffee-hùng-vương-long-khánh-chill-cuối-tuần-mua-3-tặng-2-b552923360.webp	10	Còn hàng	57
567	Trà Sữa Hồng Kông	Được làm từ trà đen nguyên lá hòa quyện cùng công thức pha chế riêng từ Highlands và lớp Mochi dai dẻo đặc trưng	65000.00	assets/highlands-coffee-hùng-vương-long-khánh-trà-sữa-hồng-kông-82fe66b623.webp	7	Còn hàng	57
568	Trà Sữa Trà Xanh	Giữ nguyên độ thơm của trà xanh Highlands từ Việt Nam, vị thanh mát kết hợp Mochi sóng sánh ngon miệng	65000.00	assets/highlands-coffee-hùng-vương-long-khánh-trà-sữa-trà-xanh-6609c3adba.webp	7	Còn hàng	57
569	Trà Sữa Hojicha	Sự kết hợp của vị thơm nhẹ đến từ hương vị trà rang Nhật, hòa quyện cùng Mochi sóng sánh mới lạ khó cưỡng	65000.00	assets/highlands-coffee-hùng-vương-long-khánh-trà-sữa-hojicha-3920622b70.webp	7	Còn hàng	57
570	Trà Sữa Đài Loan	Trà Sữa Đài Loan mang đến trải nghiệm đậm đà với trà đen hảo hạng	65000.00	assets/highlands-coffee-hùng-vương-long-khánh-trà-sữa-đài-loan-ddcc42c76c.webp	7	Còn hàng	57
571	Trà Mơ Mận Tây Bắc	Sở hữu vị ngọt thanh của mận chín đỏ hòa quyện cùng chút chua nhẹ đặc trưng từ mơ ume Nhật, tạo nên một hương vị vừa lạ vừa quen, đầy cuốn hút và khó quên.	59000.00	assets/highlands-coffee-hùng-vương-long-khánh-trà-mơ-mận-tây-bắc-80f42292e4.webp	7	Còn hàng	57
572	Freeze Mơ Mận Tây Bắc	Sở hữu vị ngọt thanh của mận chín đỏ hòa quyện cùng chút chua nhẹ đặc trưng từ mơ ume Nhật, tạo nên một hương vị vừa lạ vừa quen, đầy cuốn hút và khó quên.	59000.00	assets/highlands-coffee-hùng-vương-long-khánh-freeze-mơ-mận-tây-bắc-801dee7916.webp	7	Còn hàng	57
573	Phin Kem Dừa	Sự hòa quyện hoàn hảo giữa Phin sữa đá đậm đà, kem dừa béo mịn và dừa sấy giòn tan.	55000.00	assets/highlands-coffee-hùng-vương-long-khánh-phin-kem-dừa-b1500c00f7.webp	7	Còn hàng	57
574	Cà Phê Freeze Coco	Sự kết hợp độc đáo giữa espresso và hỗn hợp dừa đá xay mịn màng cùng dừa sấy	75000.00	assets/highlands-coffee-hùng-vương-long-khánh-cà-phê-freeze-coco-cddf69fb7a.webp	7	Còn hàng	57
575	PhinĐi Xoài Dừa	Sự hòa quyện hoàn hảo giữa sữa xoài dừa béo thơm, cà phê Phin đậm đà và lớp kem mịn màng, điểm xuyết thạch xoài mềm dẻo.	55000.00	assets/highlands-coffee-hùng-vương-long-khánh-phinđi-xoài-dừa-d48b64e8e7.webp	7	Còn hàng	57
576	Americano Nước Dừa	Sự kết hợp tươi mới giữa espresso mượt mà và nước dừa tươi thanh mát	55000.00	assets/highlands-coffee-hùng-vương-long-khánh-americano-nước-dừa-516cfb7878.webp	7	Còn hàng	57
577	Trà Sen Vàng (Khoai Môn)	Từ trà Ô Long kết hợp với hạt sen thanh mát và lớp kem mềm mại, nay thêm Trân châu khoai môn dẻo thơm.	45000.00	assets/highlands-coffee-hùng-vương-long-khánh-trà-sen-vàng-khoai-môn-0c8a8ecae3.webp	7	Còn hàng	57
578	Trà Sen Vàng (Dừa)	Từ trà Ô Long kết hợp với hạt sen Thanh mát và lớp kem mềm mại, nay thêm Trân châu dừa giòn thơm.	45000.00	assets/highlands-coffee-hùng-vương-long-khánh-trà-sen-vàng-dừa-9ce50a5222.webp	7	Còn hàng	57
579	Trà Thanh Đào	Sự hài hòa giữa vị trà cao cấp, những miếng đào ngọt giòn thêm chút hương thanh mát của sả, thoả mãn vị giác 100	45000.00	assets/highlands-coffee-hùng-vương-long-khánh-trà-thanh-đào-ae28ad8c5a.webp	7	Còn hàng	57
580	Trà Ngọc Trai Dâu Tằm	Trà Ngọc Trai Dâu Tằm	59000.00	assets/highlands-coffee-hùng-vương-long-khánh-trà-ngọc-trai-dâu-tằm-6e9db2b862.webp	7	Còn hàng	57
581	Trà Sen Vàng (Củ Năng)	Từ Ô Long kết hợp với hương sen thanh mát, thêm nguyên liệu củ năng giòn ngọt và lớp kem mềm mại.	45000.00	assets/highlands-coffee-hùng-vương-long-khánh-trà-sen-vàng-củ-năng-84f7c05fe8.webp	7	Còn hàng	57
582	Trà Sen Vàng (Sen)	Trà Ô long kết hợp với hương sen thanh mát, thêm đậm vị sen bằng hạt sen dẻo thơm và lớp kem mềm mại.	45000.00	assets/highlands-coffee-hùng-vương-long-khánh-trà-sen-vàng-sen-d6d8cb2326.webp	7	Còn hàng	57
583	Trà Thạch Đào - Trà Sữa Highlands	Sự hoà quyện của hương thơm đào và độ thơm béo của sữa. Thêm ngon cùng topping miếng đào và thạch đào dai giòn.	45000.00	assets/highlands-coffee-hùng-vương-long-khánh-trà-thạch-đào-trà-sữa-highlands-4ef95a08e5.webp	7	Còn hàng	57
584	Trà Thạch Vải	Sự kết hợp giữa quả vải mọng nước cùng trà đen và thạch vải giòn thơm hương vải.	45000.00	assets/highlands-coffee-hùng-vương-long-khánh-trà-thạch-vải-186ae238f1.webp	7	Còn hàng	57
585	Trà Xanh Đậu Đỏ	Vị trà xanh đăng đắng thơm ngát, thêm độ ngọt vừa và mềm mại của đậu đỏ. Ngon ngọt nhưng không ngấy.	45000.00	assets/highlands-coffee-hùng-vương-long-khánh-trà-xanh-đậu-đỏ-378cdb9f34.webp	7	Còn hàng	57
586	Đào Lát (4 lát)	Đào Lát (4 lát)	15000.00	assets/highlands-coffee-hùng-vương-long-khánh-đào-lát-4-lát-c91b483819.webp	8	Còn hàng	57
587	Vải Trái (3 trái)	Vải Trái (3 trái)	15000.00	assets/highlands-coffee-hùng-vương-long-khánh-vải-trái-3-trái-5c58ba1ee5.webp	8	Còn hàng	57
588	Thạch Cà phê	Thạch Cà phê	9000.00	assets/highlands-coffee-hùng-vương-long-khánh-thạch-cà-phê-2939863877.webp	8	Còn hàng	57
589	Trân Châu Khoai Môn	Trân châu khoai môn dẻo thơm; thích hợp dùng kèm Trà Sen Vàng.	9000.00	assets/highlands-coffee-hùng-vương-long-khánh-trân-châu-khoai-môn-c2f5bc7079.webp	8	Còn hàng	57
590	Thạch Trà Xanh	Thạch Trà Xanh	9000.00	assets/highlands-coffee-hùng-vương-long-khánh-thạch-trà-xanh-3fa9c73e4b.webp	8	Còn hàng	57
591	Trân Châu Dừa	Trân châu dừa giòn thơm; thích hợp dùng kèm Trà Sen Vàng.	9000.00	assets/highlands-coffee-hùng-vương-long-khánh-trân-châu-dừa-fde4921ac7.webp	8	Còn hàng	57
592	Thạch Vải (4 miếng)	Thạch Vải (4 miếng)	9000.00	assets/highlands-coffee-hùng-vương-long-khánh-thạch-vải-4-miếng-6798d2fbba.webp	8	Còn hàng	57
593	Trân Châu Trắng	Trân châu trắng giòn, tạo vị vui tươi; thích hợp dùng kèm Trà Ngọc Trai Dâu Tằm và Trà Sen Vàng.	9000.00	assets/highlands-coffee-hùng-vương-long-khánh-trân-châu-trắng-c9d5d0e543.webp	8	Còn hàng	57
594	Thạch Đào	Thạch Đào	9000.00	assets/highlands-coffee-hùng-vương-long-khánh-thạch-đào-ec972c3028.webp	8	Còn hàng	57
595	Hạt Sen	Hạt sen thanh mát, béo bùi; thích hợp dùng kèm Trà Sen Vàng.	15000.00	assets/highlands-coffee-hùng-vương-long-khánh-hạt-sen-dc7ee2c943.webp	8	Còn hàng	57
596	Đậu Đỏ	Đậu Đỏ	9000.00	assets/highlands-coffee-hùng-vương-long-khánh-đậu-đỏ-8dd6203eb5.webp	8	Còn hàng	57
597	Củ Năng	Củ năng giòn ngọt; thích hợp dùng kèm Trà Sen Vàng.	9000.00	assets/highlands-coffee-hùng-vương-long-khánh-củ-năng-98a7272465.webp	8	Còn hàng	57
598	Kem Sữa	Kem Sữa	9000.00	assets/highlands-coffee-hùng-vương-long-khánh-kem-sữa-88cd00d2f4.webp	8	Còn hàng	57
599	Cà Phê Phin Sữa (Coffee)	Sản phẩm đặc trưng thương hiệu với nguyên liệu số 1 từ Hạt Robusta thêm Arabica, hoà quyện cùng sữa và đá vừa phải.	29000.00	assets/highlands-coffee-hùng-vương-long-khánh-cà-phê-phin-sữa-coffee-f3212a37c5.webp	7	Còn hàng	57
600	Cà Phê Phin Đen (Coffee)	Ly Cà phê được pha hoàn toàn từ Phin, thêm đường đá nhưng vẫn cực đậm vị cà phê.	29000.00	assets/highlands-coffee-hùng-vương-long-khánh-cà-phê-phin-đen-coffee-3748e56a16.webp	7	Còn hàng	57
601	Bạc Xỉu	Lựa chọn cho bạn "nhẹ đô" cà phê. Giảm nhẹ độ đắng cà phê, tăng thêm độ ngọt từ sữa đặc.	29000.00	assets/highlands-coffee-hùng-vương-long-khánh-bạc-xỉu-e4fcc85b12.webp	7	Còn hàng	57
602	Freeze Kem Mây Dâu Tằm	Lớp kem mây mềm mịn của Freeze sẽ đưa bạn đến một mùa hè thật bay bổng, gác lại những bộn bề ngày thường.	55000.00	assets/highlands-coffee-hùng-vương-long-khánh-freeze-kem-mây-dâu-tằm-16ef89327d.webp	7	Còn hàng	57
603	Freeze Trà Xanh - Đá Xay	Món ngon mát lạnh từ vị trà xanh thêm thạch giòn thơm và kem béo ngậy. Phần trang trí có thể bị ảnh hưởng khi vận chuyển.	55000.00	assets/highlands-coffee-hùng-vương-long-khánh-freeze-trà-xanh-đá-xay-5ad87962dc.webp	7	Còn hàng	57
604	Freeze Sô Cô La - Đá Xay	Thêm lạ khẩu vị cùng vị đăng đắng của Sô-cô-la trong Freezee Sô-cô-la. Phần trang trí có thể bị ảnh hưởng khi vận chuyển.	55000.00	assets/highlands-coffee-hùng-vương-long-khánh-freeze-sô-cô-la-đá-xay-0a39719f2b.webp	7	Còn hàng	57
605	Cookies & Cream - Đá Xay	Mát lạnh và không có cà phê ư? Có ngay sự kết hợp giữa bánh Oreo, sữa tươi và whipping cream! Phần kem có thể bị ảnh hưởng khi vận chuyển.	55000.00	assets/highlands-coffee-hùng-vương-long-khánh-cookies-cream-đá-xay-6856603d22.webp	7	Còn hàng	57
606	Caramel Phin Freeze - Đá Xay	Sự cộng hưởng của hương cà phê đá xay và caramel, thêm kem sữa rưới sốt caramel bên trên. Phần kem có thể bị ảnh hưởng khi vận chuyển.	55000.00	assets/highlands-coffee-hùng-vương-long-khánh-caramel-phin-freeze-đá-xay-9d3e14108b.webp	7	Còn hàng	57
607	Classic Phin Freeze - Đá Xay	Sự kết hợp giữa cà phê đá xay và caramel nhưng nhấn mạnh vào vị cà phê đậm đà. Phần kem có thể bị ảnh hưởng khi vận chuyển.	55000.00	assets/highlands-coffee-hùng-vương-long-khánh-classic-phin-freeze-đá-xay-4de8dae9e0.webp	7	Còn hàng	57
608	Phindi Hạnh Nhân - Cà phê (Coffee)	Cà phê Phin với độ đậm cà phê vừa phải, đặc biệt thêm Hạnh nhân thơm bùi.	45000.00	assets/highlands-coffee-hùng-vương-long-khánh-phindi-hạnh-nhân-cà-phê-coffee-0eabd54cc1.webp	7	Còn hàng	57
609	Phindi Kem Sữa - Cà phê (Coffee)	Cà phê Phin với độ đậm cà phê vừa phải, đặc biệt thêm Kem Sữa thơm béo.	45000.00	assets/highlands-coffee-hùng-vương-long-khánh-phindi-kem-sữa-cà-phê-coffee-dd81dc2ee5.webp	7	Còn hàng	57
610	Phindi Choco - Cà phê (Coffee)	Cà phê Phin kết hợp cùng Choco ngọt tan mang đến hương vị đắng nhẹ mà ngọt dịu.	45000.00	assets/highlands-coffee-hùng-vương-long-khánh-phindi-choco-cà-phê-coffee-a3b31d5662.webp	7	Còn hàng	57
611	Bánh Mì Que Pate Highlands	Bánh nóng hổi, giòn giòn, kết hợp cùng chút beo béo ngầy ngậy của pa tê.	19000.00	assets/highlands-coffee-hùng-vương-long-khánh-bánh-mì-que-pate-highlands-b772608e71.webp	6	Còn hàng	57
612	Bánh Mì Que Gà Phô Mai Highlands	Bánh mì nóng giòn, béo ngậy vị gà phô mai, thích hợp nhâm nhi cùng trà.	19000.00	assets/highlands-coffee-hùng-vương-long-khánh-bánh-mì-que-gà-phô-mai-highlands-ec747714f7.webp	6	Còn hàng	57
613	Bánh Su Kem Highlands	Bánh Su Kem Highlands	29000.00	assets/highlands-coffee-hùng-vương-long-khánh-bánh-su-kem-highlands-176f0c7e4d.webp	6	Còn hàng	57
614	Bánh Phô Mai Chanh Dây Highlands	Vỏ bánh vàng sáng, hương vị kết hợp từ vị beo béo của phô mai cùng với vị chua nhẹ của chanh dây.	35000.00	assets/highlands-coffee-hùng-vương-long-khánh-bánh-phô-mai-chanh-dây-highlands-b2bf29255f.webp	6	Còn hàng	57
615	Bánh Tiramisu Highlands	Bánh lạnh thơm mát với nguyên liệu ca-cao Việt Nam, thêm phô mai ít béo và hương thơm nhẹ nhàng của Rhum	39000.00	assets/highlands-coffee-hùng-vương-long-khánh-bánh-tiramisu-highlands-6fd8dff63f.webp	6	Còn hàng	57
616	Bánh Bông Lan Trứng Muối	Lớp bánh mềm mịn, thơm ngon. Nhân kem phô mai béo ngậy, đậm đà. Topping trứng muối mặn mà, cùng chà bông. Thích hợp dùng làm bữa sáng muộn. Hợp dùng với cà phê và trà nhờ sự hòa quyện giữa mặn và ngọt	39000.00	assets/highlands-coffee-hùng-vương-long-khánh-bánh-bông-lan-trứng-muối-ad2d341d5b.webp	6	Còn hàng	57
617	Bánh Cuộn Vị Quế	Bánh Cuộn Vị Quế	49000.00	assets/highlands-coffee-hùng-vương-long-khánh-bánh-bông-lan-trứng-muối-ad2d341d5b.webp	6	Còn hàng	57
618	Bánh Croissant Highlands 55Gr	Vỏ giòn thơm bơ, xốp mịn mềm tan. Thưởng thức cùng ly Phin Sữa Đá mang đến nhiều trải nghiệm thú vị. Thử ngay!	29000.00	assets/highlands-coffee-hùng-vương-long-khánh-bánh-croissant-highlands-55gr-9b3dbc5c73.webp	6	Còn hàng	57
619	Bánh Sữa Chua Phô Mai Highlands	Bánh Sữa Chua Phô Mai Highlands	39000.00	assets/highlands-coffee-hùng-vương-long-khánh-bánh-sữa-chua-phô-mai-highlands-2a33f1224b.webp	6	Còn hàng	57
620	Bánh Chuối Highlands	Món bánh truyền thống quen thuộc, với nguyên liệu 100% từ chuối tươi và nước cốt dừa nguyên chất.	29000.00	assets/highlands-coffee-hùng-vương-long-khánh-bánh-chuối-highlands-e1ff96bb3f.webp	6	Còn hàng	57
621	Bánh Phô Mai Caramel Highlands	Bánh mềm mịn, tan chảy với độ thơm béo của phô mai, thêm caramel bắt mắt và ngọt ngào.	35000.00	assets/highlands-coffee-hùng-vương-long-khánh-bánh-phô-mai-caramel-highlands-0a8da8df9b.webp	6	Còn hàng	57
622	Bánh Phô Mai Trà Xanh Highlands	Vị trà xanh đắng nhẹ thêm phô mai ít béo, giảm độ ngấy của bánh nhưng vẫn thơm hương trà và đủ độ ngọt.	35000.00	assets/highlands-coffee-hùng-vương-long-khánh-bánh-phô-mai-trà-xanh-highlands-f01eaf689d.webp	6	Còn hàng	57
623	Bánh Mousse Cacao Highlands	Vị bánh ngọt dịu và mịn xốp với cốt bánh làm từ ca-cao Việt Nam và thêm lớp kem tươi mới.	35000.00	assets/highlands-coffee-hùng-vương-long-khánh-bánh-mousse-cacao-highlands-677853d9da.webp	6	Còn hàng	57
624	Sô Cô La Sữa Highlands 40% - 30 gr	Sô Cô La Sữa Highlands với thành phần được lựa chọn kỹ lưỡng kết hợp cùng công thức chế biến đặc biệt. Sản phẩm với chút đắng nhẹ từ Cacao hòa cùng vị béo ngậy, ngọt ngào từ sữa. Thưởng thức ngay!	39000.00	assets/highlands-coffee-hùng-vương-long-khánh-sô-cô-la-sữa-highlands-40-30-gr-8d018cc10d.webp	6	Còn hàng	57
625	Sô Cô La Đen Highlands 70% - 30 gr	Sô Cô La Đen Highlands với thành phần được lựa chọn kỹ lưỡng kết hợp cùng công thức chế biến đặc biệt. Sản phẩm với hương vị đậm đà từ Cacao nguyên chất, lưu lại nơi hậu vị mùi hương đầy tinh tế. Thưởng thức ngay!	39000.00	assets/highlands-coffee-hùng-vương-long-khánh-sô-cô-la-đen-highlands-70-30-gr-a502d0381d.webp	6	Còn hàng	57
626	Bánh Su May Mắn	Bánh Su May Mắn	39000.00	assets/highlands-coffee-hùng-vương-long-khánh-bánh-su-may-mắn-c5b25fbfcd.webp	6	Còn hàng	57
627	Bánh Quy Vani Highlands	Bánh quy Highlands giòn tan, cùng hương vị thơm ngon dịu nhẹ mùi Vani. Hoàn hảo khi kết hợp với Trà ngon Highlands. Dùng thử ngay!	15000.00	assets/highlands-coffee-hùng-vương-long-khánh-bánh-quy-vani-highlands-52a12036bf.webp	6	Còn hàng	57
628	Bánh Quy Trà Xanh Highlands	Bánh quy Highlands giòn tan, cùng hương vị thơm ngon dịu nhẹ mùi Trà Xanh. Thêm chút vị béo bùi từ các loại hạt. Hoàn hảo khi kết hợp với Trà ngon Highlands. Dùng thử ngay!	20000.00	assets/highlands-coffee-hùng-vương-long-khánh-bánh-quy-trà-xanh-highlands-d3345f6276.webp	6	Còn hàng	57
629	Americano Đào	Americano Đào	55000.00	assets/highlands-coffee-hùng-vương-long-khánh-americano-đào-d55d9aae39.webp	7	Còn hàng	57
630	Mocha	Mocha	69000.00	assets/highlands-coffee-hùng-vương-long-khánh-mocha-8b04946dc5.webp	7	Còn hàng	57
631	Americano	Cà phê espresso cùng tỉ lệ nước sôi thích hợp nhưng vẫn đậm đà vị cà phê.	45000.00	assets/highlands-coffee-hùng-vương-long-khánh-americano-795caa28e1.webp	7	Còn hàng	57
632	Latte	Lựa chọn cho bạn "nhẹ đô" cà phê. Ly cà phê sữa ngọt ngào, thêm sữa tươi và bọt sữa trang trí tỉ mỉ.	65000.00	assets/highlands-coffee-hùng-vương-long-khánh-latte-c3afc2794f.webp	7	Còn hàng	57
633	Cappuccino	Cà phê sữa đậm đà, vị cà phê đậm hơn Latte. Thêm sưã tươi và bọt sữa trang trí tỉ mỉ.	65000.00	assets/highlands-coffee-hùng-vương-long-khánh-cappuccino-7e8cd1a3d5.webp	7	Còn hàng	57
634	Caramel Macchiato	Hương vị của cà phê espresso đăng đắng và sữa tươi ngọt dịu. Tạo hình trang trí tỉ mỉ bằng lớp bọt sữa.	69000.00	assets/highlands-coffee-hùng-vương-long-khánh-caramel-macchiato-5a61f74451.webp	7	Còn hàng	57
635	Espresso	Ly cà phê với công thức rang xay và pha chế đẳng cấp chuyên gia, nguyên liệu Robusta và Arabica hảo hạng.	45000.00	assets/highlands-coffee-hùng-vương-long-khánh-espresso-2baf40a9a6.webp	7	Còn hàng	57
636	Vaaang Americano	Được làm từ 100% hạt cà phê đặc sản Fine Robusta Việt Nam cao cấp từ vùng Đăk Lăk và Lâm Đồng, mang lại hương vị tinh tế, đậm đà, độc đáo.	51000.00	assets/highlands-coffee-hùng-vương-long-khánh-vaaang-americano-b3415d2878.webp	7	Còn hàng	57
637	Vaaang Latte	Được làm từ 100% hạt cà phê đặc sản Fine Robusta Việt Nam cao cấp từ vùng Đăk Lăk và Lâm Đồng, mang lại hương vị tinh tế, đậm đà, độc đáo.	76000.00	assets/highlands-coffee-hùng-vương-long-khánh-vaaang-latte-11dec6cf6f.webp	7	Còn hàng	57
638	Vaaang Cappuccino	Được làm từ 100% hạt cà phê đặc sản Fine Robusta Việt Nam cao cấp từ vùng Đăk Lăk và Lâm Đồng, mang lại hương vị tinh tế, đậm đà, độc đáo.	76000.00	assets/highlands-coffee-hùng-vương-long-khánh-vaaang-cappuccino-f25ea8be38.webp	7	Còn hàng	57
642	Chanh Đá Viên	Vị chanh thơm mát, chua nhẹ cùng lượng đá viên vừa phải, giải khát tức thì.	49000.00	assets/highlands-coffee-hùng-vương-long-khánh-chanh-đá-viên-6409a3a661.webp	7	Còn hàng	57
643	Chanh Đá Xay	Vẫn vị chanh thơm, vị chua sảng khoái nhưng gấp đôi mát lạnh với đá xay.	49000.00	assets/highlands-coffee-hùng-vương-long-khánh-chanh-đá-xay-ff46569855.webp	7	Còn hàng	57
644	Tắc/Quất Đá Viên	Vị tắc thơm mát, chua nhẹ cùng lượng đường đá vừa phải, mát lạnh tức thì.	49000.00	assets/highlands-coffee-hùng-vương-long-khánh-tắcquất-đá-viên-1edaabd03e.webp	7	Còn hàng	57
645	Socola	Socola nóng sự kết hợp giữa vị đắng đặc trưng của sô-cô-la, độ ấm nóng vừa phải. Socola đá đậm đà vị sô-cô-la, thêm đá trung hoà vị đăng đắng đặc trưng, thêm mát lạnh.	59000.00	assets/highlands-coffee-hùng-vương-long-khánh-socola-b9d725663d.webp	7	Còn hàng	57
646	Matcha Latte (Sữa Oatside) (Nhỏ)	Matcha Powder, Sữa Yến Mạch Oatside	55000.00	assets/simone-matcha-và-hojicha-drinks-và-tiramisu-matcha-latte-sữa-oatside-nhỏ-17b3a3dbfa.webp	7	Còn hàng	58
647	Nhỏ	Matcha Powder, Sữa Yến Mạch Oatside.	65000.00	assets/simone-matcha-và-hojicha-drinks-và-tiramisu-matcha-latte-sữa-oatside-lớn-51d8b99d64.webp	7	Còn hàng	58
648	Matcha Latte (Sữa Meiji) (Nhỏ)	Matcha Powder, Sữa Thanh Trùng Meiji.	59000.00	assets/simone-matcha-và-hojicha-drinks-và-tiramisu-matcha-latte-sữa-meiji-nhỏ-fdf15d54bf.webp	7	Còn hàng	58
649	Nhỏ	Matcha Powder, Sữa Thanh Trùng Meiji.	69000.00	assets/simone-matcha-và-hojicha-drinks-và-tiramisu-matcha-latte-sữa-meiji-lớn-db0dadcb9e.webp	7	Còn hàng	58
650	Matcha Haft&Haft Latte (Nhỏ)	Matcha Powder, Sữa Thanh Trùng Meiji & Sữa Yến Mạch Oatside.	69000.00	assets/simone-matcha-và-hojicha-drinks-và-tiramisu-matcha-hafthaft-latte-nhỏ-7ea6c23988.webp	7	Còn hàng	58
651	Matcha Haft&Haft Latte (Lớn)	Matcha Powder, Sữa Thanh Trùng Meiji và Sữa Yến Mạch Oatside.	79000.00	assets/simone-matcha-và-hojicha-drinks-và-tiramisu-matcha-hafthaft-latte-lớn-a6195d09da.webp	7	Còn hàng	58
652	Hojicha Latte (Sữa Oatside) (Nhỏ)	Hojicha Powdet, Sữa Yến Mạch Oatside.	55000.00	assets/simone-matcha-và-hojicha-drinks-và-tiramisu-hojicha-latte-sữa-oatside-nhỏ-b84ae2c1f0.webp	7	Còn hàng	58
653	Hojicha Latte (Sữa Oatside) (Lớn)	Hojicha Powder, Sữa Yến Mạch Oatside.	65000.00	assets/simone-matcha-và-hojicha-drinks-và-tiramisu-hojicha-latte-sữa-oatside-lớn-eff6cbfacb.webp	7	Còn hàng	58
654	Hojicha Latte (Sữa Meiji) (Nhỏ)	Hojicha Powder, Sữa Thanh Trùng Meiji.	59000.00	assets/simone-matcha-và-hojicha-drinks-và-tiramisu-hojicha-latte-sữa-meiji-nhỏ-38618f29a8.webp	7	Còn hàng	58
655	Hojicha Latte (Sữa Meiji) (Lớn)	Hojicha Powder, Sữa Thanh Trùng Meiji.	69000.00	assets/simone-matcha-và-hojicha-drinks-và-tiramisu-hojicha-latte-sữa-meiji-lớn-3f62758f68.webp	7	Còn hàng	58
656	Tiramisu Hojicha	Hojicha Powder, Phô Mai Mascarpone Tatua, Whipping Cream Anchor, Finger Lady.	99000.00	assets/simone-matcha-và-hojicha-drinks-và-tiramisu-tiramisu-hojicha-a56268cdc4.webp	6	Còn hàng	58
657	Tiramisu Matcha	Matcha Powder, Phô Mai Mascarpone Tatua, Whipping Cream Anchor, Finger Lady.	99000.00	assets/simone-matcha-và-hojicha-drinks-và-tiramisu-tiramisu-matcha-75063ebf7b.webp	6	Còn hàng	58
658	Trà Lài Thanh Yên Quế Hoa (Nhỏ)	Trà Lài, Mứt Thanh Yên, Quế Hoa, Hoa Lài, Xí Muội.	39000.00	assets/simone-matcha-và-hojicha-drinks-và-tiramisu-trà-lài-thanh-yên-quế-hoa-nhỏ-37e1cc0972.webp	7	Còn hàng	58
659	Trà Lài Thanh Yên Quế Hoa (Lớn)	Trà Lài, Mứt Thanh Yên, Quế Hoa, Hoa Lài, Xí Muội.	44000.00	assets/simone-matcha-và-hojicha-drinks-và-tiramisu-trà-lài-thanh-yên-quế-hoa-lớn-6a6bbba911.webp	7	Còn hàng	58
660	Yakult Thanh Yên (Nhỏ)	Yakult và Mứt Thanh Yên.	44000.00	assets/simone-matcha-và-hojicha-drinks-và-tiramisu-yakult-thanh-yên-nhỏ-e22c5ae712.webp	7	Còn hàng	58
661	Yakult Thanh Yên (Lớn)	Yakult và Mứt Thanh Yên.	49000.00	assets/simone-matcha-và-hojicha-drinks-và-tiramisu-yakult-thanh-yên-lớn-615b16b230.webp	7	Còn hàng	58
662	Búp Mơ Lài Trà (Nhỏ)	Trà Lài, Mứt Mơ, Mứt Sơ Ri, Hạt É.	35000.00	assets/simone-matcha-và-hojicha-drinks-và-tiramisu-búp-mơ-lài-trà-nhỏ-b0438e4ab9.webp	7	Còn hàng	58
663	Búp Mơ Lài Trà (Lớn)	Trà Lài, Mứt Mơ, Mứt Sơ Ri, Hạt É.	42000.00	assets/simone-matcha-và-hojicha-drinks-và-tiramisu-búp-mơ-lài-trà-lớn-62fa1716e2.webp	7	Còn hàng	58
664	Cúc Lê Lài Trà (Nhỏ)	Trà Lài, Mứt Lê, Mật Hoa Cúc, Hạt É, Hoa Cúc.	35000.00	assets/simone-matcha-và-hojicha-drinks-và-tiramisu-cúc-lê-lài-trà-nhỏ-331ce27ddf.webp	7	Còn hàng	58
665	Cúc Lê Lài Trà (Lớn)	Trà Lài, Mứt Lê, Mật Hoa Cúc, Hạt É, Hoa Cúc.	42000.00	assets/simone-matcha-và-hojicha-drinks-và-tiramisu-cúc-lê-lài-trà-lớn-6cd1515fa7.webp	7	Còn hàng	58
666	Trà Lài Hibicus Quả Mọng (Nhỏ)	Trà Lài, Mứt Atiso đỏ, Mứt Berry.	35000.00	assets/simone-matcha-và-hojicha-drinks-và-tiramisu-trà-lài-hibicus-quả-mọng-nhỏ-1409b1fc3e.webp	7	Còn hàng	58
667	Trà Lài Hibicus Quả Mọng (Lớn)	Trà Lài, Mứt Atiso đỏ, Mứt Berry.	42000.00	assets/simone-matcha-và-hojicha-drinks-và-tiramisu-trà-lài-hibicus-quả-mọng-lớn-3b2d7f823a.webp	7	Còn hàng	58
668	Nhãn Hoa Mộc Tê Trà (Nhỏ)	Trà Lài, Mứt Nhãn, Mật Hoa Mộc Tê, Long Nhãn Hưng Yên.	35000.00	assets/simone-matcha-và-hojicha-drinks-và-tiramisu-nhãn-hoa-mộc-tê-trà-nhỏ-4be977aa64.webp	7	Còn hàng	58
669	Nhãn Hoa Mộc Tê Trà (Lớn)	Trà Lài, Mứt Nhãn, Mật Hoa Mộc Tê, Long Nhãn Hưng Yên.	42000.00	assets/simone-matcha-và-hojicha-drinks-và-tiramisu-nhãn-hoa-mộc-tê-trà-lớn-62ca09bd6f.webp	7	Còn hàng	58
670	Bánh Mì Hoa Cúc	Bánh Mì Hoa Cúc	40500.00	assets/choco-bakery-trần-quốc-thảo-bánh-mì-hoa-cúc-305aad0771.webp	6	Còn hàng	59
671	Bông Lan Trứng Muối Lớn	Bông lan mềm mịn, trứng muối thơm ngon hấp dẫn.dầu sốt được làm từ dầu đậu lành simply rất tốt cho sức khoẻ	58500.00	assets/choco-bakery-trần-quốc-thảo-bông-lan-trứng-muối-lớn-dccb88d07d.webp	6	Còn hàng	59
672	Bánh Kem 12cnm	Mẫu bánh thay đổi theo ngày (không giống trên app)	240000.00	assets/choco-bakery-trần-quốc-thảo-bánh-kem-12cnm-f2a3d794c7.webp	6	Còn hàng	59
673	Bánh Kem 14cm	Mẫu bánh thay đổi theo ngày (không giống trên app)	280000.00	assets/choco-bakery-trần-quốc-thảo-bánh-kem-14cm-79e6cd44d2.webp	6	Còn hàng	59
674	Bánh Kem 16cm	Mẫu bánh thay đổi theo ngày (không giống trên app)	340000.00	assets/choco-bakery-trần-quốc-thảo-bánh-kem-16cm-5bcb7760e9.webp	6	Còn hàng	59
675	Bánh Kem ( Size Lớn )	Mẫu bánh thay đổi theo ngày (không giống trên app) size 18cm	380000.00	assets/choco-bakery-trần-quốc-thảo-bánh-kem-size-lớn-d90da038b6.webp	6	Còn hàng	59
676	Bánh Kem Bắp ( Size Mini )	Size 12cm	280000.00	assets/choco-bakery-trần-quốc-thảo-bánh-kem-bắp-size-mini-c7ce9729b0.webp	6	Còn hàng	59
677	Bánh Kem Bắp ( Size M )	Mẫu bánh thay đổi theo ngày (không giống trên app) 14cm	300000.00	assets/choco-bakery-trần-quốc-thảo-bánh-kem-bắp-size-m-5bce54f333.webp	6	Còn hàng	59
678	Bánh Kem Bắp ( Size L )	Mẫu bánh thay đổi theo ngày (không giống trên app) 16cm	360000.00	assets/choco-bakery-trần-quốc-thảo-bánh-kem-bắp-size-l-9337bca5c2.webp	6	Còn hàng	59
679	Bánh Kem Bắp ( Size XL )	Mẫu bánh thay đổi theo ngày (không giống trên app) 18cm	390000.00	assets/choco-bakery-trần-quốc-thảo-bánh-kem-bắp-size-xl-c76831e9e1.webp	6	Còn hàng	59
680	Bánh Kem Bắp ( Size XXL )	Mẫu bánh thay đổi theo ngày (không giống trên app) 20cm	440000.00	assets/choco-bakery-trần-quốc-thảo-bánh-kem-bắp-size-xxl-1082fb10a5.webp	6	Còn hàng	59
681	Bánh Sinh Nhật Set 4 Panacota mix vị	Dâu,matcha,socola,truyền thống	280000.00	assets/choco-bakery-trần-quốc-thảo-bánh-sinh-nhật-set-4-panacota-mix-vị-5c7ce12baf.webp	6	Còn hàng	59
682	Bánh Sinh Nhật Set 6 Panacota mix vị	Dâu,matcha,socola,truyền thống	340000.00	assets/choco-bakery-trần-quốc-thảo-bánh-sinh-nhật-set-6-panacota-mix-vị-fc546bd3ba.webp	6	Còn hàng	59
683	Bánh Sét Tiramisu ( Ly Tròn )	Bánh Sét Tiramisu ( Ly Tròn )	360000.00	assets/choco-bakery-trần-quốc-thảo-bánh-sét-tiramisu-ly-tròn-fb6fd2957a.webp	6	Còn hàng	59
684	Bánh Sét Tiramisu ( Ly Vuông )	Bánh Sét Tiramisu ( Ly Vuông )	360000.00	assets/choco-bakery-trần-quốc-thảo-bánh-sét-tiramisu-ly-vuông-319c4df0f3.webp	6	Còn hàng	59
685	Bánh Sinh Nhật Set 9 Panacota mix vị	Bánh Sinh Nhật Set 9 Panacota mix vị	450000.00	assets/choco-bakery-trần-quốc-thảo-bánh-sinh-nhật-set-9-panacota-mix-vị-323c52679a.webp	6	Còn hàng	59
686	Bánh Sinh Nhật Trứng Muối ( Size Mini )	Mẫu bánh thay đổi theo ngày (không giống trên app)	280000.00	assets/choco-bakery-trần-quốc-thảo-bánh-sinh-nhật-trứng-muối-size-mini-2df536caa7.webp	6	Còn hàng	59
687	Bánh Sinh Nhật Trứng Muối ( Size M )	Mẫu bánh thay đổi theo ngày (không giống trên app)	300000.00	assets/choco-bakery-trần-quốc-thảo-bánh-sinh-nhật-trứng-muối-size-m-cb0ae7465b.webp	6	Còn hàng	59
688	Bánh Sinh Nhật Trứng Muối ( Size L )	Mẫu bánh thay đổi theo ngày (không giống trên app)	360000.00	assets/choco-bakery-trần-quốc-thảo-bánh-sinh-nhật-trứng-muối-size-l-47de643eef.webp	6	Còn hàng	59
689	Bánh Kem Tiramisu ( Size 12cm )	Bánh tiramisu thơm lừng, trang trí đẹp mắt. Mẫu bánh thay đổi theo ngày (không giống trên app)	280000.00	assets/choco-bakery-trần-quốc-thảo-bánh-kem-tiramisu-size-12cm-461f56c60a.webp	6	Còn hàng	59
690	Bánh donut	Bánh donut	20000.00	assets/choco-bakery-trần-quốc-thảo-bánh-donut-a30c244740.webp	6	Còn hàng	59
691	Bông Lan donut	Bông Lan donut	55000.00	assets/choco-bakery-trần-quốc-thảo-bông-lan-donut-2cd352b11b.webp	6	Còn hàng	59
692	Su Kem Chiên	Su Kem Chiên	20000.00	assets/choco-bakery-trần-quốc-thảo-su-kem-chiên-4ab5caa048.webp	6	Còn hàng	59
693	Bánh Cua Phô Mai	Bánh Cua Phô Mai	20000.00	assets/choco-bakery-trần-quốc-thảo-bánh-cua-phô-mai-9563bbbc3d.webp	6	Còn hàng	59
694	Bánh Mì Khoai Tím	Bánh Mì Khoai Tím	25000.00	assets/choco-bakery-trần-quốc-thảo-bánh-mì-khoai-tím-b960d020ff.webp	6	Còn hàng	59
695	Bánh Mì Pho Mai Ngọt	Bánh Mì Pho Mai Ngọt	25000.00	assets/choco-bakery-trần-quốc-thảo-bánh-mì-pho-mai-ngọt-e787b23c2d.webp	6	Còn hàng	59
696	Pho Mai Cháy Rong Biển	Pho Mai Cháy Rong Biển	25000.00	assets/choco-bakery-trần-quốc-thảo-pho-mai-cháy-rong-biển-f5389e535a.webp	6	Còn hàng	59
697	Sốt Trứng Muối	Nhân sốt trứng muối chảy bên trong bánh	25000.00	assets/choco-bakery-trần-quốc-thảo-sốt-trứng-muối-acc762d4f2.webp	6	Còn hàng	59
698	Bánh Mì Mặn Sốt Bơ Tỏi	Bánh Mì Mặn Sốt Bơ Tỏi	25000.00	assets/choco-bakery-trần-quốc-thảo-bánh-mì-mặn-sốt-bơ-tỏi-b009484a8a.webp	6	Còn hàng	59
699	Bánh Mì Pho Mai Dứa Thái	Bánh Mì Pho Mai Dứa Thái	25000.00	assets/choco-bakery-trần-quốc-thảo-bánh-mì-pho-mai-dứa-thái-4526616f01.webp	6	Còn hàng	59
700	Bánh Mì Dừa Chà Bông	Bánh Mì Dừa Chà Bông	20000.00	assets/choco-bakery-trần-quốc-thảo-bánh-mì-dừa-chà-bông-1d150abcb9.webp	6	Còn hàng	59
701	Bánh Mì Chà Bông	Bánh Mì Chà Bông	20000.00	assets/choco-bakery-trần-quốc-thảo-bánh-mì-chà-bông-f7c3790ba7.webp	6	Còn hàng	59
702	Bánh Xúc Xích Sốt	Xúc xích béo ngậy cùng lớp phô mai tan chảy.	25000.00	assets/choco-bakery-trần-quốc-thảo-bánh-xúc-xích-sốt-702a7197c8.webp	6	Còn hàng	59
703	Xúc Xích Chà Bông	Xúc Xích Chà Bông	25000.00	assets/choco-bakery-trần-quốc-thảo-xúc-xích-chà-bông-222d45ac76.webp	6	Còn hàng	59
704	Xúc Xích Pho Mai Lát	Xúc Xích Pho Mai Lát	35000.00	assets/choco-bakery-trần-quốc-thảo-xúc-xích-pho-mai-lát-12de1e8d7c.webp	6	Còn hàng	59
705	Xúc Xích Sốt Pho Mai	Xúc Xích Sốt Pho Mai	35000.00	assets/choco-bakery-trần-quốc-thảo-xúc-xích-sốt-pho-mai-8a5c3a34f4.webp	6	Còn hàng	59
706	Xúc Xích Pho Mai	Xúc Xích Pho Mai	45000.00	assets/choco-bakery-trần-quốc-thảo-xúc-xích-pho-mai-c894ba5c15.webp	6	Còn hàng	59
707	Pizza Bò	Pizza Bò	55000.00	assets/choco-bakery-trần-quốc-thảo-pizza-bò-41dcec2b84.webp	9	Còn hàng	59
708	Bông Lan Chà Bông Đài Loan	Bông Lan Chà Bông Đài Loan	25000.00	assets/choco-bakery-trần-quốc-thảo-bông-lan-chà-bông-đài-loan-d504576e08.webp	6	Còn hàng	59
709	Bông Lan Chà Bông	Bông Lan Chà Bông	25000.00	assets/choco-bakery-trần-quốc-thảo-bông-lan-chà-bông-ebc50070b6.webp	6	Còn hàng	59
710	Bông Lan Thơm	Bông Lan Thơm	25000.00	assets/choco-bakery-trần-quốc-thảo-bông-lan-thơm-2b698cbe4e.webp	6	Còn hàng	59
711	Sanwich thịt nguội xá xíu pho mai	1/2 bánh trên hình	45000.00	assets/choco-bakery-trần-quốc-thảo-sanwich-thịt-nguội-xá-xíu-pho-mai-e279d35f01.webp	6	Còn hàng	59
712	Bánh Mì Sandwich	Bánh Mì Sandwich	35000.00	assets/choco-bakery-trần-quốc-thảo-bánh-mì-sandwich-ae27d0904f.webp	6	Còn hàng	59
713	Pho Mai Tan Chảy	Pho Mai Tan Chảy	45000.00	assets/choco-bakery-trần-quốc-thảo-pho-mai-tan-chảy-c7555c879c.webp	6	Còn hàng	59
714	Bánh Củ Khoai Lang mochi	cần hâm nóng trước khi ăn	35000.00	assets/choco-bakery-trần-quốc-thảo-bánh-củ-khoai-lang-mochi-6345d4c237.webp	6	Còn hàng	59
715	Sốt Trứng Muối Chà Bông	Sốt Trứng Muối Chà Bông	65000.00	assets/choco-bakery-trần-quốc-thảo-sốt-trứng-muối-chà-bông-e265337791.webp	6	Còn hàng	59
716	Bánh Mì Phô Mai Chà Bông Rong Biển	Bánh Mì Phô Mai Chà Bông Rong Biển	45000.00	assets/choco-bakery-trần-quốc-thảo-bánh-mì-phô-mai-chà-bông-rong-biển-e932773505.webp	6	Còn hàng	59
717	Bánh Mì Dừa Nướng Kem chesse	Bánh Mì Dừa Nướng Kem chesse	65000.00	assets/choco-bakery-trần-quốc-thảo-bánh-mì-dừa-nướng-kem-chesse-4cf85905b5.webp	6	Còn hàng	59
718	Pho Mai Mini mixvi	1 hộp 4 phần	65000.00	assets/choco-bakery-trần-quốc-thảo-pho-mai-mini-mixvi-2db78a7d69.webp	6	Còn hàng	59
719	Bánh Mì Cafe Kem Muối	1 hộp 4 phần	65000.00	assets/choco-bakery-trần-quốc-thảo-bánh-mì-cafe-kem-muối-562f642f1b.webp	6	Còn hàng	59
720	Bánh Custard ( Vani )	Bánh Custard ( Vani )	55000.00	assets/choco-bakery-trần-quốc-thảo-bánh-custard-vani-db1a751c32.webp	6	Còn hàng	59
721	Bánh Mì Mè Đen ( 1 hộp 2 phần )	Bánh Mì Mè Đen ( 1 hộp 2 phần )	35000.00	assets/choco-bakery-trần-quốc-thảo-bánh-mì-mè-đen-1-hộp-2-phần-59da45a219.webp	6	Còn hàng	59
722	Cake Bơ Vani	Cake Bơ Vani	20000.00	assets/choco-bakery-trần-quốc-thảo-cake-bơ-vani-f378d78e3a.webp	6	Còn hàng	59
723	Bánh Cake Socola ( 1 hộp 4 phần )	Bánh Cake Socola ( 1 hộp 4 phần )	65000.00	assets/choco-bakery-trần-quốc-thảo-bánh-cake-socola-1-hộp-4-phần-b40b06d32a.webp	6	Còn hàng	59
724	Bánh Cake Chuối	Bánh Cake Chuối	55000.00	assets/choco-bakery-trần-quốc-thảo-bánh-cake-chuối-90b71bde78.webp	6	Còn hàng	59
725	Bánh Mì Pho Mai Ngọt ( 1 bịch 5 phần )	Bánh Mì Pho Mai Ngọt ( 1 bịch 5 phần )	55000.00	assets/choco-bakery-trần-quốc-thảo-bánh-mì-pho-mai-ngọt-1-bịch-5-phần-d56269069f.webp	6	Còn hàng	59
726	Bánh Mì Chà Bông Trứng Muối	1 bịch 5 phần	55000.00	assets/choco-bakery-trần-quốc-thảo-bánh-mì-chà-bông-trứng-muối-135eb3ba32.webp	6	Còn hàng	59
727	Bánh Mì Hoa Cúc Nho Dừa	Nhân nho với dừa mịn	55000.00	assets/choco-bakery-trần-quốc-thảo-bánh-mì-hoa-cúc-nho-dừa-6d244c5056.webp	6	Còn hàng	59
728	Bánh Mì Hoa Cúc Phô Mai Dừa	Nhân pho mai chảy bên trong bánh	65000.00	assets/choco-bakery-trần-quốc-thảo-bánh-mì-hoa-cúc-phô-mai-dừa-dceb8c5c47.webp	6	Còn hàng	59
729	Bánh Flan	Bánh Flan	20000.00	assets/choco-bakery-trần-quốc-thảo-bánh-flan-5c9d3e374c.webp	6	Còn hàng	59
730	Pana Cota	Pana Cota	25000.00	assets/choco-bakery-trần-quốc-thảo-pana-cota-48787e2386.webp	6	Còn hàng	59
731	Bánh Tart Trứng	Bánh Tart Trứng	20000.00	assets/choco-bakery-trần-quốc-thảo-bánh-tart-trứng-a3311883df.webp	6	Còn hàng	59
732	Bánh Pateso	Bánh Pateso	25000.00	assets/choco-bakery-trần-quốc-thảo-bánh-pateso-2e8fa1dfe1.webp	6	Còn hàng	59
733	Bánh Chậu Cây Chocolate	Bánh Chậu Cây Chocolate	55000.00	assets/choco-bakery-trần-quốc-thảo-bánh-chậu-cây-chocolate-7de83c979f.webp	6	Còn hàng	59
734	Trà Sữa Thái Nhà Nấu	Trà Sữa Thái Nhà Nấu	25000.00	assets/choco-bakery-trần-quốc-thảo-trà-sữa-thái-nhà-nấu-323f8a906a.webp	7	Còn hàng	59
735	Sữa Chua Hoa Quả	Sữa Chua Hoa Quả	35000.00	assets/choco-bakery-trần-quốc-thảo-sữa-chua-hoa-quả-04879fdec7.webp	6	Còn hàng	59
736	Mochi Kem Lạnh ( 1 hộp 2 phần )	các vị sầu riêng,trà sữa,đào,socola,tiramisu	55000.00	assets/choco-bakery-trần-quốc-thảo-mochi-kem-lạnh-1-hộp-2-phần-db85d9f7ef.webp	6	Còn hàng	59
737	Bánh Su Kem Lạnh	1 hộp 6 cái	45000.00	assets/choco-bakery-trần-quốc-thảo-bánh-su-kem-lạnh-d8d591bab3.webp	6	Còn hàng	59
738	Bông Lan Mật Ong Phô Mai	Bông Lan Mật Ong Phô Mai	45000.00	assets/choco-bakery-trần-quốc-thảo-bông-lan-mật-ong-phô-mai-55fd4bde69.webp	6	Còn hàng	59
739	Bông lan pho mai áp lò sốt chà bông	Bông lan pho mai áp lò sốt chà bông	45000.00	assets/choco-bakery-trần-quốc-thảo-bông-lan-pho-mai-áp-lò-sốt-chà-bông-bf02b9f0b7.webp	6	Còn hàng	59
740	Gato Flan	Gato Flan	55000.00	assets/choco-bakery-trần-quốc-thảo-gato-flan-d7fba449eb.webp	6	Còn hàng	59
741	Tiramisu socola	Tiramisu socola	65000.00	assets/choco-bakery-trần-quốc-thảo-tiramisu-socola-99c90d5c9e.webp	6	Còn hàng	59
742	Tiramisu Trà Xanh	Tiramisu Trà Xanh	65000.00	assets/choco-bakery-trần-quốc-thảo-tiramisu-trà-xanh-79967d612a.webp	6	Còn hàng	59
743	Socola dubai	Socola dubai	65000.00	assets/choco-bakery-trần-quốc-thảo-socola-dubai-237d948eeb.webp	6	Còn hàng	59
744	Bông Lan Pho Mai Sầu Riêng	Bông Lan Pho Mai Sầu Riêng	65000.00	assets/choco-bakery-trần-quốc-thảo-bông-lan-pho-mai-sầu-riêng-186344862c.webp	6	Còn hàng	59
745	Phô Mai Hoàng Kim Trứng Muối	Phô Mai Hoàng Kim Trứng Muối	65000.00	assets/choco-bakery-trần-quốc-thảo-phô-mai-hoàng-kim-trứng-muối-9e7fef7a21.webp	6	Còn hàng	59
746	Bông lan trứng muối mix 4 sốt	Sốt trà xanh-Kim sa-Bơ trứng-Mè đen	75000.00	assets/choco-bakery-trần-quốc-thảo-bông-lan-trứng-muối-mix-4-sốt-9287fc797e.webp	6	Còn hàng	59
747	Bông lan trứng muối mix 6 sốt	Cheese-Hoàng kim-Bơ trứng-Mè đen-Kimsa-Matcha	85000.00	assets/choco-bakery-trần-quốc-thảo-bông-lan-trứng-muối-mix-6-sốt-fb6ca5c55a.webp	6	Còn hàng	59
748	Bông Lan Cuộn Size Nhỏ ( Nhân Thơm )	Bông Lan Cuộn Size Nhỏ ( Nhân Thơm )	55000.00	assets/choco-bakery-trần-quốc-thảo-bông-lan-cuộn-size-nhỏ-nhân-thơm-7a5d37be42.webp	6	Còn hàng	59
749	Bông Lan Cuộn Nho ( Nhân Thơm )	Bông Lan Cuộn Nho ( Nhân Thơm )	65000.00	assets/choco-bakery-trần-quốc-thảo-bông-lan-cuộn-nho-nhân-thơm-04628bae75.webp	6	Còn hàng	59
750	Bông Lan Cuộn Matcha ( Kem Tươi )	Bông Lan Cuộn Matcha ( Kem Tươi )	65000.00	assets/choco-bakery-trần-quốc-thảo-bông-lan-cuộn-matcha-kem-tươi-fdf5482ef4.webp	6	Còn hàng	59
751	Bông Lan Cuộn Socola ( Kem Tươi )	Bông Lan Cuộn Socola ( Kem Tươi )	65000.00	assets/choco-bakery-trần-quốc-thảo-bông-lan-cuộn-socola-kem-tươi-62b444e154.webp	6	Còn hàng	59
752	Bông Lan Cuộn Size Lớn ( Nhân Thơm )	Bông Lan Cuộn Size Lớn ( Nhân Thơm )	95000.00	assets/choco-bakery-trần-quốc-thảo-bông-lan-cuộn-size-lớn-nhân-thơm-29c077728b.webp	6	Còn hàng	59
753	Gato Chà Bông Kéo Sợi	bánh bông lan chà bông ( hộp 6 phần )	80000.00	assets/choco-bakery-trần-quốc-thảo-gato-chà-bông-kéo-sợi-a324d89197.webp	6	Còn hàng	59
754	Bánh Paparoti	Bánh Paparoti	20000.00	assets/choco-bakery-trần-quốc-thảo-bánh-paparoti-d34b41caaa.webp	6	Còn hàng	59
755	Pho Mai Việt Quất	Pho Mai Việt Quất	25000.00	assets/choco-bakery-trần-quốc-thảo-pho-mai-việt-quất-c0f86d116c.webp	6	Còn hàng	59
756	Bánh Bò Thốt Nốt chấm sữa dừa	Bánh Bò Thốt Nốt chấm sữa dừa	65000.00	assets/choco-bakery-trần-quốc-thảo-bánh-bò-thốt-nốt-chấm-sữa-dừa-910309d696.webp	6	Còn hàng	59
757	Bánh Custard ( Socola )	Lớp socola thơm ngon	65000.00	assets/choco-bakery-trần-quốc-thảo-bánh-custard-socola-9950855ec3.webp	6	Còn hàng	59
758	Bơ Mật Hạt Dẻ ( 1 hộp 2 phần )	1 hộp 2 phần	25000.00	assets/choco-bakery-trần-quốc-thảo-bơ-mật-hạt-dẻ-1-hộp-2-phần-4f8265f438.webp	6	Còn hàng	59
759	Pizza Trứng Muối	Pizza Trứng Muối	35000.00	assets/choco-bakery-trần-quốc-thảo-pizza-trứng-muối-d285e728a5.webp	9	Còn hàng	59
760	Bánh Mì Socola	Bánh Mì Socola	35000.00	assets/choco-bakery-trần-quốc-thảo-bánh-mì-socola-4829bf855f.webp	6	Còn hàng	59
761	Bánh Kem Xoài	Bánh Kem Xoài	35000.00	assets/choco-bakery-trần-quốc-thảo-bánh-kem-xoài-1659ed529d.webp	6	Còn hàng	59
762	Hoa Cúc Đậu Đỏ	Hoa Cúc Đậu Đỏ	65000.00	assets/choco-bakery-trần-quốc-thảo-hoa-cúc-đậu-đỏ-66b577535f.webp	6	Còn hàng	59
763	Bông Lan Matcha Kem Đào	Bông Lan Matcha Kem Đào	70000.00	assets/choco-bakery-trần-quốc-thảo-bông-lan-matcha-kem-đào-6d4700c824.webp	6	Còn hàng	59
764	Bánh Mì Pho Mai Hạnh Nhân	Bánh Mì Pho Mai Hạnh Nhân	45000.00	assets/choco-bakery-trần-quốc-thảo-bánh-mì-pho-mai-hạnh-nhân-67b1b9a89b.webp	6	Còn hàng	59
765	Pizza miếng	Pizza miếng	25000.00	assets/choco-bakery-trần-quốc-thảo-pizza-miếng-3924ac840d.webp	9	Còn hàng	59
766	Pho Mai matcha	Pho Mai matcha	35000.00	assets/choco-bakery-trần-quốc-thảo-pho-mai-matcha-6e44c17fbc.webp	6	Còn hàng	59
767	Mochi Pho Mai Đậu Đỏ	Mochi Pho Mai Đậu Đỏ	35000.00	assets/choco-bakery-trần-quốc-thảo-mochi-pho-mai-đậu-đỏ-23c2e05c37.webp	6	Còn hàng	59
768	Mochi Dẻo Trứng Muối	Mochi Dẻo Trứng Muối	35000.00	assets/choco-bakery-trần-quốc-thảo-mochi-dẻo-trứng-muối-0406d920db.webp	6	Còn hàng	59
769	Gà Xá Xíu Phô Mai	Gà Xá Xíu Phô Mai	35000.00	assets/choco-bakery-trần-quốc-thảo-gà-xá-xíu-phô-mai-cee04fa696.webp	6	Còn hàng	59
770	Bánh Nấm Pho Mai Kem Đào	Bánh Nấm Pho Mai Kem Đào	45000.00	assets/choco-bakery-trần-quốc-thảo-bánh-nấm-pho-mai-kem-đào-e400824746.webp	6	Còn hàng	59
771	Bánh Dừa Pho Mai	Bánh Dừa Pho Mai	35000.00	assets/choco-bakery-trần-quốc-thảo-bánh-dừa-pho-mai-60b0354eaa.webp	6	Còn hàng	59
772	Bánh mì ốc quế mứt dâu/ thơm	1 hộp 2 phần	35000.00	assets/choco-bakery-trần-quốc-thảo-bánh-mì-ốc-quế-mứt-dâu-thơm-216c256510.webp	6	Còn hàng	59
773	Chén Trứng Nướng	Chén Trứng Nướng	25000.00	assets/choco-bakery-trần-quốc-thảo-chén-trứng-nướng-56a7923558.webp	6	Còn hàng	59
774	Bánh Gấu Socola	Bánh Gấu Socola	35000.00	assets/choco-bakery-trần-quốc-thảo-bánh-gấu-socola-c810df75d1.webp	6	Còn hàng	59
775	Bông Lan Tam Giác ( Nhân Dâu )	Bông Lan Tam Giác ( Nhân Dâu )	35000.00	assets/choco-bakery-trần-quốc-thảo-bông-lan-tam-giác-nhân-dâu-e2ee19aa2d.webp	6	Còn hàng	59
776	Lava Cheese Cake	Lava Cheese Cake	120000.00	assets/sweetcornermore-bánh-ngọt-trà-sữa-tráng-miệng-và-ăn-vặt-lava-cheese-cake-f677a52e4e.webp	6	Còn hàng	60
777	Tiramisu Cake	Tiramisu Cake	120000.00	assets/sweetcornermore-bánh-ngọt-trà-sữa-tráng-miệng-và-ăn-vặt-tiramisu-cake-50e9c8b97b.webp	6	Còn hàng	60
778	Misumatcha Cake	Misumatcha Cake	120000.00	assets/sweetcornermore-bánh-ngọt-trà-sữa-tráng-miệng-và-ăn-vặt-misumatcha-cake-b3fc1ff553.webp	6	Còn hàng	60
779	White Mousse Green Tea	White mousse thơm béo ngọt vừa phải , kết hợp với vị Match uji đắng nhẹ , thơm ngon	110000.00	assets/sweetcornermore-bánh-ngọt-trà-sữa-tráng-miệng-và-ăn-vặt-white-mousse-green-tea-e87a41a0b4.webp	6	Còn hàng	60
780	Blueberry Mousse Cheese Cake	Blueberry Mousse Cheese Cake	110000.00	assets/sweetcornermore-bánh-ngọt-trà-sữa-tráng-miệng-và-ăn-vặt-blueberry-mousse-cheese-cake-3e81de977b.webp	6	Còn hàng	60
781	Chocolate Mousse Cake	Chocolate Mousse Cake	110000.00	assets/sweetcornermore-bánh-ngọt-trà-sữa-tráng-miệng-và-ăn-vặt-chocolate-mousse-cake-07661f2436.webp	6	Còn hàng	60
782	Passion Fruit Cheese Cake	Passion Fruit Cheese Cake	110000.00	assets/sweetcornermore-bánh-ngọt-trà-sữa-tráng-miệng-và-ăn-vặt-passion-fruit-cheese-cake-c66957e4cc.webp	6	Còn hàng	60
783	Crepe Pudding Matcha Uji	Crepe Pudding Matcha Uji	95000.00	assets/sweetcornermore-bánh-ngọt-trà-sữa-tráng-miệng-và-ăn-vặt-crepe-pudding-matcha-uji-7476ea286e.webp	6	Còn hàng	60
784	Crepe Pudding Chocolate Puratos	Crepe Pudding Chocolate Puratos	95000.00	assets/sweetcornermore-bánh-ngọt-trà-sữa-tráng-miệng-và-ăn-vặt-crepe-pudding-chocolate-puratos-80ed4aa9df.webp	6	Còn hàng	60
785	Crepe Durian	Crepe Durian	95000.00	assets/sweetcornermore-bánh-ngọt-trà-sữa-tráng-miệng-và-ăn-vặt-crepe-durian-da4810f775.webp	6	Còn hàng	60
786	Chocolate Oreo Cake	Chocolate Oreo Cake	95000.00	assets/sweetcornermore-bánh-ngọt-trà-sữa-tráng-miệng-và-ăn-vặt-chocolate-oreo-cake-895c0d1f10.webp	6	Còn hàng	60
787	Strawberry Cheese Cake	Strawberry Cheese Cake	95000.00	assets/sweetcornermore-bánh-ngọt-trà-sữa-tráng-miệng-và-ăn-vặt-strawberry-cheese-cake-376357b06b.webp	6	Còn hàng	60
788	Crème Brulée	Crème Brulée	70000.00	assets/sweetcornermore-bánh-ngọt-trà-sữa-tráng-miệng-và-ăn-vặt-crème-brulée-b9558bbe01.webp	6	Còn hàng	60
789	Bánh Su Kem	Bánh Su Kem	70000.00	assets/sweetcornermore-bánh-ngọt-trà-sữa-tráng-miệng-và-ăn-vặt-bánh-su-kem-39adc3f875.webp	6	Còn hàng	60
790	Bánh Bông Lan Trứng Muối	Bánh Bông Lan Trứng Muối	70000.00	assets/sweetcornermore-bánh-ngọt-trà-sữa-tráng-miệng-và-ăn-vặt-bánh-bông-lan-trứng-muối-1649a21335.webp	6	Còn hàng	60
791	Bánh Mì Phô Mai Tan Chảy	Bánh Mì Phô Mai Tan Chảy	120000.00	assets/sweetcornermore-bánh-ngọt-trà-sữa-tráng-miệng-và-ăn-vặt-bánh-mì-phô-mai-tan-chảy-df20e412c3.webp	6	Còn hàng	60
792	Bánh mì phô mai hoàng kim	Bánh mì phô mai hoàng kim	150000.00	assets/sweetcornermore-bánh-ngọt-trà-sữa-tráng-miệng-và-ăn-vặt-bánh-mì-phô-mai-hoàng-kim-af5ec35c49.webp	6	Còn hàng	60
793	Brownie + Nuts with Chocolate Sauce and Alm	Brownie + Nuts with Chocolate Sauce and Alm	95000.00	assets/sweetcornermore-bánh-ngọt-trà-sữa-tráng-miệng-và-ăn-vặt-brownie-nuts-with-chocolate-sauce-and-alm-c54cbe000f.webp	6	Còn hàng	60
794	Flan Gato	Flan Gato	150000.00	assets/sweetcornermore-bánh-ngọt-trà-sữa-tráng-miệng-và-ăn-vặt-flan-gato-24191743d8.webp	6	Còn hàng	60
795	Pateso	Pateso	75000.00	assets/sweetcornermore-bánh-ngọt-trà-sữa-tráng-miệng-và-ăn-vặt-pateso-3754291be8.webp	6	Còn hàng	60
796	Bánh Mì Kim Sa	Bánh Mì Kim Sa	95000.00	assets/sweetcornermore-bánh-ngọt-trà-sữa-tráng-miệng-và-ăn-vặt-bánh-mì-kim-sa-18aaebf6a3.webp	6	Còn hàng	60
797	Bánh que	HỘP	70000.00	assets/sweetcornermore-bánh-ngọt-trà-sữa-tráng-miệng-và-ăn-vặt-bánh-mì-kim-sa-18aaebf6a3.webp	6	Còn hàng	60
798	Bánh Tart Trứng	Bánh Tart Trứng	70000.00	assets/sweetcornermore-bánh-ngọt-trà-sữa-tráng-miệng-và-ăn-vặt-bánh-tart-trứng-81e782d8ab.webp	6	Còn hàng	60
799	Bánh Bò Thốt Nốt	Bánh Bò Thốt Nốt	110000.00	assets/sweetcornermore-bánh-ngọt-trà-sữa-tráng-miệng-và-ăn-vặt-bánh-bò-thốt-nốt-3df8a5c52f.webp	6	Còn hàng	60
800	Fruit Tart	Fruit Tart	75000.00	assets/sweetcornermore-bánh-ngọt-trà-sữa-tráng-miệng-và-ăn-vặt-fruit-tart-6a1af514b3.webp	6	Còn hàng	60
801	Jasmine longan olong cake	Jasmine longan olong cake	320000.00	assets/sweetcornermore-bánh-ngọt-trà-sữa-tráng-miệng-và-ăn-vặt-jasmine-longan-olong-cake-98188890e0.webp	6	Còn hàng	60
802	Trà Sữa Size 330ml	Trà Sữa Size 330ml	40000.00	assets/sweetcornermore-bánh-ngọt-trà-sữa-tráng-miệng-và-ăn-vặt-trà-sữa-size-330ml-240e4750b8.webp	7	Còn hàng	60
803	Trà Sữa Size 1000ml	Trà Sữa Size 1000ml	120000.00	assets/sweetcornermore-bánh-ngọt-trà-sữa-tráng-miệng-và-ăn-vặt-trà-sữa-size-1000ml-ad7738276c.webp	7	Còn hàng	60
804	Matcha Latte	Matcha Latte	70000.00	assets/sweetcornermore-bánh-ngọt-trà-sữa-tráng-miệng-và-ăn-vặt-matcha-latte-4ec696e3f8.webp	7	Còn hàng	60
805	Chocolate Latte	Chocolate Latte	70000.00	assets/sweetcornermore-bánh-ngọt-trà-sữa-tráng-miệng-và-ăn-vặt-chocolate-latte-04cd97a85c.webp	7	Còn hàng	60
806	Trà tắc	LY	40000.00	assets/sweetcornermore-bánh-ngọt-trà-sữa-tráng-miệng-và-ăn-vặt-chocolate-latte-04cd97a85c.webp	7	Còn hàng	60
807	Trà Chanh Thái	Trà Chanh Thái	50000.00	assets/sweetcornermore-bánh-ngọt-trà-sữa-tráng-miệng-và-ăn-vặt-trà-chanh-thái-2f64e1055c.webp	7	Còn hàng	60
808	Panna cotta dâu	Mềm mịn, hòa quyện dâu tây tươi mát, size 100ml	13000.00	assets/springsummer-cakes-homemade-panna-cotta-dâu-dfbed9a04c.webp	6	Còn hàng	61
809	Trà Atiso Đỏ	Trà atiso đỏ thơm ngon, giữ hương tự nhiên, dịu nhẹ, thanh mát.	39000.00	assets/springsummer-cakes-homemade-trà-atiso-đỏ-7a2a7b10b0.webp	7	Còn hàng	61
810	Bánh flan	Flan mềm mịn ngậy thơm.	13000.00	assets/springsummer-cakes-homemade-bánh-flan-d7997bbf3b.webp	6	Còn hàng	61
811	bánh flan cà phê	1ly gồm: 2 flan, cà phê, sữa tươi và sữa đặc	22000.00	assets/springsummer-cakes-homemade-bánh-flan-cà-phê-b28d314dd6.webp	6	Còn hàng	61
812	Flan Gato Choco	Vị đậm đà của caramel, mềm mịn của flan, hòa quyện vị choco ngọt ngào. Size 12cm	55000.00	assets/springsummer-cakes-homemade-flan-gato-choco-0de36bfa61.webp	6	Còn hàng	61
813	Panna cotta việt quất	Mát lạnh, dẻo mịn, phủ việt quất thơm ngon, size 100ml	18000.00	assets/springsummer-cakes-homemade-panna-cotta-việt-quất-166aeda358.webp	6	Còn hàng	61
814	Panna cotta chanh dây	Panna cotta mát lạnh, vị chanh dây tươi mát, size 100ml	17000.00	assets/springsummer-cakes-homemade-panna-cotta-chanh-dây-60c9327459.webp	6	Còn hàng	61
815	Panna cotta kiwi	Mềm mịn, vị kiwi tươi mới, size 100ml	18000.00	assets/springsummer-cakes-homemade-panna-cotta-kiwi-3c653c4601.webp	6	Còn hàng	61
816	panna cotta đào	Ngày hạ với hương đào dịu mát, size 100ml	17000.00	assets/springsummer-cakes-homemade-panna-cotta-đào-6d8c1cee81.webp	6	Còn hàng	61
817	Cheese Cake Chanh Dây	Bánh phô mai sữa chua vị chanh dây. Thành phần gồm cream cheese, whipping cream, sữa tươi, bánh quy, việt quất và gelatin	50000.00	assets/springsummer-cakes-homemade-cheese-cake-chanh-dây-f1e3eb818a.webp	6	Còn hàng	61
818	Cheese Cake Kiwi	Bánh phô mai sữa chua vị kiwi cream, sữa tươi, bánh quy, việt quất và gelatin	50000.00	assets/springsummer-cakes-homemade-cheese-cake-kiwi-a99ed10738.webp	6	Còn hàng	61
819	Cheese Cake Đào	bánh phô mai sữa chua vị đào. Thành phần gồm cream cheese, whipping cream, sữa tươi, bánh quy, đào và gelatin	50000.00	assets/springsummer-cakes-homemade-cheese-cake-đào-f0ecf9620f.webp	6	Còn hàng	61
820	Cheese Cake Việt Quất	Bánh phô mai sữa chua vị việt quất. Thành phần gồm cream cheese, whipping cream, sữa tươi, bánh quy, việt quất và gelatin	50000.00	assets/springsummer-cakes-homemade-cheese-cake-việt-quất-2ecef2035a.webp	6	Còn hàng	61
821	Cheese Cake Xoài	bánh phô mai sữa chua xoài tươi. Thành phần gồm cream cheese, whipping cream, sữa tươi, bánh quy, xoài và gelatin	50000.00	assets/springsummer-cakes-homemade-cheese-cake-xoài-8479032225.webp	6	Còn hàng	61
822	Matcha latte	100% matcha fuji nhật tươi mát, sữa tươi thơm ngon, cảm giác sảng khoái mát lành.	45000.00	assets/springsummer-cakes-homemade-matcha-latte-697dc15895.webp	7	Còn hàng	61
823	Strawberry Matcha Latte	Matcha fuji thơm mát, vị ngọt của dâu tươi mượt mà.	49000.00	assets/springsummer-cakes-homemade-strawberry-matcha-latte-79c3247b59.webp	7	Còn hàng	61
824	Matcha Cold Whisk	Matcha fuji nhật thơm mát được đánh bông trực tiếp với oat milk lạnh, giúp matcha giữ được hương vị dịu nhẹ, ít đắng và sánh mịn	50000.00	assets/springsummer-cakes-homemade-matcha-cold-whisk-88868403c2.webp	7	Còn hàng	61
825	Matcha Kem Phô Mai	100% matcha fuji nhật tươi mát, sữa tươi thơm ngon hoà quyện cùng lớp kem phô mai béo ngậy.	55000.00	assets/springsummer-cakes-homemade-matcha-kem-phô-mai-271b6e4b46.webp	7	Còn hàng	61
826	Choco latte	Latte đậm đà vị chocolate ngọt ngào	39000.00	assets/springsummer-cakes-homemade-choco-latte-99e4146817.webp	7	Còn hàng	61
827	Cacao Kem Phô Mai	Latte đậm đà vị cacao hoà quyện cùng lớp kem phô mai béo ngậy.	49000.00	assets/springsummer-cakes-homemade-cacao-kem-phô-mai-ab4384a615.webp	7	Còn hàng	61
828	Soda Dâu	Soda Dâu	28000.00	assets/springsummer-cakes-homemade-soda-dâu-666fe08f6a.webp	7	Còn hàng	61
829	Soda chanh dây	Soda chanh dây	28000.00	assets/springsummer-cakes-homemade-soda-chanh-dây-ffb0afcf89.webp	7	Còn hàng	61
830	Soda việt quất	Soda việt quất	28000.00	assets/springsummer-cakes-homemade-soda-việt-quất-c3e92e0eef.webp	7	Còn hàng	61
831	Bánh Crepe Chocolate	Vị chocolate thơm ngon hòa quyện cùng crepe mềm mịn, dùng 100% whipping cream	60000.00	assets/springsummer-cakes-homemade-bánh-crepe-chocolate-a9dc3453f4.webp	6	Còn hàng	61
832	Mousse Oolong Nhài Nhãn	Mousse mềm xốp nhẹ nhàng, hương trà oolong nhài thơm ngon, nhãn tươi mọng thanh mát	65000.00	assets/springsummer-cakes-homemade-mousse-oolong-nhài-nhãn-25a398e968.webp	6	Còn hàng	61
833	Hồng Trà Sữa Trân Châu Oolong	Trà ô long thơm mát, trân châu béo ngậy, sữa ngọt dịu dàng.	32000.00	assets/springsummer-cakes-homemade-hồng-trà-sữa-trân-châu-oolong-ff44fca006.webp	7	Còn hàng	61
834	Sâm Lạnh Rong Biển Bông Cúc	Sâm rong biển bông cúc tươi mát, thơm ngon, nhà làm đặc biệt.	15000.00	assets/springsummer-cakes-homemade-sâm-lạnh-rong-biển-bông-cúc-7420c93e21.webp	7	Còn hàng	61
835	Sữa Bắp	Sữa bắp nguyên chất thơm ngon, vị ngọt tự nhiên, béo ngậy hấp dẫn.	22000.00	assets/springsummer-cakes-homemade-sữa-bắp-11a9a90f1d.webp	7	Còn hàng	61
836	Rau Má nguyên chất	Rau má nguyên chất, tươi mới, thơm mát, bổ dưỡng tự nhiên.	17000.00	assets/springsummer-cakes-homemade-rau-má-nguyên-chất-a32d6b49d1.webp	7	Còn hàng	61
837	Coldbrew bottle	chai 250ml	65000.00	assets/springsummer-cakes-homemade-coldbrew-bottle-30eb609b12.webp	7	Còn hàng	61
838	Coldbrew ly	100% heirloom ethiopia	40000.00	assets/springsummer-cakes-homemade-coldbrew-ly-6f553f4a6d.webp	7	Còn hàng	61
839	MÌ Ý CUA SỐT GẠCH 🦀	Mì Ý Cua – sợi mì dai ngon quyện cùng sốt béo ngậy, kết hợp thịt cua tươi ngọt, mang đến hương vị vừa lạ vừa quen, đậm đà khó quên. chân ái cho ngày đói bụng !	95000.00	assets/mì-ý-cua-gravy-house-mì-ý-cua-sốt-gạch-54f0bf2f4f.webp	3	Còn hàng	62
840	SÂM ĐÔNG Y LỤC VỊ - ĐƯỜNG PHÈN	SÂM ĐƯỢC NẤU TỪ: NHÃN NHỤC, CAO ATISO, LÁ DỨA, LA HÁN QUẢ, THỤC ĐỊA, BÔNG CÚC NỤ, ĐƯỜNG PHÈN	20000.00	assets/mì-ý-cua-gravy-house-sâm-đông-y-lục-vị-đường-phèn-e7c7e822c5.webp	3	Còn hàng	62
841	MÌ Ý KEM PHÔ MAI, THỊT XÔNG KHÓI	Sợi mì chắc-mềm thấm đẫm sốt kem phô mai tan chảy béo ngậy, điểm xuyến bacon mằn mặn thơm khói, tạo nên hương vị tinh tế đầy cuốn hút.	95000.00	assets/mì-ý-cua-gravy-house-mì-ý-kem-phô-mai-thịt-xông-khói-1f3d2121bd.webp	3	Còn hàng	62
842	MÌ SPAGHETTI SIU BÒ	MÌ SPAGHETTI SIU BÒ BẰM ĐƯỢC ĐIỀU CHỈNH VỪA VỊ BÉO NHẸ CÙNG VỚI MOZZARELLA CHEESE	95000.00	assets/mì-ý-cua-gravy-house-mì-spaghetti-siu-bò-b7c70e8cb3.webp	3	Còn hàng	62
843	Pizza Pepperoni (m)	sốt cà chua, mozzarela, xúc xích pepperoni	170000.00	assets/pizza-360-pizza-pepperoni-m-6b4f6be4eb.webp	9	Còn hàng	63
844	Pizza seafood (m)	sốt cà chua , mozzarella , tôm ,mực	180000.00	assets/pizza-360-pizza-seafood-m-dff501240e.webp	9	Còn hàng	63
845	Pizza Shrimp & ham	sốt cà chua , mozzarella, tôm , thịt nguội	170000.00	assets/pizza-360-pizza-shrimp-ham-47d504adb5.webp	9	Còn hàng	63
846	22 (m)	sốt cà chua , mozzarella , tôm,thịt nguội , nấm	168000.00	assets/pizza-360-pizza-360-m-653ef13d98.webp	9	Còn hàng	63
847	Pizza Hawaiian	sốt cà chua , mozzarella, thịt nguội , thơm	160000.00	assets/pizza-360-pizza-hawaiian-9dee4dfb7e.webp	9	Còn hàng	63
848	Pizza special (m)	sốt cà chua ,mozzarella, thịt bò ,xúc xích pepperoni, thịt ba rọi xông khói,hành tây ớt chuông ,trái oliu	190000.00	assets/pizza-360-pizza-special-m-8585d60897.webp	9	Còn hàng	63
849	spaghetti Carbonara	mì ý , thịt ba rọi xông khói , hành tây , sốt kem whipping cream , trứng	160000.00	assets/pizza-360-spaghetti-carbonara-27f9593b86.webp	3	Còn hàng	63
850	Pizza Mushrom (m)	nước sốt tỏi , nấm , mozzarella	156000.00	assets/pizza-360-pizza-mushrom-m-1cf13e4d2e.webp	9	Còn hàng	63
851	Pizza French fries & bacon (M)	sốt cà chua , mozzarella, khoai tây chiên , thịt xông khói, nước sốt tỏi	190000.00	assets/pizza-360-pizza-french-fries-bacon-m-dce79dc5a9.webp	9	Còn hàng	63
852	Pizza 4 cheese	phô mai mozzarella , parmesan, gorgonzola, taleggio ăn kem mật ong rừng	175000.00	assets/pizza-360-pizza-4-cheese-9897ac76b6.webp	9	Còn hàng	63
853	Pizza blugogi beef (m)	sốt cà chua, mozzarella, thịt bò , hành tây, ớt chuông , trái oliu	180000.00	assets/pizza-360-pizza-blugogi-beef-m-2be77cc142.webp	9	Còn hàng	63
854	Pizza Sausage&bacon(m	sốt cà chua , mozzarella, xúc xích ý , thịt xông khói	172000.00	assets/pizza-360-pizza-sausagebaconm-15664d2cbc.webp	9	Còn hàng	63
855	Pizza Mushrom & bacon	sốt cà chua ,mozzarella, nấm áp chảo , thịt xông khói	175000.00	assets/pizza-360-pizza-mushrom-bacon-29b3006ab2.webp	9	Còn hàng	63
856	Pizza Vegetable (m	sốt cà chua mozzarella , nấm áp chảo , hành tây ,ớt chuông , trái oliu	140000.00	assets/pizza-360-pizza-vegetable-m-4897ba48a1.webp	9	Còn hàng	63
857	Pizza Cappricciosa (m)	sốt cà chua , mozzarella , nấm , xúc xích pepperoni, thịt nguội , trái oliu	175000.00	assets/pizza-360-pizza-cappricciosa-m-31b9bebe91.webp	9	Còn hàng	63
858	Pizza Margherita (m)	sốt cà chua , mozzarella , lá basil	142000.00	assets/pizza-360-pizza-margherita-m-1e3c6d51bb.webp	9	Còn hàng	63
859	Pizza Carbonara (m)	trứng , tiêu , mozzarella, thịt xông khói , hành tây	170000.00	assets/pizza-360-pizza-carbonara-m-18c4e3bdb8.webp	9	Còn hàng	63
860	pizza tôm,dăm bông,mozzarela	pizza tôm,dăm bông,mozzarela	70000.00	assets/pizza-360-pizza-tômdăm-bôngmozzarela-ac25726c8f.webp	9	Còn hàng	63
861	Spaghetti tomato sauce	mì ý , sốt cà chua , lá basil, ớt , dầu oliu nguyên chất	140000.00	assets/pizza-360-spaghetti-tomato-sauce-d87910a2a7.webp	3	Còn hàng	63
862	Spaghetti Shrimp&garlic	mì ý , tôm , tỏi , dầu ôliu nguyên chất	155000.00	assets/pizza-360-spaghetti-shrimpgarlic-de0d2c421b.webp	3	Còn hàng	63
863	Spaghetti tomato seafood	mì ý , sốt cà chua , tôm , mực , lá basil	165000.00	assets/pizza-360-spaghetti-tomato-seafood-51d932714c.webp	3	Còn hàng	63
864	Spaghetti Garlic & olive oil	mì ý , tỏi , dầu oliu nguyên chất	135000.00	assets/pizza-360-spaghetti-garlic-olive-oil-0a7607230d.webp	3	Còn hàng	63
865	Coca Zero	Coca Zero	20000.00	assets/pizza-360-coca-zero-e46744ab47.webp	7	Còn hàng	63
866	Coca cola	Coca cola	20000.00	assets/pizza-360-coca-cola-c81e534300.webp	7	Còn hàng	63
867	163 - Coca cola 390ml - ướp lạnh	163 - Coca cola 390ml - ướp lạnh	15000.00	assets/90s-hotdog-bánh-mì-hotdog-âu-mỹ-ngã-tư-sở-163-coca-cola-390ml-ướp-lạnh-8eb9142ffc.webp	7	Còn hàng	64
868	Combo 131 - Hotdog truyền thống + Coca-Cola	Combo 131 - Hotdog truyền thống + Coca-Cola	43400.00	assets/90s-hotdog-bánh-mì-hotdog-âu-mỹ-ngã-tư-sở-combo-131-hotdog-truyền-thống-coca-cola-9bf5d0afcb.webp	10	Còn hàng	64
869	Combo 132 - Hotdog phô mai (BEST SELLER) + Coca-Cola	Combo 132 - Hotdog phô mai (BEST SELLER) + Coca-Cola	50000.00	assets/90s-hotdog-bánh-mì-hotdog-âu-mỹ-ngã-tư-sở-combo-132-hotdog-phô-mai-best-seller-coca-cola-e74ff8e73a.webp	10	Còn hàng	64
870	Combo 108 - Hotdog phô mai (Bánh chạy No1) + Coca-Cola	Combo 108 - Hotdog phô mai (Bánh chạy No1) + Coca-Cola	50000.00	assets/90s-hotdog-bánh-mì-hotdog-âu-mỹ-ngã-tư-sở-combo-108-hotdog-phô-mai-bánh-chạy-no1-coca-cola-4c2b38b4f1.webp	10	Còn hàng	64
871	Combo 143 - Sandwich jambon phô mai + Coca-Cola	Combo 143 - Sandwich jambon phô mai + Coca-Cola	46500.00	assets/90s-hotdog-bánh-mì-hotdog-âu-mỹ-ngã-tư-sở-combo-143-sandwich-jambon-phô-mai-coca-cola-4ce3ed093b.webp	10	Còn hàng	64
872	Combo 138 - Hotdog full topping + Coca-Cola	Combo 138 - Hotdog full topping + Coca-Cola	70000.00	assets/90s-hotdog-bánh-mì-hotdog-âu-mỹ-ngã-tư-sở-combo-138-hotdog-full-topping-coca-cola-e6a61e1d71.webp	10	Còn hàng	64
873	101 - Combo 10 bánh mì que + 01 coca cola	combo 10 bánh mì que + 01 coca cola 300ml	63250.00	assets/90s-hotdog-bánh-mì-hotdog-âu-mỹ-ngã-tư-sở-101-combo-10-bánh-mì-que-01-coca-cola-1ee0a8533f.webp	10	Còn hàng	64
874	102 - Bánh mì que - 5 chiếc	Bánh mì que đặc biệt. Đóng hộp tiện lợi an tâm thưởng thức - Chúc quý khách ngon miệng	33400.00	assets/90s-hotdog-bánh-mì-hotdog-âu-mỹ-ngã-tư-sở-102-bánh-mì-que-5-chiếc-29c19eb86a.webp	10	Còn hàng	64
875	103 - Bánh mì que - 1 chiếc	Bánh mì que đặc biệt. Đóng hộp tiện lợi an tâm thưởng thức - Chúc quý khách ngon miệng	7500.00	assets/90s-hotdog-bánh-mì-hotdog-âu-mỹ-ngã-tư-sở-103-bánh-mì-que-1-chiếc-e94a828776.webp	10	Còn hàng	64
876	104 - Bánh mì que - 10 chiếc	Bánh mì que đặc biệt. Đóng hộp tiện lợi an tâm thưởng thức - Chúc quý khách ngon miệng	58000.00	assets/90s-hotdog-bánh-mì-hotdog-âu-mỹ-ngã-tư-sở-104-bánh-mì-que-10-chiếc-a6e62e6c68.webp	10	Còn hàng	64
877	105 - Hotdog phô mai rong biển	Hotdog, xà lách, dưa chuột muối, rong biển phô mai 3 loại sốt đặc trưng	42000.00	assets/90s-hotdog-bánh-mì-hotdog-âu-mỹ-ngã-tư-sở-105-hotdog-phô-mai-rong-biển-4f68a1440b.webp	11	Còn hàng	64
878	106 - Hotdog rong biển (Hot trends)	Xúc xích big size, xà lách, phô mai, rong biển nhập khẩu, dưa chuột muối, 3 loại sốt đặc trưng (không cay)	40000.00	assets/90s-hotdog-bánh-mì-hotdog-âu-mỹ-ngã-tư-sở-106-hotdog-rong-biển-hot-trends-ecd0370d32.webp	11	Còn hàng	64
879	107 Hotdog truyền thống - Chuẩn vị	Xúc xích, xà lách, dưa chuột muối, 3 loại sốt đặc trưng (không cay)	33400.00	assets/90s-hotdog-bánh-mì-hotdog-âu-mỹ-ngã-tư-sở-107-hotdog-truyền-thống-chuẩn-vị-bc5ba9d822.webp	11	Còn hàng	64
880	108 - Hotdog phô mai (Bánh chạy No1)	Xúc xích, phô mai, xà lách, dưa chuột mươi, 3 loại sốt đặc trưng	40000.00	assets/90s-hotdog-bánh-mì-hotdog-âu-mỹ-ngã-tư-sở-108-hotdog-phô-mai-bánh-chạy-no1-500e6f8e15.webp	11	Còn hàng	64
881	109 - Hotdog full topping	Xúc xích, xà lách, phô mai, rong biển, khô bò, jambon HQ, dưa chuột muối, 3 loại sốt đặc trưng (không cay)	60000.00	assets/90s-hotdog-bánh-mì-hotdog-âu-mỹ-ngã-tư-sở-109-hotdog-full-topping-3e9169652c.webp	11	Còn hàng	64
882	113 - Sữa đậu nành đóng chai ướp lạnh	Chai lạnh không dùng đá, giữ nguyên hương vị, giải nhiệt mùa hè	20000.00	assets/90s-hotdog-bánh-mì-hotdog-âu-mỹ-ngã-tư-sở-113-sữa-đậu-nành-đóng-chai-ướp-lạnh-c221bdea65.webp	7	Còn hàng	64
883	114 - Cà phê sữa đá Sài Gòn - coffee	Sữa đá Sài Gòn - Mang hương vị miền Nam ra Bắc - hương vị trọn vẹn	35000.00	assets/90s-hotdog-bánh-mì-hotdog-âu-mỹ-ngã-tư-sở-114-cà-phê-sữa-đá-sài-gòn-coffee-d20922b54d.webp	7	Còn hàng	64
884	115 - Combo hotdog tràn năng lượng	Combo 01 hotdog phô mai + 01 sandwich bơ mật ong + 1 Coca cola ướp lạnh	75000.00	assets/90s-hotdog-bánh-mì-hotdog-âu-mỹ-ngã-tư-sở-115-combo-hotdog-tràn-năng-lượng-55b130a8d8.webp	10	Còn hàng	64
885	110 - Gà nuggets giòn - 9pcs	100% thịt tươi. Ngon hơn khi sử dụng kèm sốt. Chúc quý khách ngon miệng	70667.00	assets/90s-hotdog-bánh-mì-hotdog-âu-mỹ-ngã-tư-sở-110-gà-nuggets-giòn-9pcs-579353f107.webp	5	Còn hàng	64
886	111 - Sandwich bơ sữa	Sandwich nhân bơ sữa cỡ lớn. Chúc quý khách ngon miệng 🥰 (hình ảnh minh hoạ)	22000.00	assets/90s-hotdog-bánh-mì-hotdog-âu-mỹ-ngã-tư-sở-111-sandwich-bơ-sữa-size-lớn-9f41684300.webp	5	Còn hàng	64
887	112 - Sandwich bơ mật ong 	Sandwich nhân bơ mật ong cỡ lớn. Chúc quý khách ngon miệng 🥰 (hình ảnh minh hoạ)	22000.00	assets/90s-hotdog-bánh-mì-hotdog-âu-mỹ-ngã-tư-sở-112-sandwich-bơ-mật-ong-size-lớn-08146aaa39.webp	5	Còn hàng	64
888	116 - Gà nugget vòng 	100% thịt tươi. Thơm ngon, không xương, tiện lợi. Ngon hơn khi sử dụng kèm sốt.	71000.00	assets/90s-hotdog-bánh-mì-hotdog-âu-mỹ-ngã-tư-sở-116-gà-nugget-vòng-12-pcs-0505325ba7.webp	5	Còn hàng	64
889	117 - Gà nugget vòng - 10 pcs	100% gà tươi. Thơm ngon, không xương, tiện lợi. Ngon hơn khi sử dụng kèm sốt.	60000.00	assets/90s-hotdog-bánh-mì-hotdog-âu-mỹ-ngã-tư-sở-117-gà-nugget-vòng-10-pcs-b2bd8a6f83.webp	5	Còn hàng	64
890	122 - 2 Xúc xích tươi + dưa chuột muối	2 xúc xích tươi ăn kèm cùng dưa chuột muối, đóng hộp tiện lợi	48000.00	assets/90s-hotdog-bánh-mì-hotdog-âu-mỹ-ngã-tư-sở-122-2-xúc-xích-tươi-dưa-chuột-muối-e013da86ba.webp	5	Còn hàng	64
891	123 - Gà cuộn rong biển - 9 pcs	100% thịt tươi. Thơm ngon, không xương, tiện lợi. Ngon hơn khi sử dụng kèm sốt.	77000.00	assets/90s-hotdog-bánh-mì-hotdog-âu-mỹ-ngã-tư-sở-123-gà-cuộn-rong-biển-9-pcs-65faeb7492.webp	5	Còn hàng	64
892	126 - Combo bữa ăn dinh dưỡng	Combo 01 hotdog phô mai + 01 sandwich jambon + 01 sữa đậu nành	87000.00	assets/90s-hotdog-bánh-mì-hotdog-âu-mỹ-ngã-tư-sở-126-combo-bữa-ăn-dinh-dưỡng-2424774e0a.webp	10	Còn hàng	64
893	127 - Combo hotdog tràn năng lượng	Combo 01 hotdog phô mai + 01 sandwich bơ mật ong + 1 Coca cola ướp lạnh	75000.00	assets/90s-hotdog-bánh-mì-hotdog-âu-mỹ-ngã-tư-sở-127-combo-hotdog-tràn-năng-lượng-314750b456.webp	10	Còn hàng	64
894	128 - Combo hotdog vui vẻ - 2 người	Combo 02 hotdog rong biển + 10pcs gà nuggets vòng + 02 Coca cola	193400.00	assets/90s-hotdog-bánh-mì-hotdog-âu-mỹ-ngã-tư-sở-128-combo-hotdog-vui-vẻ-2-người-11f19fe613.webp	10	Còn hàng	64
895	129 - Combo hứng khởi	Combo 01 hotdog truyền thống + phin đen đá	62000.00	assets/90s-hotdog-bánh-mì-hotdog-âu-mỹ-ngã-tư-sở-129-combo-hứng-khởi-8ebfd9b77a.webp	10	Còn hàng	64
896	130 - Combo Sandwich xúc xích + sữa tươi đóng chai ướp lạnh	Học bài, làm việc mệt mỏi, đã có combo lo - Chúc quý khách ngon miệng	56000.00	assets/90s-hotdog-bánh-mì-hotdog-âu-mỹ-ngã-tư-sở-130-combo-sandwich-xúc-xích-sữa-tươi-đóng-chai-ướp-lạnh-0e71a855d6.webp	10	Còn hàng	64
897	131 - Hotdog truyền thống	Xúc xích big size, xà lách, dưa chuột muối, 3 loại sốt đặc trưng (không cay)	33400.00	assets/90s-hotdog-bánh-mì-hotdog-âu-mỹ-ngã-tư-sở-131-hotdog-truyền-thống-e1dacd3afb.webp	11	Còn hàng	64
898	132 - Hotdog phô mai (BEST SELLER)	Xúc xích big size, xà lách, phô mai, dưa chuột muối, 3 loại sốt đặc trưng (không cay)	40000.00	assets/90s-hotdog-bánh-mì-hotdog-âu-mỹ-ngã-tư-sở-132-hotdog-phô-mai-best-seller-86c12b82f1.webp	11	Còn hàng	64
899	133 - Hotdog rong biển (Hot trends)	Xúc xích big size, xà lách, phô mai, rong biển nhập khẩu, dưa chuột muối, 3 loại sốt đặc trưng (không cay)	40000.00	assets/90s-hotdog-bánh-mì-hotdog-âu-mỹ-ngã-tư-sở-133-hotdog-rong-biển-hot-trends-36f753790f.webp	11	Còn hàng	64
900	134 - Hotdog lạp xưởng	Xúc xích big size, xà lách, lạp xưởng, dưa chuột muối, 3 loại sốt đặc trưng (không cay)	43000.00	assets/90s-hotdog-bánh-mì-hotdog-âu-mỹ-ngã-tư-sở-134-hotdog-lạp-xưởng-1eff6ccea4.webp	11	Còn hàng	64
901	135 - Hotdog khô bò	Xúc xích big size, xà lách, khô bò, dưa chuột muối, 3 loại sốt đặc trưng (không cay)	40000.00	assets/90s-hotdog-bánh-mì-hotdog-âu-mỹ-ngã-tư-sở-135-hotdog-khô-bò-614ee12891.webp	11	Còn hàng	64
902	137 - Hotdog jambon (thịt nguội)	Xúc xích big size, xà lách, jambon, dưa chuột muối, 3 loại sốt đặc trưng (không cay)	43000.00	assets/90s-hotdog-bánh-mì-hotdog-âu-mỹ-ngã-tư-sở-137-hotdog-jambon-thịt-nguội-52ec5646b4.webp	11	Còn hàng	64
903	138 - Hotdog full topping	Xúc xích, xà lách, phô mai, rong biển, khô bò, jambon HQ, dưa chuột muối, 3 loại sốt đặc trưng (không cay)	60000.00	assets/90s-hotdog-bánh-mì-hotdog-âu-mỹ-ngã-tư-sở-138-hotdog-full-topping-dde704bd0d.webp	11	Còn hàng	64
904	139 - Bánh mì hotdog bơ sữa	Bánh mì hotdog bơ sữa - ngọt, không xúc xích. chúc quý khách ngon miệng 🥰 (hình ảnh minh hoạ)	22000.00	assets/90s-hotdog-bánh-mì-hotdog-âu-mỹ-ngã-tư-sở-139-bánh-mì-hotdog-bơ-sữa-287bcb788f.webp	11	Còn hàng	64
905	140 - Bánh mì hotdog bơ mật ong	Bánh mì bơ mật ong - ngọt, không xúc xích. chúc quý khách ngon miệng 🥰 (hình ảnh minh hoạ)	22000.00	assets/90s-hotdog-bánh-mì-hotdog-âu-mỹ-ngã-tư-sở-140-bánh-mì-hotdog-bơ-mật-ong-c29155de87.webp	11	Còn hàng	64
906	141 - Vỏ hotdog - 01 chiếc	Bánh mì tươi sử dụng trong ngày	12000.00	assets/90s-hotdog-bánh-mì-hotdog-âu-mỹ-ngã-tư-sở-141-vỏ-hotdog-01-chiếc-9ace25a7f8.webp	11	Còn hàng	64
907	136 - Hotdog khô gà	Xúc xích big size, xà lách, khô gà, dưa chuột muối, 3 loại sốt đặc trưng (không cay)	40000.00	assets/90s-hotdog-bánh-mì-hotdog-âu-mỹ-ngã-tư-sở-136-hotdog-khô-gà-4cd0f638f9.webp	11	Còn hàng	64
908	Hotdog nem thịt	Nem thịt ngon, xà lách, thịt bằm chưng, dưa chuột muối, 3 loại sốt đặc trưng (không cay)	43000.00	assets/90s-hotdog-bánh-mì-hotdog-âu-mỹ-ngã-tư-sở-hotdog-nem-thịt-09fbad4ff1.webp	11	Còn hàng	64
909	142 - Sandwich jambon (thịt nguội)	Sandwich, jambon (thịt nguội), xà lách, sốt sandwich đặc trưng	28600.00	assets/90s-hotdog-bánh-mì-hotdog-âu-mỹ-ngã-tư-sở-142-sandwich-jambon-thịt-nguội-ca77dc928d.webp	5	Còn hàng	64
910	143 - Sandwich jambon phô mai	Sandwich, jambon (thịt nguội), phô mai, xà lách, sốt sandwich đặc trưng	36500.00	assets/90s-hotdog-bánh-mì-hotdog-âu-mỹ-ngã-tư-sở-143-sandwich-jambon-phô-mai-13dee3da7f.webp	5	Còn hàng	64
911	144 - Sandwich jambon phô mai rong biển	Sandwich, jambon (thịt nguội), phô mai, rong biển nhập khẩu, xà lách, sốt sandwich đặc trưng	41000.00	assets/90s-hotdog-bánh-mì-hotdog-âu-mỹ-ngã-tư-sở-144-sandwich-jambon-phô-mai-rong-biển-b939303cfb.webp	5	Còn hàng	64
912	145 - Sandwich pate	Sandwich, pate, xà lách, sốt sandwich đặc trưng	28600.00	assets/90s-hotdog-bánh-mì-hotdog-âu-mỹ-ngã-tư-sở-145-sandwich-pate-ec2e8e96d0.webp	5	Còn hàng	64
913	146 - Sandwich pate phô mai	Sandwich, pate, phô mai, xà lách, sốt sandwich đặc trưng	31000.00	assets/90s-hotdog-bánh-mì-hotdog-âu-mỹ-ngã-tư-sở-146-sandwich-pate-phô-mai-d069b0f534.webp	5	Còn hàng	64
914	147 - Sandwich pate rong biển	Sandwich, pate, rong biển, xà lách, sốt sandwich đặc trưng	31000.00	assets/90s-hotdog-bánh-mì-hotdog-âu-mỹ-ngã-tư-sở-147-sandwich-pate-rong-biển-8038bd0cd3.webp	5	Còn hàng	64
915	148 - Sandwich xúc xích	Thoả cơn đói, lấp cơn thèm - Chúc quý khách ngon miệng 🌭🍽😋	29500.00	assets/90s-hotdog-bánh-mì-hotdog-âu-mỹ-ngã-tư-sở-148-sandwich-xúc-xích-b52acc08b1.webp	5	Còn hàng	64
916	149 - Sandwich xúc xích phô mai	Những chiếc bánh được làm bằng tình yêu và phục vụ bằng nụ cười - Chúc quý khách ngon miệng 🌭🍽😋	36900.00	assets/90s-hotdog-bánh-mì-hotdog-âu-mỹ-ngã-tư-sở-149-sandwich-xúc-xích-phô-mai-f356c3fe00.webp	5	Còn hàng	64
917	150 - Sandwich 2 xúc xích	No way! chính là chiếc sandwich này rồi! - Chúc quý khách ngon miệng 🌭🍽😋	49000.00	assets/90s-hotdog-bánh-mì-hotdog-âu-mỹ-ngã-tư-sở-150-sandwich-2-xúc-xích-0d20f87192.webp	5	Còn hàng	64
918	151 - Sandwich phô mai + 2 xúc xích	What? ăn no quên sầu? - Chúc quý khách ngon miệng 🌭🍽😋	52000.00	assets/90s-hotdog-bánh-mì-hotdog-âu-mỹ-ngã-tư-sở-151-sandwich-phô-mai-2-xúc-xích-f265187364.webp	5	Còn hàng	64
919	152 - Sandwich bơ mật ong	Sandwich bơ mật ong thơm ngon bổ dưỡng	24000.00	assets/90s-hotdog-bánh-mì-hotdog-âu-mỹ-ngã-tư-sở-152-sandwich-bơ-mật-ong-af7c5e0f52.webp	5	Còn hàng	64
920	153 - Sandwich bơ sữa	Sandwich bơ sữa đặc biệt thơm ngon gợi nhớ tuổi thơ	24000.00	assets/90s-hotdog-bánh-mì-hotdog-âu-mỹ-ngã-tư-sở-153-sandwich-bơ-sữa-f107c80f71.webp	5	Còn hàng	64
921	154 - Sandwich mứt dâu	Sandwich mứt dâu ngọt thanh, thơm mát	28000.00	assets/90s-hotdog-bánh-mì-hotdog-âu-mỹ-ngã-tư-sở-154-sandwich-mứt-dâu-8dc644a089.webp	5	Còn hàng	64
922	156 - Sandwich mứt việt quất	Sandwich mứt việt quất ngọt thanh thơm mát	28000.00	assets/90s-hotdog-bánh-mì-hotdog-âu-mỹ-ngã-tư-sở-156-sandwich-mứt-việt-quất-35d8235569.webp	5	Còn hàng	64
923	157 - Sandwich mứt mật ong đào	"Sandwich mứt mật ong đào thơm ngon bổ dưỡng - Chúc quý khách ngon miệng ❤❤❤"	28000.00	assets/90s-hotdog-bánh-mì-hotdog-âu-mỹ-ngã-tư-sở-157-sandwich-mứt-mật-ong-đào-ec323b10be.webp	5	Còn hàng	64
924	158 - Sandwich bơ đậu phộng	Sandwich bơ đậu phộng năng lượng tràn đầy, hương thơm ngất ngây	28000.00	assets/90s-hotdog-bánh-mì-hotdog-âu-mỹ-ngã-tư-sở-158-sandwich-bơ-đậu-phộng-a9a5ef2233.webp	5	Còn hàng	64
925	155 - Sandwich mứt cam	Sandwich mứt cam chua chua, thanh thanh thơm ngon dinh dưỡng	28000.00	assets/90s-hotdog-bánh-mì-hotdog-âu-mỹ-ngã-tư-sở-155-sandwich-mứt-cam-38c7169b6a.webp	5	Còn hàng	64
926	159 - Sandwich bơ hạt phỉ - ca cao	Hương vị cacao, ngọt thơm trong từng miếng bánh	28000.00	assets/90s-hotdog-bánh-mì-hotdog-âu-mỹ-ngã-tư-sở-159-sandwich-bơ-hạt-phỉ-ca-cao-fef8f94862.webp	5	Còn hàng	64
927	160 - Sữa đậu nành đóng chai tiện lợi - ướp lạnh	Sữa đậu nành đóng chai tiện lợi - ướp lạnh không bỏ đá.	20000.00	assets/90s-hotdog-bánh-mì-hotdog-âu-mỹ-ngã-tư-sở-160-sữa-đậu-nành-đóng-chai-tiện-lợi-ướp-lạnh-adb913eda9.webp	7	Còn hàng	64
928	161 - Sữa đậu nành trân châu đường đen	Ngon hơn khi sử dụng cùng trân châu đường đen.	27000.00	assets/90s-hotdog-bánh-mì-hotdog-âu-mỹ-ngã-tư-sở-161-sữa-đậu-nành-trân-châu-đường-đen-f1c0e50e93.webp	7	Còn hàng	64
929	162 - Sữa tươi nguyên kem - ướp lạnh	Sữa tươi nguyên kem - thơm ngon, bổ dưỡng, nạp năng lượng.	30000.00	assets/90s-hotdog-bánh-mì-hotdog-âu-mỹ-ngã-tư-sở-162-sữa-tươi-nguyên-kem-ướp-lạnh-3a7d9343d1.webp	7	Còn hàng	64
930	164 - Coca cola 300ml - ướp lạnh	01 Coca Cola ướp lạnh - ăn ngon phải có Coca - Chúc quý khách ngon miệng 🌭🍽😋	15000.00	assets/90s-hotdog-bánh-mì-hotdog-âu-mỹ-ngã-tư-sở-164-coca-cola-300ml-ướp-lạnh-8190cf9471.webp	7	Còn hàng	64
931	165 - Nước chanh leo tươi	100% từ chanh leo tự nhiên. Calories: 44 Calo, Chất xơ: 4gr, Vitamin C: 54mg	30000.00	assets/90s-hotdog-bánh-mì-hotdog-âu-mỹ-ngã-tư-sở-165-nước-chanh-leo-tươi-f599e3e97f.webp	7	Còn hàng	64
932	166 - Nước cam tươi	100% từ cam tự nhiên. Calories: 120 Calo, Carbohydrate: 26gr, Vitamin C: 40mg	30000.00	assets/90s-hotdog-bánh-mì-hotdog-âu-mỹ-ngã-tư-sở-166-nước-cam-tươi-bb39e010b1.webp	7	Còn hàng	64
933	167 - Nước ép dứa	100% từ dứa tự nhiên. Calories: 120 Calo, Natri: 2mg, Kali: 300mg, Vitamin C: 20mg, Magie: 30mg, Canxi: 30mgl	30000.00	assets/90s-hotdog-bánh-mì-hotdog-âu-mỹ-ngã-tư-sở-167-nước-ép-dứa-cac6ecedb0.webp	7	Còn hàng	64
934	168 - Cà phê đen đá - Coffee	Cà phê sáng tạo, năng lượng hứng khởi - chúc quý khách ngon miệng	30000.00	assets/90s-hotdog-bánh-mì-hotdog-âu-mỹ-ngã-tư-sở-168-cà-phê-đen-đá-coffee-c89df741b6.webp	7	Còn hàng	64
935	169 - Cà phê sữa đá - Coffee	Phin sữa đá - khơi gợi cảm hứng sáng tạo.	35000.00	assets/90s-hotdog-bánh-mì-hotdog-âu-mỹ-ngã-tư-sở-169-cà-phê-sữa-đá-coffee-6e838cb317.webp	7	Còn hàng	64
936	170 - Cà phê sữa đá Sài Gòn - Coffee	Một chất riêng rất Sài Gòn! Gợi nhớ 1 chuyến đi đã xa, cho người con xa quê, cho đôi bạn trẻ thêm ngọt ngào. Sài Gòn!	35000.00	assets/90s-hotdog-bánh-mì-hotdog-âu-mỹ-ngã-tư-sở-170-cà-phê-sữa-đá-sài-gòn-coffee-67fa0e8a3f.webp	7	Còn hàng	64
937	171 - Bạc xỉu - xỉu up xỉu down	Bạc xỉu sữa tươi, chẳng quá ngọt, cũng không hề đắng, nhẹ nhàng, dịu mát.	40000.00	assets/90s-hotdog-bánh-mì-hotdog-âu-mỹ-ngã-tư-sở-171-bạc-xỉu-xỉu-up-xỉu-down-ce44391e02.webp	7	Còn hàng	64
938	173 - Deep blue soda	Đánh bay cái nóng mùa hè cùng Soda nhé. Thức uống sắc màu khuấy đảo không gian. Deep blue soda vị việt quất hút hồn mọi ánh nhìn.	35000.00	assets/90s-hotdog-bánh-mì-hotdog-âu-mỹ-ngã-tư-sở-173-deep-blue-soda-237724d492.webp	7	Còn hàng	64
939	175 - Light color soda	Đánh bay cái nóng mùa hè cùng Soda nhé. Light color blue soda vị bạc hà thơm mát rừng nhiệt đới.	35000.00	assets/90s-hotdog-bánh-mì-hotdog-âu-mỹ-ngã-tư-sở-175-light-color-soda-95e6c5e26f.webp	7	Còn hàng	64
940	172 - Ca cao sữa đá	Khởi động ngày mới cùng một ly cacao nhé!	40000.00	assets/90s-hotdog-bánh-mì-hotdog-âu-mỹ-ngã-tư-sở-172-ca-cao-sữa-đá-c6348ea75f.webp	7	Còn hàng	64
941	176 - Ruby soda	Đánh bay cái nóng mùa hè cùng Soda nhé. Ruby soda vị dâu tây quý phái lịch lãm sang trọng nhưng cũng tràn đầy nhiệt huyết tuổi thanh xuân.	35000.00	assets/90s-hotdog-bánh-mì-hotdog-âu-mỹ-ngã-tư-sở-176-ruby-soda-f2430dbe99.webp	7	Còn hàng	64
942	Coke / Cocacola	Coke / Cocacola	15000.00	assets/hey-bro-burger-pizza-spaghetti-fast-food-base-3-coke-cocacola-cec831e7b1.webp	7	Còn hàng	65
943	Hot Combo of The Day	1 Chicken Parmigiana,1 Drink,1 Side Dish	144000.00	assets/hey-bro-burger-pizza-spaghetti-fast-food-base-3-hot-combo-of-the-day-d970d70b92.webp	10	Còn hàng	65
944	Grilled Corn With Garlic Butter / Ngô Nướng Với Bơ Tỏi	1 Corn / 1 Bắp	17500.00	assets/hey-bro-burger-pizza-spaghetti-fast-food-base-3-grilled-corn-with-garlic-butter-ngô-nướng-với-bơ-tỏi-5e3e1bc183.webp	5	Còn hàng	65
945	Coleslaw	Cabage, Carrot, Onion, Mayonnaise / Cải Bắp, Cà Rốt, Hành Tây Tím, Sốt Mayonnaise	33000.00	assets/hey-bro-burger-pizza-spaghetti-fast-food-base-3-coleslaw-7f78fb6bbb.webp	5	Còn hàng	65
946	Home Made Chips With Garlic Butter / Khoai Béo Nhà Làm Chiên Bơ Tỏi	Mayonnaise & Ketchup Sauce / Sốt Mayo Và Tương Cà Chua	63000.00	assets/hey-bro-burger-pizza-spaghetti-fast-food-base-3-home-made-chips-with-garlic-butter-khoai-béo-nhà-làm-chiên-bơ-tỏi-2ba80bc81c.svg	5	Còn hàng	65
947	Chicken Parmi Burger/ Buger Gà Chiên Phô Mai Ý	Fried Chiecken,Homemade Tomato Sauce,Mozza Cheese	135000.00	assets/hey-bro-burger-pizza-spaghetti-fast-food-base-3-chicken-parmi-burger-buger-gà-chiên-phô-mai-ý-d1118d845f.webp	2	Còn hàng	65
948	Mineral Water / Nước Suối	Mineral Water / Nước Suối	1000.00	assets/hey-bro-burger-pizza-spaghetti-fast-food-base-3-mineral-water-nước-suối-bd7c1a378a.webp	7	Còn hàng	65
949	French Tacos	Bữa ăn đầy đủ vị thịt và rau	89000.00	assets/hey-bro-burger-pizza-spaghetti-fast-food-base-3-french-tacos-size-s-9deb64d08a.webp	5	Còn hàng	65
950	Chicken Quesadilla / Bánh Quesa Gà Mexico	Grilled Chicken, Mozzarella, Tomato Salsa / Gà Nướng, Phô Mai Mô Za, Sốt Salsa	130000.00	assets/hey-bro-burger-pizza-spaghetti-fast-food-base-3-chicken-quesadilla-bánh-quesa-gà-mexico-1f3a40a655.webp	5	Còn hàng	65
951	Double Beef Burger - 200 Gr	X2 Beef, X2 cheese / X2 thịt bò, X2 Phô mai	170000.00	assets/hey-bro-burger-pizza-spaghetti-fast-food-base-3-double-beef-burger-200-gr-798267e42f.webp	2	Còn hàng	65
952	Hot Cowboy Burger / Burger Anh Chàng Cao Bồi	X2 Beef 100Gr, Bacon, Blue Cheese, Cheddar Cheese, Pickle, Jalapenos, Onion Ring / X2 Bò Úc 100Gr, Thịt Heo Hun Khói, Phô Mai Xanh, Phô Mai Cheddar, Dưa Chuột bao tử, Ớt Cay Jalapenos, Hành Vòng Chiên	175000.00	assets/hey-bro-burger-pizza-spaghetti-fast-food-base-3-hot-cowboy-burger-burger-anh-chàng-cao-bồi-e8750b3be4.webp	2	Còn hàng	65
953	Chicken Tender / Lườn Gà Chiên Giòn	100Gr	65000.00	assets/hey-bro-burger-pizza-spaghetti-fast-food-base-3-chicken-tender-lườn-gà-chiên-giòn-4d9f1e8159.webp	5	Còn hàng	65
954	Skinny Fries / Khoai Tây Chiên	Khoai tây giòn rụm, vàng ươm	50000.00	assets/hey-bro-burger-pizza-spaghetti-fast-food-base-3-skinny-fries-khoai-tây-chiên-e21069485c.webp	4	Còn hàng	65
955	Combo French Tacos + Coca-Cola	Combo French Tacos - Size S + Coca-Cola	99000.00	assets/hey-bro-burger-pizza-spaghetti-fast-food-base-3-combo-french-tacos-size-s-coca-cola-840c216bc4.webp	10	Còn hàng	65
956	Combo Skinny Fries / Khoai Tây Chiên + Coca-Cola	Combo Skinny Fries / Khoai Tây Chiên + Coca-Cola	70000.00	assets/hey-bro-burger-pizza-spaghetti-fast-food-base-3-combo-skinny-fries-khoai-tây-chiên-coca-cola-0ca8912b57.webp	10	Còn hàng	65
957	Combo Fat Chips / Khoai Tây Béo Nhà Làm + Coca-Cola	Combo Fat Chips / Khoai Tây Béo Nhà Làm + Coca-Cola	75000.00	assets/hey-bro-burger-pizza-spaghetti-fast-food-base-3-combo-fat-chips-khoai-tây-béo-nhà-làm-coca-cola-8615901885.webp	10	Còn hàng	65
958	Chicken Parmigiana - Gà chiên với phô mai ý	1x Fried Chiecken, Home MadeTomato sauce, Mozzarella Cheese	99000.00	assets/hey-bro-burger-pizza-spaghetti-fast-food-base-3-chicken-parmigiana-gà-chiên-với-phô-mai-ý-a676328eb1.webp	1	Còn hàng	65
959	Vegan Hotdog / Bánh Hotdog Chay	Falafel, pickle, Fresh Onion, Mayo / 3 Miếng Falafel, Dưa Chuột Bao Tử Muối, Hành Tây Tươi	100000.00	assets/hey-bro-burger-pizza-spaghetti-fast-food-base-3-vegan-hotdog-bánh-hotdog-chay-6c87c4df1e.webp	11	Còn hàng	65
960	Falafel Burger / Burger Chay Falafel	Grilled Mushroom, Falafel, Fresh Onion / Nấm Nướng, Falafel, Hành Tây Tươi	105000.00	assets/hey-bro-burger-pizza-spaghetti-fast-food-base-3-falafel-burger-burger-chay-falafel-f980eee88c.webp	2	Còn hàng	65
961	Bird Brie Burger / Burger Gà Nướng Phô Mai Brie	100Gr Grilled Chicken, Brie Cheese / 100Gr Gà Úc Nướng, Phô Mai Brie Của Pháp	125000.00	assets/hey-bro-burger-pizza-spaghetti-fast-food-base-3-bird-brie-burger-burger-gà-nướng-phô-mai-brie-909565a5cf.webp	2	Còn hàng	65
962	Jalapenos Glazed Chicken Burger	100Gr Grilled Chicken, Brie Cheese, Bacon, Jalapenos / 100Gr Gà Úc Nướng, Phô Mai Brie Của Pháp, Thịt Heo Hun Khói, Ớt Jalapenos	145000.00	assets/hey-bro-burger-pizza-spaghetti-fast-food-base-3-jalapenos-glazed-chicken-burger-2ebb761b24.webp	2	Còn hàng	65
963	Vegan Spaghetti / Mỳ Ý Sốt Kem Nấm	Mushroom, Cooking Cream, Parmesan Cheese / Nấm, Kem Nấu, Phô Mai Parmesan	99000.00	assets/hey-bro-burger-pizza-spaghetti-fast-food-base-3-vegan-spaghetti-mỳ-ý-sốt-kem-nấm-c3ab635a7e.webp	3	Còn hàng	65
964	Black Olives	150g	55000.00	assets/hey-bro-burger-pizza-spaghetti-fast-food-base-3-black-olives-2aba2705fb.webp	6	Còn hàng	65
965	Falafel Big Plate	Mash Gravy, Falafel, Mixed Salad, Tartar, Ketchup + Chilli Sauce, Dressing Sauce / Khoai nghiền sốt Gravy, 3 miếng Falafel, Mixed Salad, Sốt Tartar, Tương Cà + Ớt, Sốt Dressing	145000.00	assets/hey-bro-burger-pizza-spaghetti-fast-food-base-3-falafel-big-plate-bdf2a517f9.webp	10	Còn hàng	65
966	Favourite Combo	1 Tender, 1 French Fries/ 1 Lườn Gà Chiên Giòn, 1 khoai Tây Chiên	110000.00	assets/hey-bro-burger-pizza-spaghetti-fast-food-base-3-favourite-combo-7bb6649bf4.webp	10	Còn hàng	65
967	Popular Set	1 Classic Burger, 1/2 French Fries, 1Drink / 1 Burger Cổ Điển, 1/2 Khoai Tây Chiên, 1 đồ uống	145000.00	assets/hey-bro-burger-pizza-spaghetti-fast-food-base-3-popular-set-4ed407bbe9.webp	10	Còn hàng	65
968	Chicken Set	1 Chicken Burger, 1 Side Dish, 1 Drink / 1 chicken Burger, 1 Món Phụ, 1 Đồ Uống	160000.00	assets/hey-bro-burger-pizza-spaghetti-fast-food-base-3-chicken-set-b63cdfd56b.webp	10	Còn hàng	65
969	Beef Set	1 Beef Burger, 1 Side Dish, 1 Drink / 1 Beef Burger, 1 Khoai Tây Chiên, 1 đồ uống	169000.00	assets/hey-bro-burger-pizza-spaghetti-fast-food-base-3-beef-set-187d411890.webp	10	Còn hàng	65
970	Hey Bro Set	1 Hey Bro Burger, 1 Side Dish, 1 Drink / 1 Hey Bro Burger, 1 Món Phụ, 1 Đồ Uống	220000.00	assets/hey-bro-burger-pizza-spaghetti-fast-food-base-3-hey-bro-set-19aa0d84aa.webp	10	Còn hàng	65
971	Hotdog Set	1 Gentle Man Hotdog, 1 side dish, 1 drink / 1 Gentle Man Hotdog, 1 Món Phụ, 1 Đồ Uống	180000.00	assets/hey-bro-burger-pizza-spaghetti-fast-food-base-3-hotdog-set-9dfa2057c7.webp	10	Còn hàng	65
972	Prawn Crackers / Phồng Tôm	Giòn tan, thơm ngon, đậm đà vị tôm.	35000.00	assets/hey-bro-burger-pizza-spaghetti-fast-food-base-3-prawn-crackers-phồng-tôm-04e6e70779.webp	8	Còn hàng	65
973	Fat Chips / Khoai Tây Béo Nhà Làm	Khoai tây giòn ngoài, mềm trong, ngon đậm vị.	55000.00	assets/hey-bro-burger-pizza-spaghetti-fast-food-base-3-fat-chips-khoai-tây-béo-nhà-làm-71ea4af9df.webp	5	Còn hàng	65
974	Fried Chicken Wings / Cánh Gà Chiên	2 Pieces / 2 Miếng	55000.00	assets/hey-bro-burger-pizza-spaghetti-fast-food-base-3-fried-chicken-wings-cánh-gà-chiên-32fc82362a.webp	5	Còn hàng	65
975	Mash Gravy / Khoai Tây Nghiền Và sốt Gravy Bò Hầm	Khoai tây nghiền với sốt gravy thơm ngon.	50000.00	assets/hey-bro-burger-pizza-spaghetti-fast-food-base-3-mash-gravy-khoai-tây-nghiền-và-sốt-gravy-bò-hầm-2aa490fcdc.webp	5	Còn hàng	65
976	Deep Fried Hashbrown / Bánh Khoai Tây Chiên Giòn	2 Pieces / 2 Miếng	45000.00	assets/hey-bro-burger-pizza-spaghetti-fast-food-base-3-deep-fried-hashbrown-bánh-khoai-tây-chiên-giòn-209ff76b8e.webp	5	Còn hàng	65
977	Cheese Homemade Fries / Khoai Tây Béo Nhà Làm kèm sốt Phô Mai	Cheese Homemade Fries / Khoai Tây Béo Nhà Làm kèm sốt Phô Mai	75000.00	assets/hey-bro-burger-pizza-spaghetti-fast-food-base-3-cheese-homemade-fries-khoai-tây-béo-nhà-làm-kèm-sốt-phô-mai-9f763f06bf.webp	5	Còn hàng	65
978	Chicken Popcorn / Gà Popcorn	100Gr	60000.00	assets/hey-bro-burger-pizza-spaghetti-fast-food-base-3-chicken-popcorn-gà-popcorn-218c6b18b2.webp	5	Còn hàng	65
979	Chicken Tender In Beer Battered / Lườn Gà Tẩm Bạt Bia	100Gr	75000.00	assets/hey-bro-burger-pizza-spaghetti-fast-food-base-3-chicken-tender-in-beer-battered-lườn-gà-tẩm-bạt-bia-2b864d5415.webp	5	Còn hàng	65
980	Homemade Tender / Lườn Gà Tây Chiên Nhà Làm	120Gr	80000.00	assets/hey-bro-burger-pizza-spaghetti-fast-food-base-3-homemade-tender-lườn-gà-tây-chiên-nhà-làm-91cda3c733.webp	5	Còn hàng	65
981	Onion Rings / Hành Tây Vòng	6-8 Rings / 6-8 Vòng	55000.00	assets/hey-bro-burger-pizza-spaghetti-fast-food-base-3-onion-rings-hành-tây-vòng-c65e0bc67c.webp	5	Còn hàng	65
982	Red Snapper Fish Finger / Cá Diêu Hồng và Sốt Tartar của Anh	120Gr	85000.00	assets/hey-bro-burger-pizza-spaghetti-fast-food-base-3-red-snapper-fish-finger-cá-diêu-hồng-và-sốt-tartar-của-anh-3000d1d576.webp	5	Còn hàng	65
983	Cheese Stick / Phô Mai Que	5 Sticks / 5 Que	95000.00	assets/hey-bro-burger-pizza-spaghetti-fast-food-base-3-cheese-stick-phô-mai-que-2ba80bc81c.svg	5	Còn hàng	65
984	Aloha Bread & Cheese / Bánh Mỳ Nướng Với Phô Mai	4 Pieces / 4 Miếng	60000.00	assets/hey-bro-burger-pizza-spaghetti-fast-food-base-3-aloha-bread-cheese-bánh-mỳ-nướng-với-phô-mai-2ba80bc81c.svg	5	Còn hàng	65
985	Chilli Cheese Garlic Bread / Bánh Mỳ Bơ tỏi Cay	6 Pieces / 6 Miếng	70000.00	assets/hey-bro-burger-pizza-spaghetti-fast-food-base-3-chilli-cheese-garlic-bread-bánh-mỳ-bơ-tỏi-cay-2ba80bc81c.svg	5	Còn hàng	65
986	Grilled Sausage With Veggie / Xúc Xích Nướng với Rau Củ	2 Frankfurt Sausage, Griled onion + Bellpepper, Mustard / 2 Cây Xúc Xích Đức Frankfurt Nướng, Hành Tây + Ớt Chuông Nướng, Mù Tạt Mỹ	130000.00	assets/hey-bro-burger-pizza-spaghetti-fast-food-base-3-grilled-sausage-with-veggie-xúc-xích-nướng-với-rau-củ-2ba80bc81c.svg	5	Còn hàng	65
987	Garlic Bread / Bánh Mì Nướng Bơ Tỏi	2 Pieces / 2 Miếng	15000.00	https://food-cms.grab.com/compressed_webp/items/VNITE2023061711111824545/detail/menueditor_item_424d049bdd1c4f58b3b1c6ff610cead2_1687323403919586342.webp	5	Còn hàng	65
988	Basa Fish Finger with Tatar Sauce / Cá Basa và sốt Tatar của Anh	120Gr Basa / 120 Gram Cá Basa	70000.00	assets/hey-bro-burger-pizza-spaghetti-fast-food-base-3-basa-fish-finger-with-tatar-sauce-cá-basa-và-sốt-tatar-của-anh-ae3fcab570.webp	5	Còn hàng	65
989	Crispy Calamari / Mực Ống Chiên	100Gr With Tartar / 100Gr ăn Kèm Sốt Tartar Vương Quốc Anh	95000.00	https://food-cms.grab.com/compressed_webp/items/VNITE2021120814200914150/detail/menueditor_item_fa4595a1b8f849bf8e82d138e64ce1d1_1687324241250767737.webp	5	Còn hàng	65
990	Hey Bro Burger - 100Gr	Beef, Cheddar cheese, Onion Ring, Bacon, Fries Egg, pickle, Coleslaw, Hey Bro Sauce / Bò Úc, phô mai cheddar, thịt xông khói, trứng, dưa chuột bao tử, Coleslaw, Sốt Hey Bro	165000.00	assets/hey-bro-burger-pizza-spaghetti-fast-food-base-3-hey-bro-burger-100gr-1d28ab54e6.webp	2	Còn hàng	65
991	Young Buffalo Burger - 100Gr / Burger Trẻ Trâu	Australia Beef 100Gr, Jalapenos, Cheddar Cheese, Coleslaw, Buffalo Sauce / Bò Úc 100Gr, Ớt Jalapenos, Phô Mai Cheddar, Coleslaw, Sốt cay Trẻ Trâu	135000.00	assets/hey-bro-burger-pizza-spaghetti-fast-food-base-3-young-buffalo-burger-100gr-burger-trẻ-trâu-80db4d7f81.webp	2	Còn hàng	65
992	Classic Burger - 100 Gr / Burger Cổ Điển	Australia Beef / Bò Úc	85000.00	assets/hey-bro-burger-pizza-spaghetti-fast-food-base-3-classic-burger-100-gr-burger-cổ-điển-495b67f515.webp	2	Còn hàng	65
993	Cheese Burger - 100 Gr / Burger Phô Mai Bò Úc	Australia Beef, Cheddar Cheese / Bò Úc, Phô Mai Cheddar	99000.00	assets/hey-bro-burger-pizza-spaghetti-fast-food-base-3-cheese-burger-100-gr-burger-phô-mai-bò-úc-67b0ea326b.webp	2	Còn hàng	65
994	Beef Burger 100 Gr / Burger Bò Úc	Beef, Cheddar cheese, Pickle, Coleslaw / Bò úc, phô mai cheddar, dưa chuột bao tử, Coleslaw	125000.00	assets/hey-bro-burger-pizza-spaghetti-fast-food-base-3-beef-burger-100-gr-burger-bò-úc-9aa16ca236.webp	2	Còn hàng	65
995	Avocado Beef Burger - 100Gr / Burger Bò Úc Bơ Tươi	Australia Beef 100Gr, Bacon, Cheddar Cheese, Fresh Avocado / Bò Úc 100Gr, Thịt Hun Khói, Phô Mai Cheddar, Bơ Tươi	140000.00	assets/hey-bro-burger-pizza-spaghetti-fast-food-base-3-avocado-beef-burger-100gr-burger-bò-úc-bơ-tươi-365859c796.webp	2	Còn hàng	65
996	Beef & Bacon Burger - 100Gr / Burger Bò Và Thịt Hun Khói	Beef, Bacon, Cheddar, Pickle, / Bò Úc, Thịt Heo Hun Khói, Phô Mai Cheddar, Dưa Chuột Bao Tử,	135000.00	assets/hey-bro-burger-pizza-spaghetti-fast-food-base-3-beef-bacon-burger-100gr-burger-bò-và-thịt-hun-khói-b4d75c89df.webp	2	Còn hàng	65
997	Umbrella Burger - 100Gr / Burger Ô Dù	Australia Beef 100Gr, Cheddar Cheese, Fried Egg, Mushroom, Onion Ring / Bò Úc 100Gr, Phô Mai Cheddar, Trứng Ốp La, Nấm Nướng, Hành Vòng chiên	140000.00	assets/hey-bro-burger-pizza-spaghetti-fast-food-base-3-umbrella-burger-100gr-burger-ô-dù-dae97a187f.webp	2	Còn hàng	65
998	Aloha Swiss Burger	Beef Patty 100Gr, Bacon, Pineapple, Swiss Cheese, Caramelised Onion / Bò Úc 100gr, Thịt Heo Xông Khói, Dứa Nướng, Phô Mai Thụy Sỹ, Hành Caramelised, Dứa	140000.00	assets/hey-bro-burger-pizza-spaghetti-fast-food-base-3-aloha-swiss-burger-e17c26a92a.webp	2	Còn hàng	65
999	Bacon Swiss Burger / Burger Ba Chỉ Xông khói Và Phô Mai Thụy Sỹ	Beef Patty 100Gr, Bacon, Swiss Cheese, Caramelised Onion, Pickle / Bò Úc 100gr, Thịt Heo Xông Khói, Phô Mai Thụy Sỹ, Hành Caramelised, Dưa Chuột Bao Tử	135000.00	assets/hey-bro-burger-pizza-spaghetti-fast-food-base-3-bacon-swiss-burger-burger-ba-chỉ-xông-khói-và-phô-mai-thụy-sỹ-7d565c4f13.webp	2	Còn hàng	65
1000	Spicy Burger - 100Gr/ Burger Bò Úc Cay	Beef 100Gr, Cheddar, Jalapenos / Bò Úc 100Gr, Phô Mai Cheddar, 🌶 Ớt Jalapenos	125000.00	assets/hey-bro-burger-pizza-spaghetti-fast-food-base-3-spicy-burger-100gr-burger-bò-úc-cay-8e50995a9c.webp	2	Còn hàng	65
1001	Blue Cheese Burger - 100Gr / Burger Phô Mai Xanh	Beef 100g, Blue Cheese, Bacon / Bò Úc 100Gr, Phô Mai Xanh, Thịt Heo Xông Khói	130000.00	assets/hey-bro-burger-pizza-spaghetti-fast-food-base-3-blue-cheese-burger-100gr-burger-phô-mai-xanh-445eb04e20.webp	2	Còn hàng	65
1002	Mixed Cheese Burger - 100gr / Burger 2 Loại Phô Mai	Beef 100Gr, Cheddar + Blue Cheese, Bacon, Pickle / Bò Úc 100gr, Phô Mai Cheddae + Xanh, Thịt Heo Xông Khói, Dưa Chuột Bao Tử	135000.00	assets/hey-bro-burger-pizza-spaghetti-fast-food-base-3-mixed-cheese-burger-100gr-burger-2-loại-phô-mai-4ac773d2de.webp	2	Còn hàng	65
1003	Mushroom Swiss Burger / Burger Nấm và Phô Mai Thụy Sỹ	Beef Patty 100Gr, Swiss Cheese, Mushroom, Caramelised Onion / Bò Úc 100Gr, Nấm Nướng, Hành Caramelised	130000.00	assets/hey-bro-burger-pizza-spaghetti-fast-food-base-3-mushroom-swiss-burger-burger-nấm-và-phô-mai-thụy-sỹ-6dde82af9b.webp	2	Còn hàng	65
1004	Bell Pepper Burger / Burger Ớt Chuông	100Gr Beef Patty, Grilled Bell Pepper, Cheddar Cheese / 100Gr Bò Úc, Ớt Chuông Nướng, Phô Mai Cheddar	125000.00	assets/hey-bro-burger-pizza-spaghetti-fast-food-base-3-bell-pepper-burger-burger-ớt-chuông-9c5d61e685.webp	2	Còn hàng	65
1005	Chicken Burger - 100 Gr / Burger Gà Tây Chiên	Fried Chicken, Coleslaw / Gà Tây Chiên, Coleslaw	105000.00	assets/hey-bro-burger-pizza-spaghetti-fast-food-base-3-chicken-burger-100-gr-burger-gà-tây-chiên-a69a58aa6c.webp	2	Còn hàng	65
1006	Healthy Buns - 100Gr ( Không Chất Béo )	Grilled Chicken, Fried Egg, Avocado / Gà Tây Nướng, Trứng Ốp La, Bơ Tươi	120000.00	assets/hey-bro-burger-pizza-spaghetti-fast-food-base-3-healthy-buns-100gr-không-chất-béo-b26a31efb6.webp	2	Còn hàng	65
1007	Grilled Chicken Burger - 100Gr / Burger Gà Tây Nướng	Grilled Chicken, Bacon, Avocado, Cheddar / Gà tây Nướng, Thịt Heo Hun Khói, Quả Bơ tươi, Phô Mai Cheddar	125000.00	assets/hey-bro-burger-pizza-spaghetti-fast-food-base-3-grilled-chicken-burger-100gr-burger-gà-tây-nướng-9bc435fe10.webp	2	Còn hàng	65
1008	Grilled Chicken W Swiss Cheese Burger / Burger Gà Nướng Kèm Phô Mai Thụy Sỹ	Grilled Chicken 100Gr, Bacon, Swiss Cheese / Gà Tây Nướng 100gr, Thịt Heo Xông Khói, Phô Mai Thụy Sỹ	130000.00	assets/hey-bro-burger-pizza-spaghetti-fast-food-base-3-grilled-chicken-w-swiss-cheese-burger-burger-gà-nướng-kèm-phô-mai-thụy-sỹ-6cd8c54ea9.webp	2	Còn hàng	65
1009	Veggie Burger - 100Gr / Burger Chay	HashBrown, Egg, mushroom, BellPepper, Onion / Bánh Khoai Tây Nghiền, Trứng, Nấm, Ớt Chuông, Hành Tây	85000.00	assets/hey-bro-burger-pizza-spaghetti-fast-food-base-3-veggie-burger-100gr-burger-chay-b1ad76882a.webp	2	Còn hàng	65
1010	Olive Burger / Burger Ô Liu	100Gr Beef Patty, Cheddar Cheese, Olive / 100Gr Bò Úc, Phô Mai Cheddar, Ô Liu	105000.00	assets/hey-bro-burger-pizza-spaghetti-fast-food-base-3-olive-burger-burger-ô-liu-2b6ac10845.webp	2	Còn hàng	65
1011	Nachos Burger - 100Gr ( Phong Cách Latinh )	Beef 100Gr, Corn Tortillas, Cheddar, Guacamoles, 🌶 Jalapeños, Tomato Salsa / Bò Úc 100Gr, Bánh Ngô Mexico, Phô Mai Cheddar, Sốt Salsa, Sốt Quả Bơ, 🌶 Ớt Jalapeños	135000.00	assets/hey-bro-burger-pizza-spaghetti-fast-food-base-3-nachos-burger-100gr-phong-cách-latinh-eca25c576e.webp	2	Còn hàng	65
1012	Mac Siblings Burger - 100gr / Burger Mac 2 Tầng Bò	X2 Beef 100Gr, X2 Cheddar, X2 Pickled, Mac Siblings Sauce / X2 Nhân Bò 100Gr, X2 Phô Mai Cheddar, X2 Dưa Chuột Bao tử, Sốt Mac	160000.00	assets/hey-bro-burger-pizza-spaghetti-fast-food-base-3-mac-siblings-burger-100gr-burger-mac-2-tầng-bò-7b00f60b62.webp	2	Còn hàng	65
1013	Roman Burger / Burger Phô Mai Hy Lạp	100Gr Beef Patty, Feta cheese / 100Gr Bò Úc, Phô Mai Hy Lạp	90000.00	assets/hey-bro-burger-pizza-spaghetti-fast-food-base-3-roman-burger-burger-phô-mai-hy-lạp-33a5191760.webp	2	Còn hàng	65
1014	Standard HotDog	1 Sausage, Tomato, Onion, Lettuce, US Mustard, Mayonnaise / 1 Cây Xúc Xích, Cà Chua, Hành Tây, Xà Lách, Mù Tạt Mỹ, Sốt Mayonnaise	90000.00	assets/hey-bro-burger-pizza-spaghetti-fast-food-base-3-standard-hotdog-f48655b9b8.webp	11	Còn hàng	65
1015	Gentleman Hotdog	1Sausage, Grilled Mushroom, Olive, Bacon, Mayonnaise, Buffalo Sauce / 1 Cây Xúc Xích, Nấm Nướng, Ô Liu, Thịt Heo Hun Khói, Sốt Mayonnaise, Sốt Cay Buffalo	120000.00	assets/hey-bro-burger-pizza-spaghetti-fast-food-base-3-gentleman-hotdog-a2626f4306.webp	11	Còn hàng	65
1016	Frankfurt Bangers & Mash / Xúc Xích Phanh phớt của Đức và Khoai tây	1 FrankfurtGravy sauce, Mash/ 1 Cây Xúc Xích Frankfurt của Đức, Khoai Nghiền, sốt Gravy	135000.00	assets/hey-bro-burger-pizza-spaghetti-fast-food-base-3-frankfurt-bangers-mash-xúc-xích-phanh-phớt-của-đức-và-khoai-tây-008e8d68de.webp	5	Còn hàng	65
1017	Malteese Bangers & Mash / Xúc Xích Vùng Địa Trung Hải	1 Piece Of Sausage, Gravy sauce, mash / 1 cây xúc xích Maltese Địa Trung Hải, Sốt Gravy, khoai tây nghiền	165000.00	assets/hey-bro-burger-pizza-spaghetti-fast-food-base-3-malteese-bangers-mash-xúc-xích-vùng-địa-trung-hải-b3871cffca.webp	5	Còn hàng	65
1018	Licolnshire Bangers & Mash / Xúc Xích và Khoai Tây Nghiền	1 Piece Of Sausage, Mash, Gravy / 1 Cây Xúc Xích, Khoai Tây Nghiền, Sốt Gravy Bò Hầm	165000.00	assets/hey-bro-burger-pizza-spaghetti-fast-food-base-3-licolnshire-bangers-mash-xúc-xích-và-khoai-tây-nghiền-34ab9f42af.webp	5	Còn hàng	65
1019	Cumberland Bangers & Mash / Xúc Xích Vùng Cumberland Của Anh Quốc	1 Piece Of Sausage, Potato Mash, Gravy / 1 Cây Xúc Xích, Khoai Tây Nghiền, Sốt Gravy Bò Hầm	165000.00	assets/hey-bro-burger-pizza-spaghetti-fast-food-base-3-cumberland-bangers-mash-xúc-xích-vùng-cumberland-của-anh-quốc-36cc9dff97.webp	5	Còn hàng	65
1020	Red Snapper Fish / Cá Diêu Hồng	100Gr, 1 Small Tub Of Coleslaw, Ketchup / 100Gr, 1 Hũ Nhỏ Salad Trộn Kiểu Anh, Tương Cà	135000.00	assets/hey-bro-burger-pizza-spaghetti-fast-food-base-3-red-snapper-fish-cá-diêu-hồng-efa21e755f.webp	5	Còn hàng	65
1021	Seabass Fish / Cá Vược Đại Dương	100Gr, 1 Small Tub Of Coleslaw, Ketchup / 100Gr, 1 Hũ Nhỏ Salad Trộn Kiểu Anh, Tương Cà	185000.00	assets/hey-bro-burger-pizza-spaghetti-fast-food-base-3-seabass-fish-cá-vược-đại-dương-b4168cf32f.webp	5	Còn hàng	65
1022	Basa Fish / Cá Basa	100Gr, 1 Small Tub Of Coleslaw, Ketchup / 100Gr, 1 Hũ Nhỏ Salad Trộn Kiểu Anh, Tương Cà	115000.00	assets/hey-bro-burger-pizza-spaghetti-fast-food-base-3-basa-fish-cá-basa-520e3ec492.webp	5	Còn hàng	65
1023	Cod Fish / Cá Tuyết Đại Dương	100Gr, 1 Small Tub Of Coleslaw, Ketchup / 100Gr, 1 Hũ Nhỏ Salad Trộn Kiểu Anh, Tương Cà	215000.00	assets/hey-bro-burger-pizza-spaghetti-fast-food-base-3-cod-fish-cá-tuyết-đại-dương-6bca29c778.webp	5	Còn hàng	65
1024	Cabonara Spaghetti / Mỹ ý sốt cabonara và thịt xông khói	Bacon, York Egg, Parmesan Cheese, Included Garlic Bread / Thịt Heo có Hun, lòng đỏ trứng Gà, phô mai, sốt cabonara, bao gồm bánh mỳ bơ tỏi	120000.00	assets/hey-bro-burger-pizza-spaghetti-fast-food-base-3-cabonara-spaghetti-mỹ-ý-sốt-cabonara-và-thịt-xông-khói-3191a71ee0.webp	3	Còn hàng	65
1025	Alfredo Spaghetti / Mỳ Ý Sốt kem và Gà Tây Nướng	Grilled Chicken, York Egg, Parmesan Cheese, Cream, Included Garlic Bread / Gà Tây Nướng, lòng đỏ trứng, phô mai, Kem, gồm bánh mỳ bơ tỏi	125000.00	assets/hey-bro-burger-pizza-spaghetti-fast-food-base-3-alfredo-spaghetti-mỳ-ý-sốt-kem-và-gà-tây-nướng-9375acd1ee.webp	3	Còn hàng	65
1026	Bolognese spaghetti / Mỳ Ý Sốt Bò Bằm	Beef, Parmesan Cheese, included Garlic Bread / Bò Bolognese, Phô Mai Parmesan, Đã Bao gồm Bánh Mỳ Bơ Tỏi	125000.00	assets/hey-bro-burger-pizza-spaghetti-fast-food-base-3-bolognese-spaghetti-mỳ-ý-sốt-bò-bằm-3e94e3a21f.webp	3	Còn hàng	65
1027	Classic Nachos	Jalapenos,Mozzarella,Corn Tortillas	125000.00	assets/hey-bro-burger-pizza-spaghetti-fast-food-base-3-classic-nachos-d590958a53.webp	5	Còn hàng	65
1028	Pulled Pork Quesadilla / Bánh Quesa Heo Hầm 48H Mexico	Pulled Pork, Mozzarella, Fresh tortillas / Heo Hầm 48H, Phô Mai Mozzarella, Bánh Tortillas	130000.00	assets/hey-bro-burger-pizza-spaghetti-fast-food-base-3-pulled-pork-quesadilla-bánh-quesa-heo-hầm-48h-mexico-212c17dce7.webp	5	Còn hàng	65
1029	Beef Quesadilla / Bánh Quesa Bò Mexico	Beef, Mozzarella, Tortillas / Bò Mê Xi Cô, Phô Mai Môza, bánh Tortillas	130000.00	assets/hey-bro-burger-pizza-spaghetti-fast-food-base-3-beef-quesadilla-bánh-quesa-bò-mexico-d4bafb3943.webp	5	Còn hàng	65
1030	Cheesy Quesadilla / Bánh Quesadilla nhân Phô Mai	Mozzarella Cheese, Ovocado, 🍅 Tomato / Phô Mai MooZa, Bơ Tươi, 🍅 Cà Chua	110000.00	assets/hey-bro-burger-pizza-spaghetti-fast-food-base-3-cheesy-quesadilla-bánh-quesadilla-nhân-phô-mai-b0ab81016a.webp	5	Còn hàng	65
1031	Pulled Pork Nachos / Bánh Heo Hầm 48H Nachos Mexico	Pulled Pork, Mozzarella Cheese, Corn Tortillas, Jalapenos / Heo Hầm 48H, Phô Mai Mozzarella, Bánh Ngô Mexico, Ớt Cay Jalapesnos	155000.00	assets/hey-bro-burger-pizza-spaghetti-fast-food-base-3-pulled-pork-nachos-bánh-heo-hầm-48h-nachos-mexico-42cb3667db.webp	5	Còn hàng	65
1032	Meat Nachos / Bánh Thịt Bò Nachos Mexico	Beef, mozzarella, Corn Tortillas/ Bò Mê Xi Cô, bánh ngô mexico, phố mai mô-za	145000.00	assets/hey-bro-burger-pizza-spaghetti-fast-food-base-3-meat-nachos-bánh-thịt-bò-nachos-mexico-59f62e6b9f.webp	5	Còn hàng	65
1033	DipDip Nachos / Bánh Ngô Nachos Mexico	Ngô chiên giòn, chấm sốt đậm đà.	95000.00	assets/hey-bro-burger-pizza-spaghetti-fast-food-base-3-dipdip-nachos-bánh-ngô-nachos-mexico-a77e608345.webp	5	Còn hàng	65
1034	Garden Salad / Sa Lát Vườn	Lettuce, Tomato, Carrot, Onion, Avocado / Xà Lách, Cà Chua, Hành Tươi, Bơ Tươi	75000.00	assets/hey-bro-burger-pizza-spaghetti-fast-food-base-3-garden-salad-sa-lát-vườn-e85bc199c1.webp	5	Còn hàng	65
1035	Caesar salad / Salad Hoàng Đế Xê Xa	Romain, Crouton, Bacon, Parmersan / Xà Lách Rô Mên, Bánh Mỳ Crouton, Thịt Heo Hun Khói, Phô Mai Parmersan	95000.00	assets/hey-bro-burger-pizza-spaghetti-fast-food-base-3-caesar-salad-salad-hoàng-đế-xê-xa-a050a4a2ae.webp	5	Còn hàng	65
1036	Cobb salad	Lettuce, Tomato, Carrot, Onion, Avocado, Bacon, Blue Cheese / Xà Lách, Cà Chua, Hành Tươi, Bơ Tươi, Thịt Heo Hun Khói, Phô Mai Xanh	125000.00	assets/hey-bro-burger-pizza-spaghetti-fast-food-base-3-cobb-salad-f49c21c5bd.webp	5	Còn hàng	65
1037	Greek Salad / Sa Lát Hy Lạp	Lettuce, Tomato, Carrot, Onion, Bellpepper, Olive / Xà Lách, Cà Chua, Hành Tươi, Ớt Chuông, Ô Liu	155000.00	assets/hey-bro-burger-pizza-spaghetti-fast-food-base-3-greek-salad-sa-lát-hy-lạp-54f8418d2b.webp	5	Còn hàng	65
1038	Fanta	Fanta	20000.00	assets/hey-bro-burger-pizza-spaghetti-fast-food-base-3-fanta-3e95d49f27.webp	7	Còn hàng	65
1039	Tonic	Tonic	20000.00	assets/hey-bro-burger-pizza-spaghetti-fast-food-base-3-tonic-e7a1eea935.webp	7	Còn hàng	65
1040	Soda	Soda	20000.00	assets/hey-bro-burger-pizza-spaghetti-fast-food-base-3-soda-5e657800ad.webp	7	Còn hàng	65
1041	Diet Coke / Cocacola Không Đường	Diet Coke / Cocacola Không Đường	20000.00	assets/hey-bro-burger-pizza-spaghetti-fast-food-base-3-diet-coke-cocacola-không-đường-fb576e93fb.webp	7	Còn hàng	65
1042	Sprite	Sprite	20000.00	assets/hey-bro-burger-pizza-spaghetti-fast-food-base-3-sprite-b38e50fba5.webp	7	Còn hàng	65
1043	Trà sữa Gạo Sen - Lotus Milk Tea	Phục vụ trong Ly Hạnh Phúc 20oz Sự kết hợp tinh tế của nhiều hương vị đặc sắc: hương thơm dịu dàng từ Trà Sữa Gạo Rang, vị ngọt dịu của Mứt Dừa cùng Topping Thạch Dừa Non mềm dẻo, Hạt Sen bùi bùi và Hạnh Nhân Lát giòn thơm.	79000.00	assets/cheese-coffee-lê-đại-hành-trà-sữa-gạo-sen-lotus-milk-tea-aabb00ecd4.webp	7	Còn hàng	66
1044	Dịu Đào - Peach & Peace Tea	“Dệt” từ Trà Lài dịu dàng, Đào Hồng, kem sữa thay cho bột sữa truyền thống và topping tươi mát.	69000.00	assets/cheese-coffee-lê-đại-hành-dịu-đào-peach-peace-tea-c58ac060c7.webp	7	Còn hàng	66
1045	Trà Sữa Lài Đặc Biệt - Jasmine Par'Tea	Trà sữa lài thanh khiết, sánh kẹo vị mặn mà, béo nhẹ từ kem bông vanilla.	59000.00	assets/cheese-coffee-lê-đại-hành-trà-sữa-lài-đặc-biệt-jasmine-partea-e8b733e223.webp	7	Còn hàng	66
1046	Trà Sữa Nhãn Khúc Bạch - Loagan Panna Cotta Milktea	Trà sữa Lài thanh nhẹ, hương Hạnh Nhân thơm ngát cùng topping Nhãn giòn ngọt, Khúc Bạch béo mềm ngọt lành.	69000.00	assets/cheese-coffee-lê-đại-hành-trà-sữa-nhãn-khúc-bạch-loagan-panna-cotta-milktea-930bde6e42.webp	7	Còn hàng	66
1047	Trà Sữa Ô Long Nguyên Lá - Full Leaf Oolong Milk Tea	Nguyên vị hương hoa tươi mát, hậu vị ngọt thanh, hoà quyện cùng bột sữa phô mai đậm chất Cheese.	45000.00	assets/cheese-coffee-lê-đại-hành-trà-sữa-ô-long-nguyên-lá-full-leaf-oolong-milk-tea-5e49464e26.webp	7	Còn hàng	66
1048	Trà Sữa Ô Long Lài - Jasmine Oolong Milk Tea	Trải nghiệm vừa đậm đà Trà Ô Long vừa nhẹ nhàng hương thơm hoa lài.	45000.00	assets/cheese-coffee-lê-đại-hành-trà-sữa-ô-long-lài-jasmine-oolong-milk-tea-828548b585.webp	7	Còn hàng	66
1049	Trà Sữa Nguyên Lá - Full Leaf Milk Tea	Trà Sữa Nguyên Lá. Đậm thơm vị trà, béo ngọt vị sữa.	45000.00	assets/cheese-coffee-lê-đại-hành-trà-sữa-nguyên-lá-full-leaf-milk-tea-b2a98a7ead.webp	7	Còn hàng	66
1050	Trà Sữa Nguyên Lá Đặc Biệt - Full Leaf Par'Tea	Trà sữa nguyên lá huyền thoại được cải tiến vô cùng bắt vị, thêm chút "mặn mà", béo ngậy bởi muối hồng và kem bông vanilla	59000.00	assets/cheese-coffee-lê-đại-hành-trà-sữa-nguyên-lá-đặc-biệt-full-leaf-partea-039921cf95.webp	7	Còn hàng	66
1051	Trà Sữa Lài Hạnh Nhân - Jasmine Almond Milk Tea	Trà Sữa Lài Hạnh Nhân. Vị hạnh nhân béo bùi kết hợp cùng hương lài thơm ngát.	55000.00	assets/cheese-coffee-lê-đại-hành-trà-sữa-lài-hạnh-nhân-jasmine-almond-milk-tea-21b1bb6c81.webp	7	Còn hàng	66
1052	Trà Sữa Lài - Jasmine Milk Tea	Trà Lài thơm ngát, gói trọn mùa xuân cùng vị sữa béo ngọt.	45000.00	assets/cheese-coffee-lê-đại-hành-trà-sữa-lài-jasmine-milk-tea-734eb7e31b.webp	7	Còn hàng	66
1053	Chè Hạnh Phúc - Home Sweet Home	Phục vụ trong ly nhựa Đậu xanh béo bùi và sữa tươi kết hợp cùng nhiều loại Topping thú vị gợi mở một hương vị Chè vừa truyền thống nhưng cũng rất hiện đại.	69000.00	assets/cheese-coffee-lê-đại-hành-chè-hạnh-phúc-home-sweet-home-25bb251157.webp	7	Còn hàng	66
1054	TRÂN CHÂU ĐEN - BLACK BUBBLE	Trân châu đen dẻo dai và ngọt nhẹ vị caramel. Thêm ngon khi thưởng thức cùng trà sữa	15000.00	assets/cheese-coffee-lê-đại-hành-trân-châu-đen-black-bubble-f3540171cd.webp	8	Còn hàng	66
1055	TRÂN CHÂU TRẮNG - WHITE BUBBLE	Trân châu trắng giòn ngon và ít ngọt. Tạo cảm giác vui miệng khi thưởng thức	10000.00	assets/cheese-coffee-lê-đại-hành-trân-châu-trắng-white-bubble-6fde44289d.webp	8	Còn hàng	66
1056	KHÚC BẠCH - PANNA COTTA	vừa giòn dai, vừa mềm mịn. Hương vị thanh mát và sảng khoái.	15000.00	assets/cheese-coffee-lê-đại-hành-khúc-bạch-panna-cotta-97917f1c86.webp	8	Còn hàng	66
1057	KEM PHÔ MAI - FOMAI MACCHIATO	Sánh mịn và béo thơm đặc trưng, hoa quyện cùng chút vị mặn nhẹ.	19000.00	assets/cheese-coffee-lê-đại-hành-kem-phô-mai-fomai-macchiato-b80cf7b5d3.webp	8	Còn hàng	66
1058	TRÂN CHÂU CỦ NĂNG DẺO - PINK BUBBLE	Trân châu củ năng tươi mát, dẻo ngọt. Vừa nịnh vị vừa nịnh mắt	15000.00	assets/cheese-coffee-lê-đại-hành-trân-châu-củ-năng-dẻo-pink-bubble-23d9997d93.webp	8	Còn hàng	66
1059	HẠT NỔ CỦ NĂNG - PINK POPPING BOBA	Thạch nổ giòn, ngọt dịu và thơm mát từ củ năng. Thêm thú vị khi thưởng thức	10000.00	assets/cheese-coffee-lê-đại-hành-hạt-nổ-củ-năng-pink-popping-boba-f2bc1077ab.webp	8	Còn hàng	66
1060	TRÂN CHÂU MATCHA PHÔ MAI - CHEESE MATCHA BUBBLE	Trân châu Matcha đậm đà, nhân Phô Mai béo bùi đầy nịnh vị.	15000.00	assets/cheese-coffee-lê-đại-hành-trân-châu-matcha-phô-mai-cheese-matcha-bubble-bc7eabcaaa.webp	8	Còn hàng	66
1061	Trân Châu Khoai Môn - Taro Bubble	Trân châu dai dẻo, nhân Khoai Môn béo bùi đặc trưng tăng hương vị khi dùng cùng các món nước.	15000.00	assets/cheese-coffee-lê-đại-hành-trân-châu-khoai-môn-taro-bubble-6018c55855.webp	8	Còn hàng	66
1062	Matcha Yến Mạch - Matcha Latte Oatmilk	Sự hoà quyện của trà xanh Nhật Bản và sữa sánh mịn mang đến hương vị đặc biệt.	69000.00	assets/cheese-coffee-lê-đại-hành-matcha-yến-mạch-matcha-latte-oatmilk-beec1b1999.webp	7	Còn hàng	66
1063	Dịu Trà	Thưởng trà dịu êm, dệt cùng sự an yên của Matcha Nhật Bản, hậu đắng nhẹ và kem sữa sánh mịn.	55000.00	assets/cheese-coffee-lê-đại-hành-dịu-trà-af54295f6f.webp	7	Còn hàng	66
1064	Trà Xanh Latte - Matcha Latte	Sự hoà quyện của trà xanh Nhật Bản và sữa sánh mịn mang đến hương vị đặc biệt	49000.00	assets/cheese-coffee-lê-đại-hành-trà-xanh-latte-matcha-latte-968e81b103.webp	7	Còn hàng	66
1065	Trà Xanh Nhật Bản Đặc Biệt - Matcha Par'Tea	Sự hoà quyện của trà xanh Nhật Bản và sữa sánh mịn mang đến hương vị thơm béo. Đặc biệt, muối hồng sẽ làm tăng trải nghiệm của Homies	65000.00	assets/cheese-coffee-lê-đại-hành-trà-xanh-nhật-bản-đặc-biệt-matcha-partea-7fe9bce859.webp	7	Còn hàng	66
1066	Đậm Trà	Matcha thượng hạng nhất, đậm đà Umami, thơm hạt maca đậu rang cùng hậu vị dai, hương hoa kéo dài và kem sữa béo mượt	65000.00	assets/cheese-coffee-lê-đại-hành-đậm-trà-f37a05acb0.webp	7	Còn hàng	66
1067	Dịu Vân Dừa Non	Tầng Matcha dịu thanh đặc trưng, vị ngọt dịu, thanh mát của nước dừa tươi nguyên chất. Thêm Trân châu trắng giòn giòn. Phục vụ trong Ly Nhựa 16Oz	79000.00	assets/cheese-coffee-lê-đại-hành-dịu-vân-dừa-non-2669cbfaee.webp	7	Còn hàng	66
1068	Trà Gạo Sen - Lotus Rice Tea	Phục vụ trong ly nhựa Hương vị thanh mát đặc trưng từ Trà Gạo Rang dùng kèm Topping Thạch Dừa Non mềm dẻo, Hạt Sen béo bùi và Hạnh Nhân Lát giòn thơm	69000.00	assets/cheese-coffee-lê-đại-hành-trà-gạo-sen-lotus-rice-tea-c64dfebcdf.webp	7	Còn hàng	66
1069	Trà Đào Hồng - Pinky Peach Tea	Trà Lài thơm dịu, mứt Đào mật ong ngọt thanh hòa quyện đầy nịnh vị.	69000.00	assets/cheese-coffee-lê-đại-hành-trà-đào-hồng-pinky-peach-tea-aefc00361b.webp	7	Còn hàng	66
1070	Trà Gạo Dừa Non - Coco Genmaicha	Vị Trà Gạo Rang mộc mạc xen chút ngọt dịu dàng của Mứt Dừa cùng topping Thạch Dừa Non mềm mát, Hạt Nổ Củ Năng giòn ngọt thêm thú vị khi thưởng thức.	59000.00	assets/cheese-coffee-lê-đại-hành-trà-gạo-dừa-non-coco-genmaicha-1b5e05dbcc.webp	7	Còn hàng	66
1071	Trà Cam Quýt - Gold On Top	Giải nhiệt với vị dịu ngọt của quýt, thanh mát của mức cam nha đam	55000.00	assets/cheese-coffee-lê-đại-hành-trà-cam-quýt-gold-on-top-cb3880fe08.webp	7	Còn hàng	66
1072	Trà Nhãn Khúc Bạch - Panna Cotta Longan Tea	Trà Nhãn Khúc Bạch. Vị Trà nhãn hoà trộn với topping khúc bạch không thể chối từ	69000.00	assets/cheese-coffee-lê-đại-hành-trà-nhãn-khúc-bạch-panna-cotta-longan-tea-40e85c82e6.webp	7	Còn hàng	66
1073	Trà Siêu Đào - Perfect Peach Tea	Trà Siêu Đào. Gấp đôi đào, gấp đôi vị ngon.	65000.00	assets/cheese-coffee-lê-đại-hành-trà-siêu-đào-perfect-peach-tea-668bec72bf.webp	7	Còn hàng	66
1074	Trà Lài Vải - Lychee Jasmine Tea	Trà Lài Vải. Hương lài thơm mát kết hợp cùng topping vải ngọt ngào.	65000.00	assets/cheese-coffee-lê-đại-hành-trà-lài-vải-lychee-jasmine-tea-299a26fcbb.webp	7	Còn hàng	66
1075	Trà Trôi Nước - Vietnamese Mochi Jasmine Tea	Cảm hứng từ Chè Trôi Nước - vị ngọt béo dịu với mè rang vàng giòn hoà cùng Trà Lài thơm hoa	69000.00	assets/cheese-coffee-lê-đại-hành-trà-trôi-nước-vietnamese-mochi-jasmine-tea-4ffb6af7cc.webp	7	Còn hàng	66
1076	Trà Mận Lựu - Plum On Top	Giải nhiệt ngày nắng với vị ngọt thanh của Mận và vị chua của Lựu cùng hương Trà Lài truyền thống, topping Mận miếng tươi mọng.	69000.00	assets/cheese-coffee-lê-đại-hành-trà-mận-lựu-plum-on-top-ca3fefd669.webp	7	Còn hàng	66
1077	Bơ Bơ Đậu Đậu - Avocado Mung Bean	Cảm hứng từ Đậu Xanh mộc mạc kết hợp cùng Bơ mềm mịn và Kem sữa béo ngậy – sáng tạo đậm chất Việt, giòn rụm bất ngờ ở phần Topping	49000.00	assets/cheese-coffee-lê-đại-hành-bơ-bơ-đậu-đậu-avocado-mung-bean-110ab9e14a.webp	6	Còn hàng	66
1078	Avocado 100% With Almond - Bơ 100% Vị Hạnh Nhân	Bơ 100%, là “quả ngọt" sáng tạo từ nhiều năm nghiên cứu của các “nhà khoa học” Cheese. Tinh chế từ Bơ Đà Lạt, quả Vani, hạnh nhân, và hoàn hảo tuyệt đối với “Hạt Bơ" Sôcôla Phô Mai, chắc chắn bùng nổ vị giác của Homies toàn quốc	79000.00	assets/cheese-coffee-lê-đại-hành-avocado-100-with-almond-bơ-100-vị-hạnh-nhân-0771226234.webp	6	Còn hàng	66
1079	Genmaicha Avocado Bubble Milk Tea - Trà Sữa Bơ Gạo Rang Trân Châu Đen	Một trải nghiệm hoàn hảo nhất về tinh thần “Bơ đi mọi giới hạn”, đậm bản sắc nhà Cheese	85000.00	assets/cheese-coffee-lê-đại-hành-genmaicha-avocado-bubble-milk-tea-trà-sữa-bơ-gạo-rang-trân-châu-đen-0bb701b53e.webp	6	Còn hàng	66
1080	Genmaicha Avocado Milk Tea - Trà Sữa Bơ Gạo Rang	Phiên bản phá cách của Trà Sữa Bơ với sự góp mặt của “anh trai” đặc trưng xứ sở Nhật Bản - Trà gạo rang Genmaicha	59000.00	assets/cheese-coffee-lê-đại-hành-genmaicha-avocado-milk-tea-trà-sữa-bơ-gạo-rang-7092d7790c.webp	6	Còn hàng	66
1081	Avocado Par'Tea - Trà Sữa Bơ Đặc Biệt	Một siêu phẩm tinh hoa hội tụ : Bơ Đà Lạt, kem bông Vani Madagascar và Trà Lài đậm chất nhà Cheese	59000.00	assets/cheese-coffee-lê-đại-hành-avocado-partea-trà-sữa-bơ-đặc-biệt-dcc5f37010.webp	6	Còn hàng	66
1082	Trà Sữa Bơ - Avocado Milk Tea	Một công thức đột phá của CHEESE khi "fusion" quả Bơ Đà Lạt phá cách cùng Trà Sữa Lài và Olive Italy	55000.00	assets/cheese-coffee-lê-đại-hành-trà-sữa-bơ-avocado-milk-tea-a8eecd6599.webp	6	Còn hàng	66
1083	Bơ Cacao Kem Muối - Salted Cacao Avocado	Thức uống mới lạ đậm vị cacao, thơm vị bơ quyện với kem muối mặn mặn beo béo	55000.00	assets/cheese-coffee-lê-đại-hành-bơ-cacao-kem-muối-salted-cacao-avocado-db028b8738.webp	6	Còn hàng	66
1084	Opera Bạc Xỉu - Opera Caffè	Bản phối dịu êm từ Bạc Xỉu, kết hợp cùng kem béo thơm mê	62000.00	assets/cheese-coffee-lê-đại-hành-opera-bạc-xỉu-opera-caffè-e4794ddd4a.webp	7	Còn hàng	66
1085	Bạc Xỉu Yến Mạch - Marble Caffè Oatmilk	Bạc Xỉu độc quyền CHEESE COFFEE phá cách từ espresso, sữa Oatside và kem béo phô mai	62000.00	assets/cheese-coffee-lê-đại-hành-bạc-xỉu-yến-mạch-marble-caffè-oatmilk-7cb8c17e81.webp	7	Còn hàng	66
1086	Marble Bạc Xỉu - Marble Caffè	Bạc Xỉu độc quyền CHEESE COFFEE phá cách từ espresso, sữa Meiji và kem béo phô mai	52000.00	assets/cheese-coffee-lê-đại-hành-marble-bạc-xỉu-marble-caffè-92f6cd2e1d.webp	7	Còn hàng	66
1087	Cà Phê Kem Muối - Salted Marble Caffè	Sự trải nghiệm mặn mà pha lẫn độ ngọt của bạc xỉu, kem bông vanilla và muối hồng	69000.00	assets/cheese-coffee-lê-đại-hành-cà-phê-kem-muối-salted-marble-caffè-4adab1924d.webp	7	Còn hàng	66
1088	Americano Đào - Peach Americano	Cà phê Espresso đậm đà thêm hương Đào và Topping Đào miếng mọng nước.	69000.00	assets/cheese-coffee-lê-đại-hành-americano-đào-peach-americano-aef7ae58e2.webp	7	Còn hàng	66
1089	Phin Đen - Black Phin	Cà phê đen đặc pha phin	35000.00	assets/cheese-coffee-lê-đại-hành-phin-đen-black-phin-cbcc3e6f52.webp	7	Còn hàng	66
1090	Phin Nâu - Brown Phin	Cà phê đen pha phin kết hợp cùng sữa đặc	49000.00	assets/cheese-coffee-lê-đại-hành-phin-nâu-brown-phin-10d45f0e9c.webp	7	Còn hàng	66
1091	Phin Đặc Biệt - Phin Supreme	Sự kết hợp của cà phê phin và sữa đặc mang mùi hương đặc trưng của cà phê. Đặc biệt, vị béo sẽ được thể hiện rõ hơn	69000.00	assets/cheese-coffee-lê-đại-hành-phin-đặc-biệt-phin-supreme-5de0300f2f.webp	7	Còn hàng	66
1092	Cà Phê Sữa - Milk Caffè	Cà phê sữa pha máy đậm đà.	42000.00	assets/cheese-coffee-lê-đại-hành-cà-phê-sữa-milk-caffè-65e14eca88.webp	7	Còn hàng	66
1093	Cà Phê Đen Kiểu Mỹ - Iced Americano	Thoang thoảng cà phê cùng một chút chua nhẹ đặc trưng của cà phê pha máy.	59000.00	assets/cheese-coffee-lê-đại-hành-cà-phê-đen-kiểu-mỹ-iced-americano-96523a1fad.webp	7	Còn hàng	66
1094	Cà Phê Đen - Black Caffè	Cà phê đen pha máy nguyên chất.	48000.00	assets/cheese-coffee-lê-đại-hành-cà-phê-đen-black-caffè-6475df8084.webp	7	Còn hàng	66
1095	Socola Muối - Salted Socola	Sự kết hợp tuyệt vời giữa socola và muối, hương vị thơm ngon độc đáo cho tín đồ yêu socola	65000.00	assets/cheese-coffee-lê-đại-hành-socola-muối-salted-socola-e3c1d5f0ae.webp	7	Còn hàng	66
1096	Tiramisu Tan Chảy - Super Tiramisu Cake	Kem phô mai cộng hưởng với bánh cacao dùng kèm với kem phomai sánh quyện. Lớp decor có thể bị xê dịch ảnh hưởng trải nghiệm - Mong Homies thông cảm	75000.00	assets/cheese-coffee-lê-đại-hành-tiramisu-tan-chảy-super-tiramisu-cake-df914ae771.webp	6	Còn hàng	66
1097	Crepe Trân Châu - Bubble Crepe	Bánh nhiều lớp tươi ngon cùng với phomai và trân châu giòn dai. Lớp decor có thể bị xê dịch ảnh hưởng trải nghiệm - Mong Homies thông cảm	65000.00	assets/cheese-coffee-lê-đại-hành-crepe-trân-châu-bubble-crepe-0a66aba537.webp	6	Còn hàng	66
1098	Matcha Tan Chảy	Bánh mịn tan, lớp kem Matcha tan chảy, hậu vị đắng nhẹ.	85000.00	assets/cheese-coffee-lê-đại-hành-matcha-tan-chảy-765c0d0659.webp	6	Còn hàng	66
1099	Super Đào - Super Peach Cake	Bánh mịn tan với lớp kem phô mai thơm béo, cùng mứt và topping Đào ngọt thanh.	85000.00	assets/cheese-coffee-lê-đại-hành-super-đào-super-peach-cake-f6d0db6825.webp	6	Còn hàng	66
1100	Crepe Bơ - Ovocado Crepe	Chiếc bánh Crepe nhiều lớp mềm mại với sự kết hợp độc lạ của kem Bơ béo mịn và trân châu đen dẻo Lớp decor có thể bị xê dịch ảnh hưởng trải nghiệm - Mong Homies thông cảm	75000.00	assets/cheese-coffee-lê-đại-hành-crepe-bơ-ovocado-crepe-17c887c4ad.webp	6	Còn hàng	66
1101	Super Bơ - Super Ovocado Cake	Phiên bản phá cách từ chiếc bánh nổi tiếng “Tiramisu Tan Chảy”, nay có thêm sốt kem bông Bơ-Olive mịn tan khó cưỡng Lớp decor có thể bị xê dịch ảnh hưởng trải nghiệm - Mong Homies thông cảm	75000.00	assets/cheese-coffee-lê-đại-hành-super-bơ-super-ovocado-cake-5225ab3ffa.webp	6	Còn hàng	66
1102	Crepe Môn - Muse Crepe	Bánh nhiều lớp ngọt ngào cùng Kem Phô Mai Khoai Môn béo thơm và Topping Trân Châu Khoai Môn mềm dẻo.	75000.00	assets/cheese-coffee-lê-đại-hành-crepe-môn-muse-crepe-5e02b098f6.webp	6	Còn hàng	66
1103	Matcha Mini Phô Mai	Tầng Matcha thơm vị đặc trưng, lớp bánh phô mai béo ngậy, mềm mịn.	79000.00	assets/cheese-coffee-lê-đại-hành-matcha-mini-phô-mai-5b0693d57b.webp	6	Còn hàng	66
1104	Bơ Mini Phô Mai Avocado Mini Cheese	Các tầng phô mai béo ngậy, thơm vị Bơ, cốt bánh mousse mềm mịn.	79000.00	assets/cheese-coffee-lê-đại-hành-bơ-mini-phô-mai-avocado-mini-cheese-b081ab6282.webp	6	Còn hàng	66
1105	Tiramisu Mini Phô Mai - Tiramisu Mini Cheese	Lớp bánh mịn tan, thơm lừng vị phô mai và cafe phin, bột cacao đắng nhẹ bao phủ.	79000.00	assets/cheese-coffee-lê-đại-hành-tiramisu-mini-phô-mai-tiramisu-mini-cheese-4c5710d479.webp	6	Còn hàng	66
1106	Mini 4 Loại Phô Mai	Tầng phô mai béo thơm, cốt bánh mousse mềm mịn. Giòn giòn vui miệng cùng vụn bánh phô mai trứng muối.	79000.00	assets/cheese-coffee-lê-đại-hành-mini-4-loại-phô-mai-ea388f7dd7.webp	6	Còn hàng	66
1107	Đào Mini Phô Mai - Peach Mini Cheese	Ngọt dịu từ mứt Đào Hồng tự nhiên, lớp bánh mịn tan. Nịnh vị với topping Đào giòn ngọt.	79000.00	assets/cheese-coffee-lê-đại-hành-đào-mini-phô-mai-peach-mini-cheese-210879e30f.webp	6	Còn hàng	66
1108	Dưa Lưới Mini Phô Mai - Melon Mini Cheese	Vị ngọt thanh mát của mứt Dưa Lưới nhiệt đới và thơm mịn từ lớp bánh mousse.	79000.00	assets/cheese-coffee-lê-đại-hành-dưa-lưới-mini-phô-mai-melon-mini-cheese-5a6c0d5c01.webp	6	Còn hàng	66
1109	Socola Mini Phô Mai - Chocolate Mini Cheese	Sô-cô-la thơm đậm, nhân bánh ngọt mềm mượt, ngọt nhẹ.	79000.00	assets/cheese-coffee-lê-đại-hành-socola-mini-phô-mai-chocolate-mini-cheese-bada89e886.webp	6	Còn hàng	66
1110	Mộng Muse - Magic Muse	Thổi chút phép màu vào Khoai Môn và Đậu Xanh, mang lại một phiên bản ngọt ngào với những tầng hương vị đang chờ khám phá.	79000.00	assets/cheese-coffee-lê-đại-hành-mộng-muse-magic-muse-6cdcd3bad3.webp	6	Còn hàng	66
1111	Trà sữa Muse Muse - Muse Muse Tea	Size L Sự thanh tao từ Trà Sữa Lài, chạm vị Môn sánh mịn tinh tế như nàng thơ mang trọn tinh hoa thời đại mới.	69000.00	assets/cheese-coffee-lê-đại-hành-trà-sữa-muse-muse-muse-muse-tea-67edc3943e.webp	6	Còn hàng	66
1112	Dịu Môn - Gentle Muse	Size L Trải nghiệm dịu dàng từ Khoai Môn nghiền cùng Trà Lài và kem sữa béo nhẹ, cuốn hút hơn với Trân Châu Khoai Môn bùi dẻo.	79000.00	assets/cheese-coffee-lê-đại-hành-dịu-môn-gentle-muse-47a5c091e6.webp	6	Còn hàng	66
1113	Sữa Môn - Milk Muse	Size L Lớp Macchiato Khoai Môn kết hợp kem sữa và Khoai Môn nghiền béo mịn, thêm dấu ấn đậm đà cùng Trân Châu Khoai Môn.	79000.00	assets/cheese-coffee-lê-đại-hành-sữa-môn-milk-muse-0dad335061.webp	6	Còn hàng	66
1114	Bánh Ngàn Lớp Hạnh Nhân - Almond Croissant	Bánh ngàn lớp giòn rụm thơm bơ, phủ hạnh nhân bùi béo đầy quyến rũ.	79000.00	assets/cheese-coffee-lê-đại-hành-bánh-ngàn-lớp-hạnh-nhân-almond-croissant-22fbf1f978.webp	6	Còn hàng	66
1115	BÁNH NGÀN LỚP MATCHA - CROISSANT MATCHA	Vỏ bánh ngàn lớp giòn rụm mặn mà, sốt Matcha thơm hương hoa cỏ và vụn bánh Matcha tăng vị đậm đà.	89000.00	assets/cheese-coffee-lê-đại-hành-bánh-ngàn-lớp-matcha-croissant-matcha-cd07f19fb6.webp	6	Còn hàng	66
1116	BÁNH NGÀN LỚP 4 LOẠI PHÔ MAI - CROISSANT 4 CHEESE	Vỏ bánh ngàn lớp giòn rụm thơm bơ, sốt Kem Phô Mai béo ngậy cùng vụn bánh quy phô mai trứng muối	89000.00	assets/cheese-coffee-lê-đại-hành-bánh-ngàn-lớp-4-loại-phô-mai-croissant-4-cheese-43b75e3e54.webp	6	Còn hàng	66
1117	BÁNH NGÀN LỚP TIRAMISU - CROISSANT TIRAMISU	Vỏ bánh ngàn lớp giòn rụm, sốt Tiramisu đắng nhẹ pha chút vị béo và vụn bánh Oreo hợp gu.	89000.00	assets/cheese-coffee-lê-đại-hành-bánh-ngàn-lớp-tiramisu-croissant-tiramisu-a5f067305e.webp	6	Còn hàng	66
1118	BÁNH NGÀN LỚP PHÔ MAI THỊT NGUỘI - HAM & CHEESE CROISSANT	Vỏ bánh ngàn lớp giòn rụm, thịt nguội thơm lừng và phô mai lát béo mặn.	89000.00	assets/cheese-coffee-lê-đại-hành-bánh-ngàn-lớp-phô-mai-thịt-nguội-ham-cheese-croissant-ad60037a7a.webp	6	Còn hàng	66
1119	Bông lan trứng muối cupcake	Bông lan trứng muối cupcake	1000.00	assets/kiera-merci-bông-lan-trứng-muối-cupcake-13fa38eeda.webp	6	Còn hàng	67
1120	Pig cake heo hồng	Pig cake heo hồng	30000.00	\N	6	Còn hàng	67
1121	Cupcake bông lan gà cay	bông lan	15000.00	assets/kiera-merci-cupcake-bông-lan-gà-cay-eb7ba880c9.webp	6	Còn hàng	67
1122	Bánh mì mềm sốt ruốc phomai chesse	quay vi sóng trước khi ăn	35000.00	assets/kiera-merci-bánh-mì-mềm-sốt-ruốc-phomai-chesse-0b66d21918.webp	6	Còn hàng	67
1123	Bánh mì mềm sốt chà bông gà cay	quay vi sóng trước khi ăn	35000.00	assets/kiera-merci-bánh-mì-mềm-sốt-chà-bông-gà-cay-1ff94f10e1.webp	6	Còn hàng	67
1124	Bánh mì mềm sốt kim sa trứng muối phủ dừa	quay vi sóng trước khi ăn	35000.00	assets/kiera-merci-bánh-mì-mềm-sốt-kim-sa-trứng-muối-phủ-dừa-b973cb0786.webp	6	Còn hàng	67
1125	Bánh mì mềm xúc xích phomai cheddar	quay vi sóng trước khi ăn	35000.00	assets/kiera-merci-bánh-mì-mềm-xúc-xích-phomai-cheddar-c002a88137.webp	6	Còn hàng	67
1126	Viền cốt bánh bông lan	230 gram viền cốt bánh bông lan	28000.00	assets/kiera-merci-viền-cốt-bánh-bông-lan-8144171166.webp	6	Còn hàng	67
1127	Bánh Gấu	bánh kem	35000.00	assets/kiera-merci-bánh-gấu-4af7f5a383.webp	6	Còn hàng	67
1128	Bee Cake	bánh kem	40000.00	assets/kiera-merci-bee-cake-0623f55e86.webp	6	Còn hàng	67
1129	set mix vị đặc biệt	10 bánh gồm 5 vị	250000.00	assets/kiera-merci-set-mix-vị-đặc-biệt-c5232394f8.webp	6	Còn hàng	67
1130	Bông Lan kim sa phô mai	bông lan	50000.00	assets/kiera-merci-bông-lan-kim-sa-phô-mai-da143a0123.webp	6	Còn hàng	67
1131	Bánh dứa Đài Loan	Bánh bông mềm với hương thơm dứa đặc trưng.	17000.00	assets/kiera-merci-bánh-dứa-đài-loan-7d0cfd16eb.webp	6	Còn hàng	67
1132	Bánh lưỡi mèo lọ nhỏ - 100gr	Giòn tan, thơm lừng, hấp dẫn.	32000.00	assets/kiera-merci-bánh-lưỡi-mèo-lọ-nhỏ-100gr-0fa5b2bed9.webp	6	Còn hàng	67
1133	Bánh lưỡi mèo lọ to - 180gr	Bánh lưỡi mèo lọ to - 180gr	55000.00	assets/kiera-merci-bánh-lưỡi-mèo-lọ-to-180gr-891f235d04.webp	6	Còn hàng	67
1134	Bông lan trứng muối - hộp to	Bông lan thơm mềm, sốt mặn ngọt hấp dẫn.	45000.00	assets/kiera-merci-bông-lan-trứng-muối-hộp-to-ea4089aff1.webp	6	Còn hàng	67
1135	Bánh mousse xoài chanh leo	Mousse xoài chanh leo mát lạnh, mềm mịn.	35000.00	assets/kiera-merci-bánh-mousse-xoài-chanh-leo-6a5cb639b7.webp	6	Còn hàng	67
1136	Bánh tiramisu	Hương vị béo, kem, chút vị cà phê.	45000.00	assets/kiera-merci-bánh-tiramisu-5a5a5522b0.webp	6	Còn hàng	67
1137	Cheese cake coconut	Bánh phô mai dừa thơm ngon, béo ngậy.	30000.00	assets/kiera-merci-cheese-cake-coconut-f6402eb97f.webp	6	Còn hàng	67
1138	Iris coffee cheese cake	Iris coffee cheese cake	35000.00	assets/kiera-merci-iris-coffee-cheese-cake-384e03590d.webp	6	Còn hàng	67
1139	Panna cotta xoài	Thạch xoài mềm mịn, vị ngọt dịu.	15000.00	assets/kiera-merci-panna-cotta-xoài-cd9aead063.webp	6	Còn hàng	67
1140	Combo 4 bánh mini	Bánh mini mềm mịn, vị trà xanh	45000.00	assets/kiera-merci-combo-4-bánh-mini-72b365b2e4.webp	6	Còn hàng	67
1141	Bánh tart phô mai ngàn lớp	Bánh tart phô mai ngàn lớp	15000.00	assets/kiera-merci-bánh-tart-phô-mai-ngàn-lớp-7a5233991d.webp	6	Còn hàng	67
1142	Bánh su kem vani	Bánh su kem vani	26000.00	assets/kiera-merci-bánh-su-kem-vani-185773917f.webp	6	Còn hàng	67
1143	Bánh su xù vị caramel	Bánh su xù vị caramel	30000.00	assets/kiera-merci-bánh-su-xù-vị-caramel-d831011a3a.webp	6	Còn hàng	67
1144	Bánh su xù vị dâu	Hương vị dâu tươi ngọt ngào.	30000.00	assets/kiera-merci-bánh-su-xù-vị-dâu-e4b87edc4d.webp	6	Còn hàng	67
1145	Bánh su xù vị việt quất	Bánh su xù vị việt quất	30000.00	assets/kiera-merci-bánh-su-xù-vị-việt-quất-4af3c6ad16.webp	6	Còn hàng	67
1146	Bánh su xù vỏ cacao	Bánh su giòn tan nhân cacao thơm ngon.	30000.00	assets/kiera-merci-bánh-su-xù-vỏ-cacao-6af34ac237.webp	6	Còn hàng	67
1147	Bánh su xù vỏ trà xanh	Bánh su xù vỏ trà xanh	30000.00	assets/kiera-merci-bánh-su-xù-vỏ-trà-xanh-64509071e6.webp	6	Còn hàng	67
1148	Bánh su Sing nhân kem tươi	Bánh su mềm mại, nhân kem tươi thơm lừng.	22000.00	assets/kiera-merci-bánh-su-sing-nhân-kem-tươi-8c01a8f555.webp	6	Còn hàng	67
1149	bánh quy hạt óc chó	bánh quy bơ	40000.00	assets/kiera-merci-bánh-quy-hạt-óc-chó-b2d647b1ae.webp	6	Còn hàng	67
1150	bánh quy hạnh nhân hạt	bánh quy bơ	40000.00	assets/kiera-merci-bánh-quy-hạnh-nhân-hạt-7af5c422e4.webp	6	Còn hàng	67
1151	bánh quy socola chip	bánh quy bơ	40000.00	assets/kiera-merci-bánh-quy-socola-chip-3ff7c110ca.webp	6	Còn hàng	67
1152	Cookies coconut vị dừa	Cookies coconut vị dừa	30000.00	assets/kiera-merci-cookies-coconut-vị-dừa-bdfa92c06b.webp	6	Còn hàng	67
1153	Cookie vani mứt dâu	Cookie vani mứt dâu	30000.00	assets/kiera-merci-cookie-vani-mứt-dâu-dc9ddcfaa1.webp	6	Còn hàng	67
1154	Trà sữa hoàng kim	Trà sữa hoàng kim	30000.00	assets/kiera-merci-trà-sữa-hoàng-kim-2ab61ffcbe.webp	7	Còn hàng	67
1155	Sữa chua dẻo vị Xoài	Chua mềm, thơm vị xoài	30000.00	assets/kiera-merci-sữa-chua-dẻo-vị-xoài-4598bf6571.webp	6	Còn hàng	67
1156	Sữa chua dẻo vị Chanh Leo	Hương vị thanh mát, chua ngọt của chanh leo.	30000.00	assets/kiera-merci-sữa-chua-dẻo-vị-chanh-leo-c336de8fb4.webp	6	Còn hàng	67
1157	Sữa chua dẻo vị Việt Quất	Hương vị việt quất thơm ngon.	30000.00	assets/kiera-merci-sữa-chua-dẻo-vị-việt-quất-aebe8ba37e.webp	6	Còn hàng	67
1158	Sữa chua dẻo vị Dâu Tây	Sữa chua dẻo mát lạnh, vị dâu tươi mát.	30000.00	assets/kiera-merci-sữa-chua-dẻo-vị-dâu-tây-77562c883d.webp	6	Còn hàng	67
1159	Sữa chua dẻo cacao	Sữa chua dẻo cacao	30000.00	assets/kiera-merci-sữa-chua-dẻo-vị-dâu-tây-77562c883d.webp	6	Còn hàng	67
1160	Avocado Ice cream	kem	75000.00	assets/kiera-merci-avocado-ice-cream-d6ce3dc646.webp	6	Còn hàng	67
1161	Lychee Ice cream( Kem vải)	kem	75000.00	assets/kiera-merci-lychee-ice-cream-kem-vải-6e3e96ec22.webp	6	Còn hàng	67
1162	Kem Tiramisu	kem	65000.00	assets/kiera-merci-kem-tiramisu-b46626470e.webp	6	Còn hàng	67
1163	Kem Chanh Vàng	kem	65000.00	assets/kiera-merci-kem-chanh-vàng-ceaf0e1fa5.webp	6	Còn hàng	67
1164	Kem Việt Quất	kem	65000.00	assets/kiera-merci-kem-việt-quất-a8a63ca140.webp	6	Còn hàng	67
1165	Kem Chanh Leo	kem	65000.00	assets/kiera-merci-kem-chanh-leo-2e5992b0e7.webp	6	Còn hàng	67
1166	Kem Xoài	kem	65000.00	assets/kiera-merci-kem-xoài-03a06a73d9.webp	6	Còn hàng	67
\.


--
-- TOC entry 5166 (class 0 OID 18522)
-- Dependencies: 234
-- Data for Name: food_size; Type: TABLE DATA; Schema: public; Owner: postgres
--

COPY public.food_size (id, size_name, price, food_id) FROM stdin;
11	M	0.00	8
12	L	5000.00	32
13	XL	10000.00	8
14	L	5000.00	8
15	XL	10000.00	32
16	M	0.00	32
17	Xxl	15000.00	8
18	M	0.00	48
19	L	15000.00	48
\.


--
-- TOC entry 5168 (class 0 OID 18527)
-- Dependencies: 236
-- Data for Name: item; Type: TABLE DATA; Schema: public; Owner: postgres
--

COPY public.item (cart_id, food_id, quantity, item_note, id, food_option_id) FROM stdin;
\.


--
-- TOC entry 5170 (class 0 OID 18532)
-- Dependencies: 238
-- Data for Name: order_detail; Type: TABLE DATA; Schema: public; Owner: postgres
--

COPY public.order_detail (order_id, food_id, quantity, food_note, id, food_option_id, food_price, food_option_price) FROM stdin;
27	12	2	\N	1	\N	65000.00	\N
29	13	3	\N	3	\N	70000.00	\N
30	1	4	\N	4	\N	35000.00	\N
28	1	3	\N	2	\N	35000.00	\N
31	11	2	\N	5	\N	0.00	\N
32	12	4	\N	6	\N	0.00	\N
32	15	3	Topping for Big Mac	7	\N	0.00	\N
33	32	1	\N	8	\N	0.00	\N
33	33	2	\N	9	\N	0.00	\N
33	46	2	\N	10	\N	0.00	\N
33	47	1	\N	11	\N	0.00	\N
34	33	1	Topping for 5Xúc xích thêm	12	\N	0.00	\N
34	46	2	Topping for 5Xúc xích thêm	13	\N	0.00	\N
34	47	3	\N	14	\N	0.00	\N
35	45	1	\N	15	\N	0.00	\N
36	47	1	\N	16	\N	0.00	\N
37	47	1	\N	17	\N	0.00	\N
38	47	1	\N	18	\N	0.00	\N
39	47	1	\N	19	\N	0.00	\N
40	47	1	\N	20	\N	0.00	\N
41	47	1	\N	21	\N	0.00	\N
42	47	1	Ok	22	\N	0.00	\N
43	33	1	Ngon	23	\N	0.00	\N
43	46	4	Topping for 5Khoai tây	24	\N	0.00	\N
44	33	2	Topping for 5Khoai tây thêm	25	\N	0.00	\N
44	46	5	\N	26	\N	0.00	\N
44	47	1	\N	27	\N	0.00	\N
45	32	1	Note2	28	12	15000.00	5000.00
46	1	1	Note4	29	\N	35000.00	\N
46	36	1	Note3	30	\N	18000.00	\N
47	32	1	\N	31	15	15000.00	10000.00
47	46	1	Topping for Coke	32	\N	15000.00	\N
47	47	1	Topping for Coke	33	\N	20000.00	\N
48	2	1	Cay	34	\N	40000.00	\N
49	32	1	Thêm đá	35	15	15000.00	10000.00
49	32	1	Thêm đá	36	16	15000.00	0.00
49	46	1	Topping for Coke	37	\N	15000.00	\N
49	47	3	Topping for Coke	38	\N	20000.00	\N
50	33	1	Topping for 5Xúc xích thêm	39	\N	18000.00	\N
50	46	1	Topping for 5Xúc xích thêm	40	\N	15000.00	\N
50	47	1	\N	41	\N	20000.00	\N
51	47	1	\N	42	\N	20000.00	\N
52	47	1	\N	43	\N	20000.00	\N
53	46	1	\N	44	\N	15000.00	\N
54	45	1	\N	45	\N	18000.00	\N
55	47	1	\N	46	\N	20000.00	\N
56	43	1	Topping for 4Xúc xích thêm	47	\N	15000.00	\N
56	44	2	Topping for 4Xúc xích thêm	48	\N	20000.00	\N
56	45	1	Topping for 4Xúc xích thêm	49	\N	18000.00	\N
57	31	1	\N	50	\N	45000.00	\N
58	19	1	\N	51	\N	55000.00	\N
59	8	1	\N	52	14	10000.00	5000.00
59	8	1	\N	53	11	10000.00	0.00
59	36	1	Topping for Pepsi	54	\N	18000.00	\N
60	1	3	\N	55	\N	35000.00	\N
61	33	1	Topping for 5Xúc xích thêm	56	\N	18000.00	\N
61	46	1	Topping for 5Xúc xích thêm	57	\N	15000.00	\N
61	47	3	Topping for 5Xúc xích thêm	58	\N	20000.00	\N
62	38	3	Topping for 2Cá viên thêm	59	\N	20000.00	\N
62	39	6	Topping for 2Cá viên thêm	60	\N	18000.00	\N
63	48	1	\N	61	19	20000.00	15000.00
\.


--
-- TOC entry 5172 (class 0 OID 18538)
-- Dependencies: 240
-- Data for Name: order_promo; Type: TABLE DATA; Schema: public; Owner: postgres
--

COPY public.order_promo (id, order_id, promo_id, applied_amount, note, created_at) FROM stdin;
1	27	12	10000.00		2025-08-31 11:46:35.038064
2	27	13	10000.00		2025-08-31 11:46:35.043027
3	27	2	14915.40		2025-08-31 11:46:35.046037
4	29	11	8610.00		2025-08-31 12:16:42.925824
5	29	1	17220.00		2025-08-31 12:16:42.932325
6	29	2	25830.00		2025-08-31 12:16:42.934263
\.


--
-- TOC entry 5174 (class 0 OID 18544)
-- Dependencies: 242
-- Data for Name: orders; Type: TABLE DATA; Schema: public; Owner: postgres
--

COPY public.orders (id, created_date, total_money, user_id, order_status, note, payment_method, receiver_name, ship_address, phone_number, promo_id, shipper_id, cancel_reason, shipping_fee, group_id, store_id, delivery_status, total_before_discount, total_discount, total_after_discount, cancelled_by_role, cancelled_date) FROM stdin;
31	2025-09-18 18:23:11.845837+07	41000.000	2	Đã lấy hàng		cash	Bin	Liên Chiểu, Đà Nẵng	1231231233	\N	\N	\N	15000	31	1	Chờ xác nhận	41000.00	0.00	41000.00	\N	\N
28	2025-08-31 18:46:35.051031+07	95314.000	2	Chờ xác nhận	xin hộp giấy	COD	Bin	Liên Chiểu, Đà Nẵng	1231231233	\N	\N	\N	15000	27	1	Chờ xác nhận	95314.00	0.00	95314.00	\N	\N
29	2025-08-31 19:16:42.917914+07	124200.000	2	Chờ xác nhận	xin hộp giấy	COD	Bin	Liên Chiểu, Đà Nẵng	1231231233	11	\N	\N	15000	29	2	Chờ xác nhận	187200.00	51660.00	135540.00	\N	\N
30	2025-08-31 19:16:42.938241+07	129800.000	2	Chờ xác nhận	xin hộp giấy	COD	Bin	Liên Chiểu, Đà Nẵng	1231231233	\N	\N	\N	15000	29	1	Chờ xác nhận	129800.00	0.00	129800.00	\N	\N
32	2025-09-18 18:23:11.86439+07	410000.000	2	Chờ xác nhận		cash	Bin	Liên Chiểu, Đà Nẵng	1231231233	\N	\N	\N	15000	31	2	Chờ xác nhận	410000.00	0.00	410000.00	\N	\N
33	2025-09-18 18:23:11.869255+07	116000.000	2	Chờ xác nhận		cash	Bin	Liên Chiểu, Đà Nẵng	1231231233	\N	\N	\N	15000	31	5	Chờ xác nhận	116000.00	0.00	116000.00	\N	\N
34	2025-09-18 18:44:12.533634+07	123000.000	2	Chờ xác nhận		cash	Bin	Liên Chiểu, Đà Nẵng	1231231233	\N	\N	\N	15000	34	5	Chờ xác nhận	123000.00	0.00	123000.00	\N	\N
35	2025-09-18 18:45:02.666962+07	33000.000	2	Chờ xác nhận		cash	Bin	Liên Chiểu, Đà Nẵng	1231231233	\N	\N	\N	15000	35	4	Chờ xác nhận	33000.00	0.00	33000.00	\N	\N
36	2025-09-18 18:46:20.532147+07	35000.000	2	Chờ xác nhận		cash	Bin	Liên Chiểu, Đà Nẵng	1231231233	\N	\N	\N	15000	36	5	Chờ xác nhận	35000.00	0.00	35000.00	\N	\N
37	2025-09-18 18:49:18.646445+07	35000.000	2	Chờ xác nhận		cash	Bin	Liên Chiểu, Đà Nẵng	1231231233	\N	\N	\N	15000	37	5	Chờ xác nhận	35000.00	0.00	35000.00	\N	\N
51	2025-09-21 14:12:55.687254+07	35000.000	2	Chờ xác nhận		cash	Bin	Liên Chiểu, Đà Nẵng	1231231233	\N	1	\N	15000	51	5	Đã xác nhận	35000.00	0.00	35000.00	\N	\N
43	2025-09-18 19:14:12.878399+07	93000.000	2	Đã giao	okok	cash	Bin	Liên Chiểu, Đà Nẵng	1231231233	\N	\N	\N	15000	43	5	Chờ xác nhận	93000.00	0.00	93000.00	\N	\N
48	2025-09-20 15:29:30.067759+07	55000.000	2	Đã giao	gọi trước	cash	Bin2	Liên Chiểu, Đà Nẵng	1231231233	\N	\N	\N	15000	48	1	Chờ xác nhận	55000.00	0.00	55000.00	\N	\N
50	2025-09-21 14:10:30.990345+07	68000.000	2	Chờ xác nhận		cash	Bin	Liên Chiểu, Đà Nẵng	1231231233	\N	\N	\N	15000	50	5	Chờ xác nhận	68000.00	0.00	68000.00	\N	\N
58	2025-09-25 09:49:42.035866+07	70000.000	8	Đã giao		cash	Shipper1	Quận Tân Bình, TP.HCM	0906789012	\N	1	\N	15000	58	3	Đã giao	70000.00	0.00	70000.00	\N	\N
52	2025-09-21 14:15:16.597643+07	35000.000	2	Đã giao		cash	Bin	Liên Chiểu, Đà Nẵng	1231231233	\N	1	\N	15000	52	5	Đã giao	35000.00	0.00	35000.00	\N	\N
55	2025-09-21 17:38:41.640005+07	35000.000	8	Đã giao		cash	Shipper1	Quận Tân Bình, TP.HCM	0906789012	\N	1	\N	15000	55	5	Đã giao	35000.00	0.00	35000.00	\N	\N
49	2025-09-20 15:29:30.082957+07	130000.000	2	Đã huỷ	gọi trước	cash	Bin2	Liên Chiểu, Đà Nẵng	1231231233	\N	\N	Hủy bởi quản lý	15000	48	5	Chờ xác nhận	130000.00	0.00	130000.00	Cửa hàng	2025-09-25 21:50:07.858788+07
38	2025-09-18 18:55:20.881645+07	35000.000	2	Đã huỷ	ok	cash	Bin	Liên Chiểu, Đà Nẵng	1231231233	\N	\N	Thay đổi số điện thoại	15000	38	5	Chờ xác nhận	35000.00	0.00	35000.00	Khách hàng	2025-09-19 16:49:58.664405+07
47	2025-09-19 17:04:14.899306+07	75000.000	2	Đã huỷ		cash	Bin	Liên Chiểu, Đà Nẵng	1231231233	\N	\N	Thêm mã giảm giá	15000	47	5	Chờ xác nhận	75000.00	0.00	75000.00	Khách hàng	2025-09-19 17:04:26.361029+07
42	2025-09-18 19:13:26.308529+07	35000.000	2	Đã huỷ	ngon	cash	Bin	Liên Chiểu, Đà Nẵng	1231231233	\N	\N	\N	15000	42	5	Chờ xác nhận	35000.00	0.00	35000.00	\N	\N
41	2025-09-18 19:08:06.813251+07	35000.000	2	Đã huỷ		cash	Bin	Liên Chiểu, Đà Nẵng	1231231233	\N	\N	Không muốn nhận hàng nữa	15000	41	5	Chờ xác nhận	35000.00	0.00	35000.00	\N	\N
40	2025-09-18 19:07:13.299986+07	35000.000	2	Đã huỷ		cash	Bin	Liên Chiểu, Đà Nẵng	1231231233	\N	\N	huỷ	15000	40	5	Chờ xác nhận	35000.00	0.00	35000.00	\N	\N
54	2025-09-21 14:22:15.43575+07	33000.000	2	Đã huỷ		cash	Bin	Liên Chiểu, Đà Nẵng	1231231233	\N	\N	Thay đổi thời gian giao hàng	15000	54	4	Chờ xác nhận	33000.00	0.00	33000.00	Khách hàng	2025-09-21 14:22:29.573743+07
46	2025-09-19 15:57:02.170729+07	68000.000	2	Đã huỷ	note1	cash	Bin	Liên Chiểu, Đà Nẵng	1231231233	\N	\N	Không muốn nhận hàng nữa	15000	45	1	Chờ xác nhận	68000.00	0.00	68000.00	Khách hàng	2025-09-19 16:42:05.631334+07
45	2025-09-19 15:57:02.157826+07	35000.000	2	Đã huỷ	note1	cash	Bin	Liên Chiểu, Đà Nẵng	1231231233	\N	\N	Thay đổi số điện thoại	15000	45	5	Chờ xác nhận	35000.00	0.00	35000.00	Khách hàng	2025-09-19 16:42:28.77168+07
44	2025-09-19 15:42:47.131866+07	146000.000	2	Đã huỷ		cash	Bin	Liên Chiểu, Đà Nẵng	1231231233	\N	\N	ok	15000	44	5	Chờ xác nhận	146000.00	0.00	146000.00	Khách hàng	2025-09-19 16:43:45.058926+07
39	2025-09-18 19:00:18.777955+07	35000.000	2	Đã huỷ		cash	Bin	Liên Chiểu, Đà Nẵng	1231231233	\N	\N	Kh muoon	15000	39	5	Chờ xác nhận	35000.00	0.00	35000.00	Khách hàng	2025-09-19 16:49:00.06432+07
57	2025-09-25 09:49:14.085123+07	60000.000	8	Đã huỷ		cash	Shipper1	Quận Tân Bình, TP.HCM	0906789012	\N	\N	Hủy bởi quản lý	15000	57	5	Chờ xác nhận	60000.00	0.00	60000.00	Cửa hàng	2025-09-25 15:20:12.331998+07
56	2025-09-21 20:30:15.986044+07	88000.000	8	Đã huỷ		cash	Shipper1	Quận Tân Bình, TP.HCM	0906789012	\N	\N	Không muốn nhận hàng nữa	15000	56	4	Chờ xác nhận	88000.00	0.00	88000.00	Khách hàng	2025-09-21 20:58:47.275771+07
27	2025-08-31 18:46:35.032024+07	59186.000	2	Đã huỷ	xin hộp giấy	COD	Bin	Liên Chiểu, Đà Nẵng	1231231233	12	\N	Test cancellation by store	15000	27	2	Chờ xác nhận	114436.00	34915.40	79520.60	Cửa hàng	2025-09-19 16:41:17.74935+07
53	2025-09-21 14:21:24.308769+07	30000.000	2	Đã huỷ		cash	Bin	Liên Chiểu, Đà Nẵng	1231231233	\N	1	\N	15000	53	5	Đã xác nhận	30000.00	0.00	30000.00	\N	\N
59	2025-09-29 18:00:09.113486+07	58000.000	3	Chờ xác nhận		cash	KFC Vietnam	Quận 1, TP.HCM	0901234567	\N	\N	\N	15000	59	1	Chờ xác nhận	58000.00	0.00	58000.00	\N	\N
60	2025-10-09 03:05:59.552069+07	120000.000	2	Chờ xác nhận		cash	Bin	Liên Chiểu, Đà Nẵng	1231231233	\N	\N	\N	15000	60	1	Chờ xác nhận	120000.00	0.00	120000.00	\N	\N
61	2025-10-09 12:30:28.82895+07	108000.000	2	Chờ xác nhận		vnpay	Bin	Liên Chiểu, Đà Nẵng	1231231233	\N	1	\N	15000	61	5	Đã xác nhận	108000.00	0.00	108000.00	\N	\N
62	2025-10-09 13:43:51.520606+07	183000.000	1	Chờ xác nhận		cash	Admin	Hồ Chí Minh	0456456456	\N	\N	\N	15000	62	2	Chờ xác nhận	183000.00	0.00	183000.00	\N	\N
63	2025-10-09 14:01:35.37713+07	50000.000	2	Chờ xác nhận		cash	Bin	Liên Chiểu, Đà Nẵng	1231231233	\N	\N	\N	15000	63	1	Chờ xác nhận	50000.00	0.00	50000.00	\N	\N
\.


--
-- TOC entry 5176 (class 0 OID 18556)
-- Dependencies: 244
-- Data for Name: promo; Type: TABLE DATA; Schema: public; Owner: postgres
--

COPY public.promo (id, name, category, discount_value, start_date, end_date, minimum_pay, store_id, max_discount_amount, scope, discount_type, is_active) FROM stdin;
1	Giảm 10% cho đơn hàng từ 100,000đ (tối đa 50,000đ)	PERCENT	10.00	2025-08-27 01:36:23.174849	2025-09-26 02:36:23.174849	100000.00	1	50000.00	STORE	PERCENT	t
2	Giảm 15% cho đơn hàng từ 200,000đ (tối đa 100,000đ)	PERCENT	15.00	2025-08-27 01:36:23.174849	2025-09-26 02:36:23.174849	200000.00	2	100000.00	STORE	PERCENT	t
4	Giảm 20% cho đơn hàng từ 500,000đ (tối đa 200,000đ)	PERCENT	20.00	2025-08-27 01:36:23.174849	2025-09-26 02:36:23.174849	500000.00	4	200000.00	STORE	PERCENT	t
11	Khuyến mãi toàn hệ thống - Giảm 5% cho đơn hàng từ 50,000đ	PERCENT	5.00	2025-08-27 10:22:19.280248	2025-09-26 10:22:19.280248	50000.00	0	20000.00	STORE	PERCENT	t
13	KFC - Giảm 15% cho đơn từ 25,000đ	PERCENT	15.00	2025-08-27 10:56:22.264082	2025-09-26 10:56:22.264082	25000.00	1	10000.00	STORE	PERCENT	t
12	Khuyến mãi toàn hệ thống - Giảm 10,000đ cho đơn hàng từ 100,000đ	AMOUNT	10000.00	2025-08-27 03:22:19.283245	2025-09-26 03:22:19.283245	100000.00	0	\N	GLOBAL	AMOUNT	t
3	Giảm 50,000đ cho đơn hàng từ 300,000đ	AMOUNT	50000.00	2025-08-26 18:36:23.174849	2025-09-25 19:36:23.174849	300000.00	3	\N	STORE	AMOUNT	t
5	Giảm 100,000đ cho đơn hàng từ 1,000,000đ	AMOUNT	100001.00	2025-08-26 11:36:00	2025-09-25 12:36:00	1000000.00	5	\N	STORE	AMOUNT	t
14	McDonalds - Giảm 5,000đ cho đơn từ 40,000đ	AMOUNT	5000.00	2025-08-27 03:56:22.268088	2025-09-26 03:56:22.268088	40000.00	2	\N	STORE	AMOUNT	t
\.


--
-- TOC entry 5178 (class 0 OID 18564)
-- Dependencies: 246
-- Data for Name: rating_food; Type: TABLE DATA; Schema: public; Owner: postgres
--

COPY public.rating_food (id, user_id, food_id, content, point, order_id) FROM stdin;
2	1	1	ngon	5	\N
4	2	33	Khá ngon	5	43
5	2	46	Khá ngon	5	43
6	2	2	Ok	5	48
3	2	1	ok	3	\N
\.


--
-- TOC entry 5180 (class 0 OID 18568)
-- Dependencies: 248
-- Data for Name: roles; Type: TABLE DATA; Schema: public; Owner: postgres
--

COPY public.roles (id, role_name) FROM stdin;
4	Người vận chuyển
3	Chủ cửa hàng
2	Quản lý
1	Khách hàng
7	Shipper
8	Cửa hàng
\.


--
-- TOC entry 5182 (class 0 OID 18572)
-- Dependencies: 250
-- Data for Name: shipper; Type: TABLE DATA; Schema: public; Owner: postgres
--

COPY public.shipper (id, user_id) FROM stdin;
2	9
1	8
4	10
\.


--
-- TOC entry 5184 (class 0 OID 18576)
-- Dependencies: 252
-- Data for Name: stores; Type: TABLE DATA; Schema: public; Owner: postgres
--

COPY public.stores (id, store_name, image, description, user_id, address) FROM stdin;
1	KFC Vietnam	assets/kfc-logo.png	Nhà hàng gà rán nổi tiếng thế giới	3	\N
2	McDonalds Vietnam	assets/mcdonalds-logo.png	Chuỗi thức ăn nhanh hàng đầu	7	\N
3	Burger King	assets/burgerking-logo.png	Chuyên về burger và thức ăn nhanh	6	\N
4	Pizza Hut	assets/pizzahut-logo.png	Chuyên pizza và đồ ăn Ý	5	\N
5	Dominos Pizza	assets/dominos-logo.png	Giao pizza nhanh chóng	4	\N
0	Toàn hệ thống		Khuyến mãi áp dụng cho tất cả cửa hàng	1	\N
6	Test	assets/store-icon.png	Hà nội	11	\N
7	Test3	assets/store-icon.png	Huế	12	\N
48	Gà rán Chicken Heaven	assets/store-ga-ran-chicken-heaven.jpg	Gà rán giòn tan, mọng nước, nhiều loại sốt hấp dẫn. Món ngon thiên đường cho tín đồ mê gà.	14	675 Tôn Đức Thắng, Hoà Khánh Nam, Liên Chiểu, Đà Nẵng
49	Gà rán Chicken Plus Nguyễn Văn Linh	assets/store-chicken-plus-nguyen-van-linh.jpg	Trải nghiệm "thiên đường gà rán" với lớp vỏ siêu giòn, thịt gà mọng nước và sốt đặc biệt.	15	163 Nguyễn Văn Linh, Thạc Gián, Thanh Khê, Đà Nẵng
50	Roma Pizza	assets/store-roma-pizza.jpg	Thưởng thức combo Pizza - Mì Ý chất lượng, đầy đặn phô mai với giá cực kỳ hợp lý. Không gian ấm cúng, là lựa chọn tuyệt vời cho bữa ăn gia đình và bạn bè.	16	35 Ngô Thì Nhậm, Hoà Khánh Nam, Liên Chiểu, Đà Nẵng
51	MAD Burger	assets/store-mad-burger.jpg	Burger và Đồ ăn nhanh chất lượng với tiêu chí tập trung vào nguyên liệu tốt nhất. Giao hàng nhanh chóng ngay tới tận cửa nhà bạn.	17	07 Võ Nguyên Giáp, Phước Mỹ, Sơn Trà, Đà Nẵng
52	Chicka Boom!	assets/store-chicka-boom!.png	Gà rán bùng nổ hương vị, giòn rụm từ miếng cắn đầu tiên cùng các loại sốt độc đáo. Đồ ăn nhanh chất lượng, làm thỏa mãn cơn thèm của bạn một cách tuyệt đối.	18	332 Trần Hưng Đạo, An Hải Tây, Sơn Trà, Đà Nẵng
53	IVO DELI Hội An - Burger & Gelato	assets/store-ivo-deli-hoi-an.jpg	 Bạn đã thử Hotdog, Burger và Gelato độc đáo của chúng tôi chưa? Burger và Hotdog được tạo ra với công thức riêng biệt, kèm theo các loại sốt đặc trưng mà bạn không thể tìm thấy ở nơi khác. Đặc biệt, Gelato được làm theo công thức Ý chính gốc và sử dụng nguyên liệu nhập khẩu chất lượng cao. Hãy ghé thăm và bạn sẽ không thất vọng!	19	54 Nguyễn Thị Minh Khai, Phường Minh An, Hội An, Quảng Nam
54	Fried Chicken	assets/store-fried-chicken	Thưởng thức những miếng gà chiên nóng hổi, giòn rụm trong không gian trẻ trung, năng động, cùng đa dạng sốt chấm và món ăn kèm hấp dẫn.	20	639 Hai Bà Trưng, Phường Minh An, Hội An, Quảng Nam
55	White Olive Pizza 	assets/store-white-olive-pizza.jpg	Miễn phí giao hàng trong vòng bán kính 3km dành cho quý khách hàng thân yêu khi đặt hàng trực tiếp tại cửa hàng, hotline, app giao hàng hoặc fanpage	21	75a Ngô Thì Sĩ, Bắc Mỹ An, Ngũ Hành Sơn, Đà Nẵng
56	Benno Bento	assets/store-benno-bento.jpg	Hơn 8 năm phục vụ khách hàng Việt Nam!	22	256 Phan Văn Hân, Phường 17, Bình Thạnh, Thành phố Hồ Chí Minh
57	Highlands Coffee - Hùng Vương - Long Khánh	assets/store-highlands-coffe-hung-vuong-long-khanh.jpg	Highlands Coffee® là không gian của chúng mình nên mọi thứ ở đây đều vì sự thoải mái của chúng mình. Đừng giữ trong lòng, hãy chia sẻ với chúng mình điều bạn mong muốn để cùng nhau giúp Highlands Coffee® trở nên tuyệt vời hơn	23	239 Hùng Vương, Phường, Long Khánh, Đồng Nai
58	Simone - Matcha và Hojicha - Drinks và Tiramisu	assets/store-simone-matcha-va-hojicha-drinks-va-tiramisu.png	Matcha và Hojicha - Drinks và Tiramisu	24	115/174B Lê Văn Sỹ, Phường 13, Phú Nhuận, Thành phố Hồ Chí Minh
59	CHOCO BAKERY 	assets/store-choco-bakery.png	Choco Bakery - Nơi mang đến sự ngọt ngào	25	148 Trần Quốc Thảo, Phường 14, Quận 3, Thành phố Hồ Chí Minh
60	Sweet Corner	assets/store-sweet-corner.jpg	Góc nhỏ ngọt ngào với những chiếc bánh được làm thủ công, tươi mới mỗi ngày.	26	88 Lê Bình, Phường 4, Tân Bình, Hồ Chí Minh, Việt Nam
61	SpringSummer Cakes Homemade	assets/store-springsummer-cakes-homemade.jpg	Mỗi chiếc bánh là một cái ôm ngọt ngào, ấm áp, đảm bảo "yêu ngay từ miếng đầu tiên"!	27	566 Lê Văn Lương, Ấp 3, Nhà Bè, Thành phố Hồ Chí Minh, Việt Nam
62	Mỳ ý cua Gravy House	assets/store-my-y-cua-gravy-house.jpg	Thưởng thức bữa ăn với nhiều ưu đãi đặc biệt	28	43 Hà Huy Tập, Tân Phong, Quận 7, Thành phố Hồ Chí Minh
63	Pizza 360	assets/store-pizza-360.jpg	Đặt bánh ngay để thưởng thức hương vị hoàn hảo, nóng hổi được giao nhanh đến tận nhà bạn!	29	50 Nam Hòa, Bắc Sơn, Trảng Bom, Đồng Nai, Việt Nam
64	90'S Hotdog	assets/store-90s-hotdog.jpg	Bánh mì Hotdog Âu Mỹ. Giá cả siêu mềm, siêu tiện lợi, là lựa chọn số 1 cho team học sinh - sinh viên	30	28/592 Trường Chinh, Ngã Tư Sở, Đống Đa, Hà Nội
65	Hey Bro - Burger, Pizza, Spaghetti & Fast Food	assets/store-hey-bro.jpg	Burger, Pizza, Spaghetti & Fast Food	31	65/210A Võ Chí Công, Xuân La, Tây Hồ, Hà Nội
66	Cheese Coffee	assets/store-cheese-coffee.jpg	Chất Âu, Bản Việt	32	50A Lê Đại Hành, Lê Đại Hành, Hai Bà Trưng, Hà Nội
67	Kiera Merci	assets/store-kiera-merci.jpg	Kiera Merci: Chạm nhẹ vị ngọt, chạm tim yêu thương.	33	260 Lê Quảng Chí, Hoà Xuân, Cẩm Lệ, Đà Nẵng, Việt Nam
\.


--
-- TOC entry 5186 (class 0 OID 18582)
-- Dependencies: 254
-- Data for Name: users; Type: TABLE DATA; Schema: public; Owner: postgres
--

COPY public.users (id, fullname, username, password, email, address, phone_number, created_date, role_id, last_login, is_superuser, is_staff, is_active, date_joined, first_name, last_name, is_shipper_registered, is_store_registered) FROM stdin;
3	KFC Vietnam	kfc	123	kfc@gmail.com	Quận 1, TP.HCM	0901234567	2025-08-11 02:33:59.153353	3	\N	f	f	t	2025-08-11 09:33:59.153353+07	KFC	Manager	\N	\N
4	Dominos Pizza	domino	123	domino@gmail.com	Quận 3, TP.HCM	0902345678	2025-08-11 02:33:59.153353	3	\N	f	f	t	2025-08-11 09:33:59.153353+07	Dominos	Manager	\N	\N
5	Pizza Hut	pizzahut	123	pizzahut@gmail.com	Quận 7, TP.HCM	0903456789	2025-08-11 02:33:59.153353	3	\N	f	f	t	2025-08-11 09:33:59.153353+07	Pizza	Manager	\N	\N
6	Burger King	burgerking	123	burgerking@gmail.com	Quận 2, TP.HCM	0904567890	2025-08-11 02:33:59.153353	3	\N	f	f	t	2025-08-11 09:33:59.153353+07	Burger	Manager	\N	\N
7	McDonalds Vietnam	mcdonald	123	mcdonald@gmail.com	Quận 5, TP.HCM	0905678901	2025-08-11 02:33:59.153353	3	\N	f	f	t	2025-08-11 09:33:59.153353+07	McDonald	Manager	\N	\N
1	Admin	admin	123	admin@gmail.com	Hồ Chí Minh	0456456456	2025-08-10 12:33:59.153353	2	\N	f	f	t	2025-08-11 09:33:59.153353+07	Admin	User	\N	\N
10	Test	test	123	test@gmail.com	Đà Nẵng	0987654321	2025-09-23 18:59:21.470963	4	\N	f	f	t	2025-09-25 19:59:21.470963+07			f	\N
9	Shipper2	shipper2	123	shipper2@gmail.com	Quận Gò Vấp, TP.HCM2	0907890123	2025-08-10 19:33:59.153353	4	\N	f	f	t	2025-08-11 09:33:59.153353+07	Shipper	Two	\N	\N
8	Shipper1	shipper1	123	shipper1@gmail.com	Đà nẵngg	0123456789	2025-08-09 22:33:59.153353	4	\N	f	f	t	2025-08-11 09:33:59.153353+07	Shipper	One	\N	\N
11	Test	test2	123	test2@gmail.com	Hà nội	0987654322	2025-09-24 02:25:49.941872	8	\N	f	f	t	2025-09-25 20:25:49.941872+07			\N	f
12	Test3	test3	123456	test3@gmail.com	Huế	0987654323	2025-09-25 00:44:52.852511	8	\N	f	f	t	2025-09-25 21:44:52.852511+07			\N	f
13		abc	pbkdf2_sha256$870000$zrf9i1A5ptna9A3hQhV1H8$db0KC18ZeXolc9KQn15txu0rMxUePs7r3eUGwtgg6Ao=	a@gmail.com		          	2025-10-08 19:54:40.961339	\N	2025-10-09 02:55:15.432663+07	t	t	t	2025-10-09 02:54:40.961389+07			\N	\N
2	Bin	bin	123	bin@gmail.com	Liên Chiểu, Đà Nẵng	1231231233	2025-08-06 20:42:24.012483	1	\N	f	f	t	2025-08-10 22:42:24.012483+07	Bin	User	\N	t
14	User 1	user1	123456	user1@example.com	Hòa Minh, P.Hòa Khánh, TP.Đà Nẵng	0600000001	2025-11-02 03:11:32.23291	3	\N	f	f	t	2025-11-02 03:11:32.23291+07	User	1	\N	\N
15	User 2	user2	123456	user2@example.com	Hòa Minh, P.Hòa Khánh, TP.Đà Nẵng	0600000002	2025-11-02 03:11:32.23291	3	\N	f	f	t	2025-11-02 03:11:32.23291+07	User	2	\N	\N
16	User 3	user3	123456	user3@example.com	Hòa Minh, P.Hòa Khánh, TP.Đà Nẵng	0600000003	2025-11-02 03:11:32.23291	3	\N	f	f	t	2025-11-02 03:11:32.23291+07	User	3	\N	\N
17	User 4	user4	123456	user4@example.com	Hòa Minh, P.Hòa Khánh, TP.Đà Nẵng	0600000004	2025-11-02 03:11:32.23291	3	\N	f	f	t	2025-11-02 03:11:32.23291+07	User	4	\N	\N
18	User 5	user5	123456	user5@example.com	Hòa Minh, P.Hòa Khánh, TP.Đà Nẵng	0600000005	2025-11-02 03:11:32.23291	3	\N	f	f	t	2025-11-02 03:11:32.23291+07	User	5	\N	\N
19	User 6	user6	123456	user6@example.com	Hòa Minh, P.Hòa Khánh, TP.Đà Nẵng	0600000006	2025-11-02 03:11:32.23291	3	\N	f	f	t	2025-11-02 03:11:32.23291+07	User	6	\N	\N
20	User 7	user7	123456	user7@example.com	Hòa Minh, P.Hòa Khánh, TP.Đà Nẵng	0600000007	2025-11-02 03:11:32.23291	3	\N	f	f	t	2025-11-02 03:11:32.23291+07	User	7	\N	\N
21	User 8	user8	123456	user8@example.com	Hòa Minh, P.Hòa Khánh, TP.Đà Nẵng	0600000008	2025-11-02 03:11:32.23291	3	\N	f	f	t	2025-11-02 03:11:32.23291+07	User	8	\N	\N
22	User 9	user9	123456	user9@example.com	Hòa Minh, P.Hòa Khánh, TP.Đà Nẵng	0600000009	2025-11-02 03:11:32.23291	3	\N	f	f	t	2025-11-02 03:11:32.23291+07	User	9	\N	\N
23	User 10	user10	123456	user10@example.com	Hòa Minh, P.Hòa Khánh, TP.Đà Nẵng	0600000010	2025-11-02 03:11:32.23291	3	\N	f	f	t	2025-11-02 03:11:32.23291+07	User	10	\N	\N
24	User 11	user11	123456	user11@example.com	Hòa Minh, P.Hòa Khánh, TP.Đà Nẵng	0600000011	2025-11-02 03:11:32.23291	3	\N	f	f	t	2025-11-02 03:11:32.23291+07	User	11	\N	\N
25	User 12	user12	123456	user12@example.com	Hòa Minh, P.Hòa Khánh, TP.Đà Nẵng	0600000012	2025-11-02 03:11:32.23291	3	\N	f	f	t	2025-11-02 03:11:32.23291+07	User	12	\N	\N
26	User 13	user13	123456	user13@example.com	Hòa Minh, P.Hòa Khánh, TP.Đà Nẵng	0600000013	2025-11-02 03:11:32.23291	3	\N	f	f	t	2025-11-02 03:11:32.23291+07	User	13	\N	\N
27	User 14	user14	123456	user14@example.com	Hòa Minh, P.Hòa Khánh, TP.Đà Nẵng	0600000014	2025-11-02 03:11:32.23291	3	\N	f	f	t	2025-11-02 03:11:32.23291+07	User	14	\N	\N
28	User 15	user15	123456	user15@example.com	Hòa Minh, P.Hòa Khánh, TP.Đà Nẵng	0600000015	2025-11-02 03:11:32.23291	3	\N	f	f	t	2025-11-02 03:11:32.23291+07	User	15	\N	\N
29	User 16	user16	123456	user16@example.com	Hòa Minh, P.Hòa Khánh, TP.Đà Nẵng	0600000016	2025-11-02 03:11:32.23291	3	\N	f	f	t	2025-11-02 03:11:32.23291+07	User	16	\N	\N
30	User 17	user17	123456	user17@example.com	Hòa Minh, P.Hòa Khánh, TP.Đà Nẵng	0600000017	2025-11-02 03:11:32.23291	3	\N	f	f	t	2025-11-02 03:11:32.23291+07	User	17	\N	\N
31	User 18	user18	123456	user18@example.com	Hòa Minh, P.Hòa Khánh, TP.Đà Nẵng	0600000018	2025-11-02 03:11:32.23291	3	\N	f	f	t	2025-11-02 03:11:32.23291+07	User	18	\N	\N
32	User 19	user19	123456	user19@example.com	Hòa Minh, P.Hòa Khánh, TP.Đà Nẵng	0600000019	2025-11-02 03:11:32.23291	3	\N	f	f	t	2025-11-02 03:11:32.23291+07	User	19	\N	\N
33	User 20	user20	123456	user20@example.com	Hòa Minh, P.Hòa Khánh, TP.Đà Nẵng	0600000020	2025-11-02 03:11:32.23291	3	\N	f	f	t	2025-11-02 03:11:32.23291+07	User	20	\N	\N
\.


--
-- TOC entry 5187 (class 0 OID 18588)
-- Dependencies: 255
-- Data for Name: users_groups; Type: TABLE DATA; Schema: public; Owner: postgres
--

COPY public.users_groups (id, user_id, group_id) FROM stdin;
\.


--
-- TOC entry 5190 (class 0 OID 18593)
-- Dependencies: 258
-- Data for Name: users_user_permissions; Type: TABLE DATA; Schema: public; Owner: postgres
--

COPY public.users_user_permissions (id, user_id, permission_id) FROM stdin;
\.


--
-- TOC entry 5224 (class 0 OID 0)
-- Dependencies: 216
-- Name: auth_group_id_seq; Type: SEQUENCE SET; Schema: public; Owner: postgres
--

SELECT pg_catalog.setval('public.auth_group_id_seq', 1, false);


--
-- TOC entry 5225 (class 0 OID 0)
-- Dependencies: 218
-- Name: auth_group_permissions_id_seq; Type: SEQUENCE SET; Schema: public; Owner: postgres
--

SELECT pg_catalog.setval('public.auth_group_permissions_id_seq', 1, false);


--
-- TOC entry 5226 (class 0 OID 0)
-- Dependencies: 220
-- Name: auth_permission_id_seq; Type: SEQUENCE SET; Schema: public; Owner: postgres
--

SELECT pg_catalog.setval('public.auth_permission_id_seq', 76, true);


--
-- TOC entry 5227 (class 0 OID 0)
-- Dependencies: 222
-- Name: cart_id_seq; Type: SEQUENCE SET; Schema: public; Owner: postgres
--

SELECT pg_catalog.setval('public.cart_id_seq', 5, true);


--
-- TOC entry 5228 (class 0 OID 0)
-- Dependencies: 224
-- Name: category_id_seq; Type: SEQUENCE SET; Schema: public; Owner: postgres
--

SELECT pg_catalog.setval('public.category_id_seq', 12, true);


--
-- TOC entry 5229 (class 0 OID 0)
-- Dependencies: 226
-- Name: django_admin_log_id_seq; Type: SEQUENCE SET; Schema: public; Owner: postgres
--

SELECT pg_catalog.setval('public.django_admin_log_id_seq', 1, false);


--
-- TOC entry 5230 (class 0 OID 0)
-- Dependencies: 228
-- Name: django_content_type_id_seq; Type: SEQUENCE SET; Schema: public; Owner: postgres
--

SELECT pg_catalog.setval('public.django_content_type_id_seq', 19, true);


--
-- TOC entry 5231 (class 0 OID 0)
-- Dependencies: 230
-- Name: django_migrations_id_seq; Type: SEQUENCE SET; Schema: public; Owner: postgres
--

SELECT pg_catalog.setval('public.django_migrations_id_seq', 137, true);


--
-- TOC entry 5232 (class 0 OID 0)
-- Dependencies: 233
-- Name: food_id_seq; Type: SEQUENCE SET; Schema: public; Owner: postgres
--

SELECT pg_catalog.setval('public.food_id_seq', 1166, true);


--
-- TOC entry 5233 (class 0 OID 0)
-- Dependencies: 235
-- Name: food_size_id_seq; Type: SEQUENCE SET; Schema: public; Owner: postgres
--

SELECT pg_catalog.setval('public.food_size_id_seq', 19, true);


--
-- TOC entry 5234 (class 0 OID 0)
-- Dependencies: 237
-- Name: item_id_seq; Type: SEQUENCE SET; Schema: public; Owner: postgres
--

SELECT pg_catalog.setval('public.item_id_seq', 61, true);


--
-- TOC entry 5235 (class 0 OID 0)
-- Dependencies: 239
-- Name: order_detail_id_seq; Type: SEQUENCE SET; Schema: public; Owner: postgres
--

SELECT pg_catalog.setval('public.order_detail_id_seq', 61, true);


--
-- TOC entry 5236 (class 0 OID 0)
-- Dependencies: 241
-- Name: order_promo_id_seq; Type: SEQUENCE SET; Schema: public; Owner: postgres
--

SELECT pg_catalog.setval('public.order_promo_id_seq', 6, true);


--
-- TOC entry 5237 (class 0 OID 0)
-- Dependencies: 243
-- Name: orders_id_seq; Type: SEQUENCE SET; Schema: public; Owner: postgres
--

SELECT pg_catalog.setval('public.orders_id_seq', 63, true);


--
-- TOC entry 5238 (class 0 OID 0)
-- Dependencies: 245
-- Name: promo_id_seq; Type: SEQUENCE SET; Schema: public; Owner: postgres
--

SELECT pg_catalog.setval('public.promo_id_seq', 14, true);


--
-- TOC entry 5239 (class 0 OID 0)
-- Dependencies: 247
-- Name: rating_food_id_seq; Type: SEQUENCE SET; Schema: public; Owner: postgres
--

SELECT pg_catalog.setval('public.rating_food_id_seq', 6, true);


--
-- TOC entry 5240 (class 0 OID 0)
-- Dependencies: 249
-- Name: roles_id_seq; Type: SEQUENCE SET; Schema: public; Owner: postgres
--

SELECT pg_catalog.setval('public.roles_id_seq', 8, true);


--
-- TOC entry 5241 (class 0 OID 0)
-- Dependencies: 251
-- Name: shipper_id_seq; Type: SEQUENCE SET; Schema: public; Owner: postgres
--

SELECT pg_catalog.setval('public.shipper_id_seq', 4, true);


--
-- TOC entry 5242 (class 0 OID 0)
-- Dependencies: 253
-- Name: stores_id_seq; Type: SEQUENCE SET; Schema: public; Owner: postgres
--

SELECT pg_catalog.setval('public.stores_id_seq', 67, true);


--
-- TOC entry 5243 (class 0 OID 0)
-- Dependencies: 256
-- Name: users_groups_id_seq; Type: SEQUENCE SET; Schema: public; Owner: postgres
--

SELECT pg_catalog.setval('public.users_groups_id_seq', 1, true);


--
-- TOC entry 5244 (class 0 OID 0)
-- Dependencies: 257
-- Name: users_id_seq; Type: SEQUENCE SET; Schema: public; Owner: postgres
--

SELECT pg_catalog.setval('public.users_id_seq', 33, true);


--
-- TOC entry 5245 (class 0 OID 0)
-- Dependencies: 259
-- Name: users_user_permissions_id_seq; Type: SEQUENCE SET; Schema: public; Owner: postgres
--

SELECT pg_catalog.setval('public.users_user_permissions_id_seq', 1, false);


--
-- TOC entry 4878 (class 2606 OID 18611)
-- Name: auth_group auth_group_name_key; Type: CONSTRAINT; Schema: public; Owner: postgres
--

ALTER TABLE ONLY public.auth_group
    ADD CONSTRAINT auth_group_name_key UNIQUE (name);


--
-- TOC entry 4883 (class 2606 OID 18613)
-- Name: auth_group_permissions auth_group_permissions_group_id_permission_id_0cd325b0_uniq; Type: CONSTRAINT; Schema: public; Owner: postgres
--

ALTER TABLE ONLY public.auth_group_permissions
    ADD CONSTRAINT auth_group_permissions_group_id_permission_id_0cd325b0_uniq UNIQUE (group_id, permission_id);


--
-- TOC entry 4886 (class 2606 OID 18615)
-- Name: auth_group_permissions auth_group_permissions_pkey; Type: CONSTRAINT; Schema: public; Owner: postgres
--

ALTER TABLE ONLY public.auth_group_permissions
    ADD CONSTRAINT auth_group_permissions_pkey PRIMARY KEY (id);


--
-- TOC entry 4880 (class 2606 OID 18617)
-- Name: auth_group auth_group_pkey; Type: CONSTRAINT; Schema: public; Owner: postgres
--

ALTER TABLE ONLY public.auth_group
    ADD CONSTRAINT auth_group_pkey PRIMARY KEY (id);


--
-- TOC entry 4889 (class 2606 OID 18619)
-- Name: auth_permission auth_permission_content_type_id_codename_01ab375a_uniq; Type: CONSTRAINT; Schema: public; Owner: postgres
--

ALTER TABLE ONLY public.auth_permission
    ADD CONSTRAINT auth_permission_content_type_id_codename_01ab375a_uniq UNIQUE (content_type_id, codename);


--
-- TOC entry 4891 (class 2606 OID 18621)
-- Name: auth_permission auth_permission_pkey; Type: CONSTRAINT; Schema: public; Owner: postgres
--

ALTER TABLE ONLY public.auth_permission
    ADD CONSTRAINT auth_permission_pkey PRIMARY KEY (id);


--
-- TOC entry 4893 (class 2606 OID 18623)
-- Name: cart cart_pkey; Type: CONSTRAINT; Schema: public; Owner: postgres
--

ALTER TABLE ONLY public.cart
    ADD CONSTRAINT cart_pkey PRIMARY KEY (id);


--
-- TOC entry 4896 (class 2606 OID 18625)
-- Name: category category_pkey; Type: CONSTRAINT; Schema: public; Owner: postgres
--

ALTER TABLE ONLY public.category
    ADD CONSTRAINT category_pkey PRIMARY KEY (id);


--
-- TOC entry 4899 (class 2606 OID 18627)
-- Name: django_admin_log django_admin_log_pkey; Type: CONSTRAINT; Schema: public; Owner: postgres
--

ALTER TABLE ONLY public.django_admin_log
    ADD CONSTRAINT django_admin_log_pkey PRIMARY KEY (id);


--
-- TOC entry 4902 (class 2606 OID 18629)
-- Name: django_content_type django_content_type_app_label_model_76bd3d3b_uniq; Type: CONSTRAINT; Schema: public; Owner: postgres
--

ALTER TABLE ONLY public.django_content_type
    ADD CONSTRAINT django_content_type_app_label_model_76bd3d3b_uniq UNIQUE (app_label, model);


--
-- TOC entry 4904 (class 2606 OID 18631)
-- Name: django_content_type django_content_type_pkey; Type: CONSTRAINT; Schema: public; Owner: postgres
--

ALTER TABLE ONLY public.django_content_type
    ADD CONSTRAINT django_content_type_pkey PRIMARY KEY (id);


--
-- TOC entry 4906 (class 2606 OID 18633)
-- Name: django_migrations django_migrations_pkey; Type: CONSTRAINT; Schema: public; Owner: postgres
--

ALTER TABLE ONLY public.django_migrations
    ADD CONSTRAINT django_migrations_pkey PRIMARY KEY (id);


--
-- TOC entry 4909 (class 2606 OID 18635)
-- Name: django_session django_session_pkey; Type: CONSTRAINT; Schema: public; Owner: postgres
--

ALTER TABLE ONLY public.django_session
    ADD CONSTRAINT django_session_pkey PRIMARY KEY (session_key);


--
-- TOC entry 4912 (class 2606 OID 18637)
-- Name: food food_pkey; Type: CONSTRAINT; Schema: public; Owner: postgres
--

ALTER TABLE ONLY public.food
    ADD CONSTRAINT food_pkey PRIMARY KEY (id);


--
-- TOC entry 4917 (class 2606 OID 18639)
-- Name: food_size food_size_food_id_size_name_key; Type: CONSTRAINT; Schema: public; Owner: postgres
--

ALTER TABLE ONLY public.food_size
    ADD CONSTRAINT food_size_food_id_size_name_key UNIQUE (food_id, size_name);


--
-- TOC entry 4919 (class 2606 OID 18641)
-- Name: food_size food_size_pkey; Type: CONSTRAINT; Schema: public; Owner: postgres
--

ALTER TABLE ONLY public.food_size
    ADD CONSTRAINT food_size_pkey PRIMARY KEY (id);


--
-- TOC entry 4925 (class 2606 OID 18643)
-- Name: item item_pkey; Type: CONSTRAINT; Schema: public; Owner: postgres
--

ALTER TABLE ONLY public.item
    ADD CONSTRAINT item_pkey PRIMARY KEY (id);


--
-- TOC entry 4930 (class 2606 OID 18645)
-- Name: order_detail order_detail_pkey; Type: CONSTRAINT; Schema: public; Owner: postgres
--

ALTER TABLE ONLY public.order_detail
    ADD CONSTRAINT order_detail_pkey PRIMARY KEY (id);


--
-- TOC entry 4933 (class 2606 OID 18647)
-- Name: order_promo order_promo_pkey; Type: CONSTRAINT; Schema: public; Owner: postgres
--

ALTER TABLE ONLY public.order_promo
    ADD CONSTRAINT order_promo_pkey PRIMARY KEY (id);


--
-- TOC entry 4940 (class 2606 OID 18649)
-- Name: orders orders_pkey; Type: CONSTRAINT; Schema: public; Owner: postgres
--

ALTER TABLE ONLY public.orders
    ADD CONSTRAINT orders_pkey PRIMARY KEY (id);


--
-- TOC entry 4942 (class 2606 OID 18651)
-- Name: promo promo_pkey; Type: CONSTRAINT; Schema: public; Owner: postgres
--

ALTER TABLE ONLY public.promo
    ADD CONSTRAINT promo_pkey PRIMARY KEY (id);


--
-- TOC entry 4947 (class 2606 OID 18653)
-- Name: rating_food rating_food_pkey; Type: CONSTRAINT; Schema: public; Owner: postgres
--

ALTER TABLE ONLY public.rating_food
    ADD CONSTRAINT rating_food_pkey PRIMARY KEY (id);


--
-- TOC entry 4949 (class 2606 OID 18655)
-- Name: roles roles_pkey; Type: CONSTRAINT; Schema: public; Owner: postgres
--

ALTER TABLE ONLY public.roles
    ADD CONSTRAINT roles_pkey PRIMARY KEY (id);


--
-- TOC entry 4951 (class 2606 OID 18657)
-- Name: shipper shipper_pkey; Type: CONSTRAINT; Schema: public; Owner: postgres
--

ALTER TABLE ONLY public.shipper
    ADD CONSTRAINT shipper_pkey PRIMARY KEY (id);


--
-- TOC entry 4953 (class 2606 OID 18659)
-- Name: shipper shipper_user_id_key; Type: CONSTRAINT; Schema: public; Owner: postgres
--

ALTER TABLE ONLY public.shipper
    ADD CONSTRAINT shipper_user_id_key UNIQUE (user_id);


--
-- TOC entry 4955 (class 2606 OID 18661)
-- Name: stores stores_pkey; Type: CONSTRAINT; Schema: public; Owner: postgres
--

ALTER TABLE ONLY public.stores
    ADD CONSTRAINT stores_pkey PRIMARY KEY (id);


--
-- TOC entry 4957 (class 2606 OID 18663)
-- Name: stores stores_user_id_key; Type: CONSTRAINT; Schema: public; Owner: postgres
--

ALTER TABLE ONLY public.stores
    ADD CONSTRAINT stores_user_id_key UNIQUE (user_id);


--
-- TOC entry 4935 (class 2606 OID 18665)
-- Name: order_promo uq_order_promo; Type: CONSTRAINT; Schema: public; Owner: postgres
--

ALTER TABLE ONLY public.order_promo
    ADD CONSTRAINT uq_order_promo UNIQUE (order_id, promo_id);


--
-- TOC entry 4963 (class 2606 OID 18667)
-- Name: users_groups users_groups_pkey; Type: CONSTRAINT; Schema: public; Owner: postgres
--

ALTER TABLE ONLY public.users_groups
    ADD CONSTRAINT users_groups_pkey PRIMARY KEY (id);


--
-- TOC entry 4966 (class 2606 OID 18669)
-- Name: users_groups users_groups_user_id_group_id_fc7788e8_uniq; Type: CONSTRAINT; Schema: public; Owner: postgres
--

ALTER TABLE ONLY public.users_groups
    ADD CONSTRAINT users_groups_user_id_group_id_fc7788e8_uniq UNIQUE (user_id, group_id);


--
-- TOC entry 4960 (class 2606 OID 18671)
-- Name: users users_pkey; Type: CONSTRAINT; Schema: public; Owner: postgres
--

ALTER TABLE ONLY public.users
    ADD CONSTRAINT users_pkey PRIMARY KEY (id);


--
-- TOC entry 4969 (class 2606 OID 18673)
-- Name: users_user_permissions users_user_permissions_pkey; Type: CONSTRAINT; Schema: public; Owner: postgres
--

ALTER TABLE ONLY public.users_user_permissions
    ADD CONSTRAINT users_user_permissions_pkey PRIMARY KEY (id);


--
-- TOC entry 4972 (class 2606 OID 18675)
-- Name: users_user_permissions users_user_permissions_user_id_permission_id_3b86cbdf_uniq; Type: CONSTRAINT; Schema: public; Owner: postgres
--

ALTER TABLE ONLY public.users_user_permissions
    ADD CONSTRAINT users_user_permissions_user_id_permission_id_3b86cbdf_uniq UNIQUE (user_id, permission_id);


--
-- TOC entry 4876 (class 1259 OID 18676)
-- Name: auth_group_name_a6ea08ec_like; Type: INDEX; Schema: public; Owner: postgres
--

CREATE INDEX auth_group_name_a6ea08ec_like ON public.auth_group USING btree (name varchar_pattern_ops);


--
-- TOC entry 4881 (class 1259 OID 18677)
-- Name: auth_group_permissions_group_id_b120cbf9; Type: INDEX; Schema: public; Owner: postgres
--

CREATE INDEX auth_group_permissions_group_id_b120cbf9 ON public.auth_group_permissions USING btree (group_id);


--
-- TOC entry 4884 (class 1259 OID 18678)
-- Name: auth_group_permissions_permission_id_84c5c92e; Type: INDEX; Schema: public; Owner: postgres
--

CREATE INDEX auth_group_permissions_permission_id_84c5c92e ON public.auth_group_permissions USING btree (permission_id);


--
-- TOC entry 4887 (class 1259 OID 18679)
-- Name: auth_permission_content_type_id_2f476e4b; Type: INDEX; Schema: public; Owner: postgres
--

CREATE INDEX auth_permission_content_type_id_2f476e4b ON public.auth_permission USING btree (content_type_id);


--
-- TOC entry 4897 (class 1259 OID 18680)
-- Name: django_admin_log_content_type_id_c4bce8eb; Type: INDEX; Schema: public; Owner: postgres
--

CREATE INDEX django_admin_log_content_type_id_c4bce8eb ON public.django_admin_log USING btree (content_type_id);


--
-- TOC entry 4900 (class 1259 OID 18681)
-- Name: django_admin_log_user_id_c564eba6; Type: INDEX; Schema: public; Owner: postgres
--

CREATE INDEX django_admin_log_user_id_c564eba6 ON public.django_admin_log USING btree (user_id);


--
-- TOC entry 4907 (class 1259 OID 18682)
-- Name: django_session_expire_date_a5c62663; Type: INDEX; Schema: public; Owner: postgres
--

CREATE INDEX django_session_expire_date_a5c62663 ON public.django_session USING btree (expire_date);


--
-- TOC entry 4910 (class 1259 OID 18683)
-- Name: django_session_session_key_c0390e0f_like; Type: INDEX; Schema: public; Owner: postgres
--

CREATE INDEX django_session_session_key_c0390e0f_like ON public.django_session USING btree (session_key varchar_pattern_ops);


--
-- TOC entry 4913 (class 1259 OID 18684)
-- Name: food_store_id_aaf588e1; Type: INDEX; Schema: public; Owner: postgres
--

CREATE INDEX food_store_id_aaf588e1 ON public.food USING btree (store_id);


--
-- TOC entry 4894 (class 1259 OID 18685)
-- Name: idx_cart_user_id; Type: INDEX; Schema: public; Owner: postgres
--

CREATE INDEX idx_cart_user_id ON public.cart USING btree (user_id);


--
-- TOC entry 4914 (class 1259 OID 18686)
-- Name: idx_food_cate; Type: INDEX; Schema: public; Owner: postgres
--

CREATE INDEX idx_food_cate ON public.food USING btree (cate_id);


--
-- TOC entry 4920 (class 1259 OID 18687)
-- Name: idx_food_size_food; Type: INDEX; Schema: public; Owner: postgres
--

CREATE INDEX idx_food_size_food ON public.food_size USING btree (food_id);


--
-- TOC entry 4915 (class 1259 OID 18688)
-- Name: idx_food_store; Type: INDEX; Schema: public; Owner: postgres
--

CREATE INDEX idx_food_store ON public.food USING btree (store_id);


--
-- TOC entry 4921 (class 1259 OID 18689)
-- Name: idx_item_cart; Type: INDEX; Schema: public; Owner: postgres
--

CREATE INDEX idx_item_cart ON public.item USING btree (cart_id);


--
-- TOC entry 4922 (class 1259 OID 18690)
-- Name: idx_item_food; Type: INDEX; Schema: public; Owner: postgres
--

CREATE INDEX idx_item_food ON public.item USING btree (food_id);


--
-- TOC entry 4923 (class 1259 OID 18691)
-- Name: idx_item_food_id; Type: INDEX; Schema: public; Owner: postgres
--

CREATE INDEX idx_item_food_id ON public.item USING btree (food_id);


--
-- TOC entry 4926 (class 1259 OID 18692)
-- Name: idx_od_food; Type: INDEX; Schema: public; Owner: postgres
--

CREATE INDEX idx_od_food ON public.order_detail USING btree (food_id);


--
-- TOC entry 4927 (class 1259 OID 18693)
-- Name: idx_od_order; Type: INDEX; Schema: public; Owner: postgres
--

CREATE INDEX idx_od_order ON public.order_detail USING btree (order_id);


--
-- TOC entry 4928 (class 1259 OID 18694)
-- Name: idx_order_detail_food_id; Type: INDEX; Schema: public; Owner: postgres
--

CREATE INDEX idx_order_detail_food_id ON public.order_detail USING btree (food_id);


--
-- TOC entry 4931 (class 1259 OID 18695)
-- Name: idx_order_promo_order; Type: INDEX; Schema: public; Owner: postgres
--

CREATE INDEX idx_order_promo_order ON public.order_promo USING btree (order_id);


--
-- TOC entry 4936 (class 1259 OID 18696)
-- Name: idx_orders_promo_id; Type: INDEX; Schema: public; Owner: postgres
--

CREATE INDEX idx_orders_promo_id ON public.orders USING btree (promo_id);


--
-- TOC entry 4937 (class 1259 OID 18697)
-- Name: idx_orders_shipper_id; Type: INDEX; Schema: public; Owner: postgres
--

CREATE INDEX idx_orders_shipper_id ON public.orders USING btree (shipper_id);


--
-- TOC entry 4938 (class 1259 OID 18698)
-- Name: idx_orders_user_id; Type: INDEX; Schema: public; Owner: postgres
--

CREATE INDEX idx_orders_user_id ON public.orders USING btree (user_id);


--
-- TOC entry 4943 (class 1259 OID 18699)
-- Name: idx_rating_food_food_id; Type: INDEX; Schema: public; Owner: postgres
--

CREATE INDEX idx_rating_food_food_id ON public.rating_food USING btree (food_id);


--
-- TOC entry 4944 (class 1259 OID 18700)
-- Name: idx_rating_food_order_id; Type: INDEX; Schema: public; Owner: postgres
--

CREATE INDEX idx_rating_food_order_id ON public.rating_food USING btree (order_id);


--
-- TOC entry 4945 (class 1259 OID 18701)
-- Name: idx_rating_food_user_id; Type: INDEX; Schema: public; Owner: postgres
--

CREATE INDEX idx_rating_food_user_id ON public.rating_food USING btree (user_id);


--
-- TOC entry 4958 (class 1259 OID 18702)
-- Name: idx_users_role_id; Type: INDEX; Schema: public; Owner: postgres
--

CREATE INDEX idx_users_role_id ON public.users USING btree (role_id);


--
-- TOC entry 4961 (class 1259 OID 18703)
-- Name: users_groups_group_id_2f3517aa; Type: INDEX; Schema: public; Owner: postgres
--

CREATE INDEX users_groups_group_id_2f3517aa ON public.users_groups USING btree (group_id);


--
-- TOC entry 4964 (class 1259 OID 18704)
-- Name: users_groups_user_id_f500bee5; Type: INDEX; Schema: public; Owner: postgres
--

CREATE INDEX users_groups_user_id_f500bee5 ON public.users_groups USING btree (user_id);


--
-- TOC entry 4967 (class 1259 OID 18705)
-- Name: users_user_permissions_permission_id_6d08dcd2; Type: INDEX; Schema: public; Owner: postgres
--

CREATE INDEX users_user_permissions_permission_id_6d08dcd2 ON public.users_user_permissions USING btree (permission_id);


--
-- TOC entry 4970 (class 1259 OID 18706)
-- Name: users_user_permissions_user_id_92473840; Type: INDEX; Schema: public; Owner: postgres
--

CREATE INDEX users_user_permissions_user_id_92473840 ON public.users_user_permissions USING btree (user_id);


--
-- TOC entry 4973 (class 2606 OID 18707)
-- Name: auth_group_permissions auth_group_permissio_permission_id_84c5c92e_fk_auth_perm; Type: FK CONSTRAINT; Schema: public; Owner: postgres
--

ALTER TABLE ONLY public.auth_group_permissions
    ADD CONSTRAINT auth_group_permissio_permission_id_84c5c92e_fk_auth_perm FOREIGN KEY (permission_id) REFERENCES public.auth_permission(id) DEFERRABLE INITIALLY DEFERRED;


--
-- TOC entry 4974 (class 2606 OID 18712)
-- Name: auth_group_permissions auth_group_permissions_group_id_b120cbf9_fk_auth_group_id; Type: FK CONSTRAINT; Schema: public; Owner: postgres
--

ALTER TABLE ONLY public.auth_group_permissions
    ADD CONSTRAINT auth_group_permissions_group_id_b120cbf9_fk_auth_group_id FOREIGN KEY (group_id) REFERENCES public.auth_group(id) DEFERRABLE INITIALLY DEFERRED;


--
-- TOC entry 4975 (class 2606 OID 18717)
-- Name: auth_permission auth_permission_content_type_id_2f476e4b_fk_django_co; Type: FK CONSTRAINT; Schema: public; Owner: postgres
--

ALTER TABLE ONLY public.auth_permission
    ADD CONSTRAINT auth_permission_content_type_id_2f476e4b_fk_django_co FOREIGN KEY (content_type_id) REFERENCES public.django_content_type(id) DEFERRABLE INITIALLY DEFERRED;


--
-- TOC entry 4977 (class 2606 OID 18722)
-- Name: django_admin_log django_admin_log_content_type_id_c4bce8eb_fk_django_co; Type: FK CONSTRAINT; Schema: public; Owner: postgres
--

ALTER TABLE ONLY public.django_admin_log
    ADD CONSTRAINT django_admin_log_content_type_id_c4bce8eb_fk_django_co FOREIGN KEY (content_type_id) REFERENCES public.django_content_type(id) DEFERRABLE INITIALLY DEFERRED;


--
-- TOC entry 4976 (class 2606 OID 18727)
-- Name: cart fk_cart_users_id; Type: FK CONSTRAINT; Schema: public; Owner: postgres
--

ALTER TABLE ONLY public.cart
    ADD CONSTRAINT fk_cart_users_id FOREIGN KEY (user_id) REFERENCES public.users(id);


--
-- TOC entry 4978 (class 2606 OID 18732)
-- Name: food fk_food_category_id; Type: FK CONSTRAINT; Schema: public; Owner: postgres
--

ALTER TABLE ONLY public.food
    ADD CONSTRAINT fk_food_category_id FOREIGN KEY (cate_id) REFERENCES public.category(id);


--
-- TOC entry 4979 (class 2606 OID 18737)
-- Name: food fk_food_store; Type: FK CONSTRAINT; Schema: public; Owner: postgres
--

ALTER TABLE ONLY public.food
    ADD CONSTRAINT fk_food_store FOREIGN KEY (store_id) REFERENCES public.stores(id) ON DELETE CASCADE;


--
-- TOC entry 4980 (class 2606 OID 18742)
-- Name: food fk_food_store_id; Type: FK CONSTRAINT; Schema: public; Owner: postgres
--

ALTER TABLE ONLY public.food
    ADD CONSTRAINT fk_food_store_id FOREIGN KEY (store_id) REFERENCES public.stores(id);


--
-- TOC entry 4983 (class 2606 OID 18747)
-- Name: item fk_item_cart_id; Type: FK CONSTRAINT; Schema: public; Owner: postgres
--

ALTER TABLE ONLY public.item
    ADD CONSTRAINT fk_item_cart_id FOREIGN KEY (cart_id) REFERENCES public.cart(id);


--
-- TOC entry 4984 (class 2606 OID 18752)
-- Name: item fk_item_food_id; Type: FK CONSTRAINT; Schema: public; Owner: postgres
--

ALTER TABLE ONLY public.item
    ADD CONSTRAINT fk_item_food_id FOREIGN KEY (food_id) REFERENCES public.food(id);


--
-- TOC entry 4985 (class 2606 OID 18757)
-- Name: item fk_item_food_option; Type: FK CONSTRAINT; Schema: public; Owner: postgres
--

ALTER TABLE ONLY public.item
    ADD CONSTRAINT fk_item_food_option FOREIGN KEY (food_option_id) REFERENCES public.food_size(id);


--
-- TOC entry 4989 (class 2606 OID 18762)
-- Name: order_promo fk_op_order; Type: FK CONSTRAINT; Schema: public; Owner: postgres
--

ALTER TABLE ONLY public.order_promo
    ADD CONSTRAINT fk_op_order FOREIGN KEY (order_id) REFERENCES public.orders(id) ON DELETE CASCADE;


--
-- TOC entry 4990 (class 2606 OID 18767)
-- Name: order_promo fk_op_promo; Type: FK CONSTRAINT; Schema: public; Owner: postgres
--

ALTER TABLE ONLY public.order_promo
    ADD CONSTRAINT fk_op_promo FOREIGN KEY (promo_id) REFERENCES public.promo(id);


--
-- TOC entry 4986 (class 2606 OID 18772)
-- Name: order_detail fk_order_detail_food_option; Type: FK CONSTRAINT; Schema: public; Owner: postgres
--

ALTER TABLE ONLY public.order_detail
    ADD CONSTRAINT fk_order_detail_food_option FOREIGN KEY (food_option_id) REFERENCES public.food_size(id);


--
-- TOC entry 4987 (class 2606 OID 18777)
-- Name: order_detail fk_orderdetail_food_id; Type: FK CONSTRAINT; Schema: public; Owner: postgres
--

ALTER TABLE ONLY public.order_detail
    ADD CONSTRAINT fk_orderdetail_food_id FOREIGN KEY (food_id) REFERENCES public.food(id);


--
-- TOC entry 4988 (class 2606 OID 18782)
-- Name: order_detail fk_orderdetail_orders_id; Type: FK CONSTRAINT; Schema: public; Owner: postgres
--

ALTER TABLE ONLY public.order_detail
    ADD CONSTRAINT fk_orderdetail_orders_id FOREIGN KEY (order_id) REFERENCES public.orders(id);


--
-- TOC entry 4991 (class 2606 OID 18787)
-- Name: orders fk_orders_promo; Type: FK CONSTRAINT; Schema: public; Owner: postgres
--

ALTER TABLE ONLY public.orders
    ADD CONSTRAINT fk_orders_promo FOREIGN KEY (promo_id) REFERENCES public.promo(id);


--
-- TOC entry 4992 (class 2606 OID 18792)
-- Name: orders fk_orders_shipper; Type: FK CONSTRAINT; Schema: public; Owner: postgres
--

ALTER TABLE ONLY public.orders
    ADD CONSTRAINT fk_orders_shipper FOREIGN KEY (shipper_id) REFERENCES public.shipper(id) ON DELETE SET NULL;


--
-- TOC entry 4993 (class 2606 OID 18797)
-- Name: orders fk_orders_users_id; Type: FK CONSTRAINT; Schema: public; Owner: postgres
--

ALTER TABLE ONLY public.orders
    ADD CONSTRAINT fk_orders_users_id FOREIGN KEY (user_id) REFERENCES public.users(id);


--
-- TOC entry 4996 (class 2606 OID 18802)
-- Name: rating_food fk_ratingfood_food_id; Type: FK CONSTRAINT; Schema: public; Owner: postgres
--

ALTER TABLE ONLY public.rating_food
    ADD CONSTRAINT fk_ratingfood_food_id FOREIGN KEY (food_id) REFERENCES public.food(id);


--
-- TOC entry 4997 (class 2606 OID 18807)
-- Name: rating_food fk_ratingfood_order_id; Type: FK CONSTRAINT; Schema: public; Owner: postgres
--

ALTER TABLE ONLY public.rating_food
    ADD CONSTRAINT fk_ratingfood_order_id FOREIGN KEY (order_id) REFERENCES public.orders(id);


--
-- TOC entry 4998 (class 2606 OID 18812)
-- Name: rating_food fk_ratingfood_users_id; Type: FK CONSTRAINT; Schema: public; Owner: postgres
--

ALTER TABLE ONLY public.rating_food
    ADD CONSTRAINT fk_ratingfood_users_id FOREIGN KEY (user_id) REFERENCES public.users(id);


--
-- TOC entry 5001 (class 2606 OID 18817)
-- Name: users fk_users_roles_id; Type: FK CONSTRAINT; Schema: public; Owner: postgres
--

ALTER TABLE ONLY public.users
    ADD CONSTRAINT fk_users_roles_id FOREIGN KEY (role_id) REFERENCES public.roles(id);


--
-- TOC entry 4982 (class 2606 OID 18822)
-- Name: food_size food_size_food_id_fkey; Type: FK CONSTRAINT; Schema: public; Owner: postgres
--

ALTER TABLE ONLY public.food_size
    ADD CONSTRAINT food_size_food_id_fkey FOREIGN KEY (food_id) REFERENCES public.food(id) ON DELETE CASCADE;


--
-- TOC entry 4981 (class 2606 OID 18827)
-- Name: food food_store_id_aaf588e1_fk_stores_id; Type: FK CONSTRAINT; Schema: public; Owner: postgres
--

ALTER TABLE ONLY public.food
    ADD CONSTRAINT food_store_id_aaf588e1_fk_stores_id FOREIGN KEY (store_id) REFERENCES public.stores(id) DEFERRABLE INITIALLY DEFERRED;


--
-- TOC entry 4994 (class 2606 OID 18832)
-- Name: orders orders_store_id_fkey; Type: FK CONSTRAINT; Schema: public; Owner: postgres
--

ALTER TABLE ONLY public.orders
    ADD CONSTRAINT orders_store_id_fkey FOREIGN KEY (store_id) REFERENCES public.stores(id) ON DELETE CASCADE;


--
-- TOC entry 4995 (class 2606 OID 18837)
-- Name: promo promo_store_id_fkey; Type: FK CONSTRAINT; Schema: public; Owner: postgres
--

ALTER TABLE ONLY public.promo
    ADD CONSTRAINT promo_store_id_fkey FOREIGN KEY (store_id) REFERENCES public.stores(id);


--
-- TOC entry 4999 (class 2606 OID 18842)
-- Name: shipper shipper_user_id_fkey; Type: FK CONSTRAINT; Schema: public; Owner: postgres
--

ALTER TABLE ONLY public.shipper
    ADD CONSTRAINT shipper_user_id_fkey FOREIGN KEY (user_id) REFERENCES public.users(id) ON DELETE CASCADE;


--
-- TOC entry 5000 (class 2606 OID 18847)
-- Name: stores stores_user_id_ddd3d2fa_fk_users_id; Type: FK CONSTRAINT; Schema: public; Owner: postgres
--

ALTER TABLE ONLY public.stores
    ADD CONSTRAINT stores_user_id_ddd3d2fa_fk_users_id FOREIGN KEY (user_id) REFERENCES public.users(id) DEFERRABLE INITIALLY DEFERRED;


--
-- TOC entry 5002 (class 2606 OID 18852)
-- Name: users_groups users_groups_group_id_2f3517aa_fk_auth_group_id; Type: FK CONSTRAINT; Schema: public; Owner: postgres
--

ALTER TABLE ONLY public.users_groups
    ADD CONSTRAINT users_groups_group_id_2f3517aa_fk_auth_group_id FOREIGN KEY (group_id) REFERENCES public.auth_group(id) DEFERRABLE INITIALLY DEFERRED;


--
-- TOC entry 5003 (class 2606 OID 18857)
-- Name: users_user_permissions users_user_permissio_permission_id_6d08dcd2_fk_auth_perm; Type: FK CONSTRAINT; Schema: public; Owner: postgres
--

ALTER TABLE ONLY public.users_user_permissions
    ADD CONSTRAINT users_user_permissio_permission_id_6d08dcd2_fk_auth_perm FOREIGN KEY (permission_id) REFERENCES public.auth_permission(id) DEFERRABLE INITIALLY DEFERRED;


-- Completed on 2025-11-02 03:39:20

--
-- PostgreSQL database dump complete
--

-- \unrestrict nCosHyhfDavCshFRLS06roVLmXo7b4uYdOgxHAUYm81sOerWjnOijhqSrSfl0cJ

