--
-- PostgreSQL database dump
--

-- Dumped from database version 17.4
-- Dumped by pg_dump version 17.4

SET statement_timeout = 0;
SET lock_timeout = 0;
SET idle_in_transaction_session_timeout = 0;
SET transaction_timeout = 0;
SET client_encoding = 'UTF8';
SET standard_conforming_strings = on;
SELECT pg_catalog.set_config('search_path', '', false);
SET check_function_bodies = false;
SET xmloption = content;
SET client_min_messages = warning;
SET row_security = off;

--
-- Name: fastfood_db; Type: DATABASE; Schema: -; Owner: -
--

CREATE DATABASE fastfood_db WITH TEMPLATE = template0 ENCODING = 'UTF8' LOCALE_PROVIDER = libc LOCALE = 'English_United States.1252';


\connect fastfood_db

SET statement_timeout = 0;
SET lock_timeout = 0;
SET idle_in_transaction_session_timeout = 0;
SET transaction_timeout = 0;
SET client_encoding = 'UTF8';
SET standard_conforming_strings = on;
SELECT pg_catalog.set_config('search_path', '', false);
SET check_function_bodies = false;
SET xmloption = content;
SET client_min_messages = warning;
SET row_security = off;

SET default_tablespace = '';

SET default_table_access_method = heap;

--
-- Name: auth_group; Type: TABLE; Schema: public; Owner: -
--

CREATE TABLE public.auth_group (
    id integer NOT NULL,
    name character varying(150) NOT NULL
);


--
-- Name: auth_group_id_seq; Type: SEQUENCE; Schema: public; Owner: -
--

ALTER TABLE public.auth_group ALTER COLUMN id ADD GENERATED BY DEFAULT AS IDENTITY (
    SEQUENCE NAME public.auth_group_id_seq
    START WITH 1
    INCREMENT BY 1
    NO MINVALUE
    NO MAXVALUE
    CACHE 1
);


--
-- Name: auth_group_permissions; Type: TABLE; Schema: public; Owner: -
--

CREATE TABLE public.auth_group_permissions (
    id bigint NOT NULL,
    group_id integer NOT NULL,
    permission_id integer NOT NULL
);


--
-- Name: auth_group_permissions_id_seq; Type: SEQUENCE; Schema: public; Owner: -
--

ALTER TABLE public.auth_group_permissions ALTER COLUMN id ADD GENERATED BY DEFAULT AS IDENTITY (
    SEQUENCE NAME public.auth_group_permissions_id_seq
    START WITH 1
    INCREMENT BY 1
    NO MINVALUE
    NO MAXVALUE
    CACHE 1
);


--
-- Name: auth_permission; Type: TABLE; Schema: public; Owner: -
--

CREATE TABLE public.auth_permission (
    id integer NOT NULL,
    name character varying(255) NOT NULL,
    content_type_id integer NOT NULL,
    codename character varying(100) NOT NULL
);


--
-- Name: auth_permission_id_seq; Type: SEQUENCE; Schema: public; Owner: -
--

ALTER TABLE public.auth_permission ALTER COLUMN id ADD GENERATED BY DEFAULT AS IDENTITY (
    SEQUENCE NAME public.auth_permission_id_seq
    START WITH 1
    INCREMENT BY 1
    NO MINVALUE
    NO MAXVALUE
    CACHE 1
);


--
-- Name: cart; Type: TABLE; Schema: public; Owner: -
--

CREATE TABLE public.cart (
    id integer NOT NULL,
    total_money numeric(10,0),
    user_id integer
);


--
-- Name: TABLE cart; Type: COMMENT; Schema: public; Owner: -
--

COMMENT ON TABLE public.cart IS 'Shopping cart table';


--
-- Name: cart_id_seq; Type: SEQUENCE; Schema: public; Owner: -
--

CREATE SEQUENCE public.cart_id_seq
    AS integer
    START WITH 1
    INCREMENT BY 1
    NO MINVALUE
    NO MAXVALUE
    CACHE 1;


--
-- Name: cart_id_seq; Type: SEQUENCE OWNED BY; Schema: public; Owner: -
--

ALTER SEQUENCE public.cart_id_seq OWNED BY public.cart.id;


--
-- Name: category; Type: TABLE; Schema: public; Owner: -
--

CREATE TABLE public.category (
    id integer NOT NULL,
    cate_name character varying(50),
    image text
);


--
-- Name: TABLE category; Type: COMMENT; Schema: public; Owner: -
--

COMMENT ON TABLE public.category IS 'Food categories table';


--
-- Name: category_id_seq; Type: SEQUENCE; Schema: public; Owner: -
--

CREATE SEQUENCE public.category_id_seq
    AS integer
    START WITH 1
    INCREMENT BY 1
    NO MINVALUE
    NO MAXVALUE
    CACHE 1;


--
-- Name: category_id_seq; Type: SEQUENCE OWNED BY; Schema: public; Owner: -
--

ALTER SEQUENCE public.category_id_seq OWNED BY public.category.id;


--
-- Name: django_admin_log; Type: TABLE; Schema: public; Owner: -
--

CREATE TABLE public.django_admin_log (
    id integer NOT NULL,
    action_time timestamp with time zone NOT NULL,
    object_id text,
    object_repr character varying(200) NOT NULL,
    action_flag smallint NOT NULL,
    change_message text NOT NULL,
    content_type_id integer,
    user_id bigint NOT NULL,
    CONSTRAINT django_admin_log_action_flag_check CHECK ((action_flag >= 0))
);


--
-- Name: django_admin_log_id_seq; Type: SEQUENCE; Schema: public; Owner: -
--

ALTER TABLE public.django_admin_log ALTER COLUMN id ADD GENERATED BY DEFAULT AS IDENTITY (
    SEQUENCE NAME public.django_admin_log_id_seq
    START WITH 1
    INCREMENT BY 1
    NO MINVALUE
    NO MAXVALUE
    CACHE 1
);


--
-- Name: django_content_type; Type: TABLE; Schema: public; Owner: -
--

CREATE TABLE public.django_content_type (
    id integer NOT NULL,
    app_label character varying(100) NOT NULL,
    model character varying(100) NOT NULL
);


--
-- Name: django_content_type_id_seq; Type: SEQUENCE; Schema: public; Owner: -
--

ALTER TABLE public.django_content_type ALTER COLUMN id ADD GENERATED BY DEFAULT AS IDENTITY (
    SEQUENCE NAME public.django_content_type_id_seq
    START WITH 1
    INCREMENT BY 1
    NO MINVALUE
    NO MAXVALUE
    CACHE 1
);


--
-- Name: django_migrations; Type: TABLE; Schema: public; Owner: -
--

CREATE TABLE public.django_migrations (
    id bigint NOT NULL,
    app character varying(255) NOT NULL,
    name character varying(255) NOT NULL,
    applied timestamp with time zone NOT NULL
);


--
-- Name: django_migrations_id_seq; Type: SEQUENCE; Schema: public; Owner: -
--

ALTER TABLE public.django_migrations ALTER COLUMN id ADD GENERATED BY DEFAULT AS IDENTITY (
    SEQUENCE NAME public.django_migrations_id_seq
    START WITH 1
    INCREMENT BY 1
    NO MINVALUE
    NO MAXVALUE
    CACHE 1
);


--
-- Name: django_session; Type: TABLE; Schema: public; Owner: -
--

CREATE TABLE public.django_session (
    session_key character varying(40) NOT NULL,
    session_data text NOT NULL,
    expire_date timestamp with time zone NOT NULL
);


--
-- Name: food; Type: TABLE; Schema: public; Owner: -
--

CREATE TABLE public.food (
    id integer NOT NULL,
    title character varying(50),
    description character varying(100),
    price numeric(10,0),
    image text,
    cate_id integer,
    availability character varying(30)
);


--
-- Name: TABLE food; Type: COMMENT; Schema: public; Owner: -
--

COMMENT ON TABLE public.food IS 'Food items table';


--
-- Name: food_id_seq; Type: SEQUENCE; Schema: public; Owner: -
--

CREATE SEQUENCE public.food_id_seq
    AS integer
    START WITH 1
    INCREMENT BY 1
    NO MINVALUE
    NO MAXVALUE
    CACHE 1;


--
-- Name: food_id_seq; Type: SEQUENCE OWNED BY; Schema: public; Owner: -
--

ALTER SEQUENCE public.food_id_seq OWNED BY public.food.id;


--
-- Name: item; Type: TABLE; Schema: public; Owner: -
--

CREATE TABLE public.item (
    cart_id integer NOT NULL,
    food_id integer NOT NULL,
    quantity integer
);


--
-- Name: TABLE item; Type: COMMENT; Schema: public; Owner: -
--

COMMENT ON TABLE public.item IS 'Cart items junction table';


--
-- Name: order_detail; Type: TABLE; Schema: public; Owner: -
--

CREATE TABLE public.order_detail (
    order_id integer NOT NULL,
    food_id integer NOT NULL,
    quantity integer
);


--
-- Name: TABLE order_detail; Type: COMMENT; Schema: public; Owner: -
--

COMMENT ON TABLE public.order_detail IS 'Order details junction table';


--
-- Name: orders; Type: TABLE; Schema: public; Owner: -
--

CREATE TABLE public.orders (
    id integer NOT NULL,
    created_date timestamp without time zone DEFAULT CURRENT_TIMESTAMP,
    total_money numeric(10,0),
    user_id integer,
    order_status character varying(30),
    note character varying(50),
    payment_method character varying(20),
    receiver_name character varying(50),
    ship_address character varying(100),
    phone_number character(10),
    promo_id character varying(20)
);


--
-- Name: TABLE orders; Type: COMMENT; Schema: public; Owner: -
--

COMMENT ON TABLE public.orders IS 'Orders table';


--
-- Name: orders_id_seq; Type: SEQUENCE; Schema: public; Owner: -
--

CREATE SEQUENCE public.orders_id_seq
    AS integer
    START WITH 1
    INCREMENT BY 1
    NO MINVALUE
    NO MAXVALUE
    CACHE 1;


--
-- Name: orders_id_seq; Type: SEQUENCE OWNED BY; Schema: public; Owner: -
--

ALTER SEQUENCE public.orders_id_seq OWNED BY public.orders.id;


--
-- Name: promo; Type: TABLE; Schema: public; Owner: -
--

CREATE TABLE public.promo (
    id character varying(20) NOT NULL,
    percent integer,
    start_date timestamp without time zone,
    end_date timestamp without time zone,
    minimum_pay double precision
);


--
-- Name: TABLE promo; Type: COMMENT; Schema: public; Owner: -
--

COMMENT ON TABLE public.promo IS 'Promotion codes table';


--
-- Name: rating_food; Type: TABLE; Schema: public; Owner: -
--

CREATE TABLE public.rating_food (
    id integer NOT NULL,
    user_id integer,
    food_id integer,
    content character varying(100),
    point double precision,
    order_id integer
);


--
-- Name: TABLE rating_food; Type: COMMENT; Schema: public; Owner: -
--

COMMENT ON TABLE public.rating_food IS 'Food ratings and reviews table';


--
-- Name: rating_food_id_seq; Type: SEQUENCE; Schema: public; Owner: -
--

CREATE SEQUENCE public.rating_food_id_seq
    AS integer
    START WITH 1
    INCREMENT BY 1
    NO MINVALUE
    NO MAXVALUE
    CACHE 1;


--
-- Name: rating_food_id_seq; Type: SEQUENCE OWNED BY; Schema: public; Owner: -
--

ALTER SEQUENCE public.rating_food_id_seq OWNED BY public.rating_food.id;


--
-- Name: roles; Type: TABLE; Schema: public; Owner: -
--

CREATE TABLE public.roles (
    id integer NOT NULL,
    role_name character varying(20)
);


--
-- Name: TABLE roles; Type: COMMENT; Schema: public; Owner: -
--

COMMENT ON TABLE public.roles IS 'User roles table';


--
-- Name: roles_id_seq; Type: SEQUENCE; Schema: public; Owner: -
--

CREATE SEQUENCE public.roles_id_seq
    AS integer
    START WITH 1
    INCREMENT BY 1
    NO MINVALUE
    NO MAXVALUE
    CACHE 1;


--
-- Name: roles_id_seq; Type: SEQUENCE OWNED BY; Schema: public; Owner: -
--

ALTER SEQUENCE public.roles_id_seq OWNED BY public.roles.id;


--
-- Name: users; Type: TABLE; Schema: public; Owner: -
--

CREATE TABLE public.users (
    id integer NOT NULL,
    fullname character varying(50),
    username character varying(30),
    password character varying(30),
    email character varying(50),
    address character varying(100),
    phone_number character(10),
    created_date timestamp without time zone DEFAULT CURRENT_TIMESTAMP,
    role_id integer,
    last_login timestamp with time zone,
    is_superuser boolean NOT NULL,
    is_staff boolean NOT NULL,
    is_active boolean NOT NULL,
    date_joined timestamp with time zone NOT NULL,
    first_name character varying(150) NOT NULL,
    last_name character varying(150) NOT NULL
);


--
-- Name: TABLE users; Type: COMMENT; Schema: public; Owner: -
--

COMMENT ON TABLE public.users IS 'Users information table';


--
-- Name: users_groups; Type: TABLE; Schema: public; Owner: -
--

CREATE TABLE public.users_groups (
    id bigint NOT NULL,
    user_id bigint NOT NULL,
    group_id integer NOT NULL
);


--
-- Name: users_groups_id_seq; Type: SEQUENCE; Schema: public; Owner: -
--

ALTER TABLE public.users_groups ALTER COLUMN id ADD GENERATED BY DEFAULT AS IDENTITY (
    SEQUENCE NAME public.users_groups_id_seq
    START WITH 1
    INCREMENT BY 1
    NO MINVALUE
    NO MAXVALUE
    CACHE 1
);


--
-- Name: users_id_seq; Type: SEQUENCE; Schema: public; Owner: -
--

CREATE SEQUENCE public.users_id_seq
    AS integer
    START WITH 1
    INCREMENT BY 1
    NO MINVALUE
    NO MAXVALUE
    CACHE 1;


--
-- Name: users_id_seq; Type: SEQUENCE OWNED BY; Schema: public; Owner: -
--

ALTER SEQUENCE public.users_id_seq OWNED BY public.users.id;


--
-- Name: users_user_permissions; Type: TABLE; Schema: public; Owner: -
--

CREATE TABLE public.users_user_permissions (
    id bigint NOT NULL,
    user_id bigint NOT NULL,
    permission_id integer NOT NULL
);


--
-- Name: users_user_permissions_id_seq; Type: SEQUENCE; Schema: public; Owner: -
--

ALTER TABLE public.users_user_permissions ALTER COLUMN id ADD GENERATED BY DEFAULT AS IDENTITY (
    SEQUENCE NAME public.users_user_permissions_id_seq
    START WITH 1
    INCREMENT BY 1
    NO MINVALUE
    NO MAXVALUE
    CACHE 1
);


--
-- Name: cart id; Type: DEFAULT; Schema: public; Owner: -
--

ALTER TABLE ONLY public.cart ALTER COLUMN id SET DEFAULT nextval('public.cart_id_seq'::regclass);


--
-- Name: category id; Type: DEFAULT; Schema: public; Owner: -
--

ALTER TABLE ONLY public.category ALTER COLUMN id SET DEFAULT nextval('public.category_id_seq'::regclass);


--
-- Name: food id; Type: DEFAULT; Schema: public; Owner: -
--

ALTER TABLE ONLY public.food ALTER COLUMN id SET DEFAULT nextval('public.food_id_seq'::regclass);


--
-- Name: orders id; Type: DEFAULT; Schema: public; Owner: -
--

ALTER TABLE ONLY public.orders ALTER COLUMN id SET DEFAULT nextval('public.orders_id_seq'::regclass);


--
-- Name: rating_food id; Type: DEFAULT; Schema: public; Owner: -
--

ALTER TABLE ONLY public.rating_food ALTER COLUMN id SET DEFAULT nextval('public.rating_food_id_seq'::regclass);


--
-- Name: roles id; Type: DEFAULT; Schema: public; Owner: -
--

ALTER TABLE ONLY public.roles ALTER COLUMN id SET DEFAULT nextval('public.roles_id_seq'::regclass);


--
-- Name: users id; Type: DEFAULT; Schema: public; Owner: -
--

ALTER TABLE ONLY public.users ALTER COLUMN id SET DEFAULT nextval('public.users_id_seq'::regclass);


--
-- Data for Name: auth_group; Type: TABLE DATA; Schema: public; Owner: -
--

COPY public.auth_group (id, name) FROM stdin;
\.


--
-- Data for Name: auth_group_permissions; Type: TABLE DATA; Schema: public; Owner: -
--

COPY public.auth_group_permissions (id, group_id, permission_id) FROM stdin;
\.


--
-- Data for Name: auth_permission; Type: TABLE DATA; Schema: public; Owner: -
--

COPY public.auth_permission (id, name, content_type_id, codename) FROM stdin;
1	Can add log entry	1	add_logentry
2	Can change log entry	1	change_logentry
3	Can delete log entry	1	delete_logentry
4	Can view log entry	1	view_logentry
5	Can add permission	2	add_permission
6	Can change permission	2	change_permission
7	Can delete permission	2	delete_permission
8	Can view permission	2	view_permission
9	Can add group	3	add_group
10	Can change group	3	change_group
11	Can delete group	3	delete_group
12	Can view group	3	view_group
13	Can add content type	4	add_contenttype
14	Can change content type	4	change_contenttype
15	Can delete content type	4	delete_contenttype
16	Can view content type	4	view_contenttype
17	Can add session	5	add_session
18	Can change session	5	change_session
19	Can delete session	5	delete_session
20	Can view session	5	view_session
21	Can add role	6	add_role
22	Can change role	6	change_role
23	Can delete role	6	delete_role
24	Can view role	6	view_role
25	Can add user	7	add_user
26	Can change user	7	change_user
27	Can delete user	7	delete_user
28	Can view user	7	view_user
29	Can add category	8	add_category
30	Can change category	8	change_category
31	Can delete category	8	delete_category
32	Can view category	8	view_category
33	Can add food	9	add_food
34	Can change food	9	change_food
35	Can delete food	9	delete_food
36	Can view food	9	view_food
37	Can add cart	10	add_cart
38	Can change cart	10	change_cart
39	Can delete cart	10	delete_cart
40	Can view cart	10	view_cart
41	Can add item	11	add_item
42	Can change item	11	change_item
43	Can delete item	11	delete_item
44	Can view item	11	view_item
45	Can add order	12	add_order
46	Can change order	12	change_order
47	Can delete order	12	delete_order
48	Can view order	12	view_order
49	Can add order detail	13	add_orderdetail
50	Can change order detail	13	change_orderdetail
51	Can delete order detail	13	delete_orderdetail
52	Can view order detail	13	view_orderdetail
53	Can add promo	14	add_promo
54	Can change promo	14	change_promo
55	Can delete promo	14	delete_promo
56	Can view promo	14	view_promo
57	Can add rating food	15	add_ratingfood
58	Can change rating food	15	change_ratingfood
59	Can delete rating food	15	delete_ratingfood
60	Can view rating food	15	view_ratingfood
\.


--
-- Data for Name: cart; Type: TABLE DATA; Schema: public; Owner: -
--

COPY public.cart (id, total_money, user_id) FROM stdin;
1	105000	1
2	0	2
3	65000	3
4	110000	4
6	0	6
5	0	5
\.


--
-- Data for Name: category; Type: TABLE DATA; Schema: public; Owner: -
--

COPY public.category (id, cate_name, image) FROM stdin;
1	Gà giòn	assets/fast food icons free-fried chicken.png
2	Burger	assets/fast food icons free-burger.png
3	Mỳ ý	assets/fast food icons free-pizza.png
4	Khoai tây chiên	assets/fast food icons free-potato.png
5	Món phụ	assets/fast food icons free-taco.png
6	Tráng miệng	assets/fast food icons free-hot dog.png
7	Nước giải khát	assets/fast food icons free-milkshake.png
\.


--
-- Data for Name: django_admin_log; Type: TABLE DATA; Schema: public; Owner: -
--

COPY public.django_admin_log (id, action_time, object_id, object_repr, action_flag, change_message, content_type_id, user_id) FROM stdin;
\.


--
-- Data for Name: django_content_type; Type: TABLE DATA; Schema: public; Owner: -
--

COPY public.django_content_type (id, app_label, model) FROM stdin;
1	admin	logentry
2	auth	permission
3	auth	group
4	contenttypes	contenttype
5	sessions	session
6	authentication	role
7	authentication	user
8	menu	category
9	menu	food
10	cart	cart
11	cart	item
12	orders	order
13	orders	orderdetail
14	promotions	promo
15	ratings	ratingfood
\.


--
-- Data for Name: django_migrations; Type: TABLE DATA; Schema: public; Owner: -
--

COPY public.django_migrations (id, app, name, applied) FROM stdin;
1	contenttypes	0001_initial	2025-08-10 11:26:14.420592+07
2	contenttypes	0002_remove_content_type_name	2025-08-10 11:26:14.425589+07
3	auth	0001_initial	2025-08-10 11:26:14.449439+07
4	auth	0002_alter_permission_name_max_length	2025-08-10 11:26:14.454439+07
5	auth	0003_alter_user_email_max_length	2025-08-10 11:26:14.457178+07
6	auth	0004_alter_user_username_opts	2025-08-10 11:26:14.461158+07
7	auth	0005_alter_user_last_login_null	2025-08-10 11:26:14.464158+07
8	auth	0006_require_contenttypes_0002	2025-08-10 11:26:14.466163+07
9	auth	0007_alter_validators_add_error_messages	2025-08-10 11:26:14.470171+07
10	auth	0008_alter_user_username_max_length	2025-08-10 11:26:14.475171+07
11	auth	0009_alter_user_last_name_max_length	2025-08-10 11:26:14.478189+07
12	auth	0010_alter_group_name_max_length	2025-08-10 11:26:14.483337+07
13	auth	0011_update_proxy_permissions	2025-08-10 11:26:14.488368+07
14	auth	0012_alter_user_first_name_max_length	2025-08-10 11:26:14.49235+07
15	authentication	0001_initial	2025-08-10 11:26:14.52017+07
16	admin	0001_initial	2025-08-10 11:26:14.534173+07
17	admin	0002_logentry_remove_auto_add	2025-08-10 11:26:14.540197+07
18	admin	0003_logentry_add_action_flag_choices	2025-08-10 11:26:14.5452+07
19	menu	0001_initial	2025-08-10 11:26:14.557171+07
20	cart	0001_initial	2025-08-10 11:26:14.579831+07
21	promotions	0001_initial	2025-08-10 11:26:14.585345+07
22	orders	0001_initial	2025-08-10 11:26:14.61535+07
23	ratings	0001_initial	2025-08-10 11:26:14.632352+07
24	sessions	0001_initial	2025-08-10 11:26:14.639354+07
25	authentication	0002_add_standard_auth_fields	2025-08-10 16:51:19.948062+07
26	authentication	0003_alter_user_is_active_alter_user_is_staff_and_more	2025-08-10 16:51:19.965721+07
27	authentication	0003_add_first_and_last_name	2025-08-10 22:33:43.579697+07
28	authentication	0004_add_missing_sql_fields	2025-08-10 22:33:43.583483+07
29	authentication	0005_merge_20250810_2233	2025-08-10 22:33:43.584481+07
30	menu	0004_remove_food_created_date	2025-08-10 22:33:43.586481+07
31	ratings	0003_initial	2025-08-10 22:33:43.587481+07
32	authentication	0006_alter_user_options	2025-08-10 23:30:35.672849+07
33	ratings	0004_manual_fix	2025-08-10 23:36:59.618845+07
\.


--
-- Data for Name: django_session; Type: TABLE DATA; Schema: public; Owner: -
--

COPY public.django_session (session_key, session_data, expire_date) FROM stdin;
\.


--
-- Data for Name: food; Type: TABLE DATA; Schema: public; Owner: -
--

COPY public.food (id, title, description, price, image, cate_id, availability) FROM stdin;
2	Tôm burger	1 burger	40000	assets/burger.png	2	Còn hàng
3	Mỳ ý	1 mỳ ý	45000	assets/spaghetti.png	3	Tạm hết hàng
4	Khoai tây chiên	1 khoai nhỏ	25000	assets/french-fries.png	4	Còn hàng
5	Súp bí đỏ	1 chén súp	20000	assets/soup.png	5	Còn hàng
6	Kem chocolate	1 kem ly	10000	assets/chocolate-cream.png	6	Còn hàng
7	Bánh xoài đào	1 bánh	10000	assets/peach-mango-pie.png	6	Còn hàng
8	Pepsi	1 ly (vừa)	10000	assets/pepsi.png	7	Còn hàng
9	Bánh xoài cam	1 cái	10000	assets/peach-mango-pie.png	6	Còn hàng
1	Gà vui vẻ	Happy chicken	35000	assets/chicken.png	1	Tạm hết hàng
10	Bánh xoài dâu	1 cái	10000	assets/mango-peach-cake.png	6	Còn hàng
12	bánh khoai môn	1 bánh	13000	assets/banh-khoai-mon.jpg	6	Còn hàng
\.


--
-- Data for Name: item; Type: TABLE DATA; Schema: public; Owner: -
--

COPY public.item (cart_id, food_id, quantity) FROM stdin;
1	2	2
1	4	1
\.


--
-- Data for Name: order_detail; Type: TABLE DATA; Schema: public; Owner: -
--

COPY public.order_detail (order_id, food_id, quantity) FROM stdin;
1	2	2
1	3	2
1	4	2
1	5	1
2	2	2
2	4	1
3	1	1
3	6	1
3	7	1
3	8	1
4	2	1
4	3	1
4	4	1
5	3	2
5	4	2
6	2	2
6	3	1
6	4	1
7	2	1
7	3	2
7	4	2
8	2	1
8	3	2
9	1	1
9	4	1
10	2	1
10	4	1
11	1	1
11	2	1
11	3	1
12	3	1
12	4	1
13	1	1
13	2	1
14	3	1
15	1	1
15	2	1
15	4	1
16	3	1
17	3	1
18	1	1
18	4	1
19	2	1
19	4	1
20	2	1
20	4	1
21	2	1
21	4	1
22	8	2
22	9	2
22	10	1
23	3	1
23	4	1
24	3	2
24	5	1
24	7	1
24	8	1
25	2	2
25	4	2
26	2	1
26	3	1
26	4	1
27	2	1
28	2	2
28	4	1
28	5	1
28	6	1
29	4	5
30	2	4
31	2	4
32	2	1
32	4	4
33	4	2
34	2	1
34	5	1
34	8	1
35	2	1
36	2	3
36	4	4
37	4	1
38	2	1
39	2	1
40	4	2
41	2	1
42	2	2
42	4	1
42	5	2
43	2	1
43	4	3
44	2	2
51	10	1
51	2	1
52	2	1
52	4	2
53	4	1
54	4	2
55	6	1
56	8	1
57	2	1
58	10	3
58	2	5
\.


--
-- Data for Name: orders; Type: TABLE DATA; Schema: public; Owner: -
--

COPY public.orders (id, created_date, total_money, user_id, order_status, note, payment_method, receiver_name, ship_address, phone_number, promo_id) FROM stdin;
1	2024-05-28 13:46:34	235000	1	Đã hoàn thành		COD	Võ Đình Hải	34 Nam Cao, Quận Liên Chiểu, Đà Nẵng	0365096495	GIAM20K
2	2024-05-29 13:47:48	110000	1	Đã hoàn thành		VNPAY	Võ Đình Hải	34 Nam Cao, Quận Liên Chiểu, Đà Nẵng	0365096495	GIAM10K
3	2024-05-30 13:48:22	80000	1	Đã hoàn thành	Cho tôi thêm 1 cái khăn giấy	COD	Võ Đình Hải	34 Nam Cao, Quận Liên Chiểu, Đà Nẵng	0365096495	\N
4	2024-05-31 13:50:04	125000	1	Đã hoàn thành		COD	Võ Đình Hải	34 Nam Cao, Quận Liên Chiểu, Đà Nẵng	0365096495	\N
5	2024-05-27 13:53:38	143000	3	Đã hoàn thành	Cho tôi 2 gói sốt	COD	Võ Đình Sơn	34 Trần Kế Xương, quận Hải Châu, Đà Nẵng	0913413122	GIAM12K
6	2024-05-26 13:54:06	150000	3	Đã hoàn thành		VNPAY	Võ Đình Sơn	34 Trần Kế Xương, quận Hải Châu, Đà Nẵng	0913413122	GIAM15K
7	2024-05-19 13:54:32	195000	3	Đã hoàn thành		COD	Võ Đình Sơn	34 Phạm Như Xương, quận Liên Chiểu, Đà Nẵng	0913413122	\N
8	2024-05-20 13:54:53	135000	3	Đã hoàn thành		COD	Võ Đình Sơn	34 Phạm Như Xương, quận Liên Chiểu, Đà Nẵng	0913413122	GIAM10K
9	2024-05-21 13:55:25	75000	3	Đã hoàn thành	Cho 2 khăn giấy ạ	COD	Võ Đình Sơn	34 Phạm Như Xương, quận Liên Chiểu, Đà Nẵng	0913413122	\N
10	2024-05-22 13:55:39	80000	3	Đã hoàn thành		COD	Võ Đình Sơn	34 Phạm Như Xương, quận Liên Chiểu, Đà Nẵng	0913413122	\N
11	2024-06-01 13:58:57	123000	2	Đã hoàn thành	Cho tôi 2 cây nĩa	VNPAY	Lưu Văn Xuân	34 Lý Thái Tổ, quận Hải Châu, Đà Nẵng	0365096495	GIAM12K
12	2024-05-24 13:59:16	85000	2	Đã hoàn thành	Cho thêm 2 cây đũa	COD	Lưu Văn Xuân	34 Lý Thái Tổ, quận Hải Châu, Đà Nẵng	0365096495	\N
13	2024-05-23 13:59:34	90000	2	Đã hoàn thành	X2 tương cà	COD	Lưu Văn Xuân	34 Lý Thái Tổ, quận Hải Châu, Đà Nẵng	0365096495	\N
14	2024-05-25 13:59:55	60000	2	Đã hoàn thành		COD	Lưu Văn Xuân	34 Lý Thái Tổ, quận Hải Châu, Đà Nẵng	0365096495	\N
15	2023-05-31 14:03:05	105000	4	Đã hoàn thành	Cho tôi 2 ly trà	COD	Võ Đình Hải	34 Hùng Vương, quận Thanh Khê, Đà Nẵng	0365096494	GIAM10K
16	2023-04-28 14:03:17	60000	4	Đã hoàn thành		COD	Võ Đình Hải	34 Hùng Vương, quận Thanh Khê, Đà Nẵng	0365096494	\N
17	2024-04-25 14:03:26	60000	4	Đã hoàn thành		COD	Võ Đình Hải	34 Hùng Vương, quận Thanh Khê, Đà Nẵng	0365096494	\N
18	2023-03-23 14:03:32	75000	4	Đã hoàn thành		COD	Võ Đình Hải	34 Hùng Vương, quận Thanh Khê, Đà Nẵng	0365096494	\N
19	2024-03-21 14:03:39	80000	4	Đã hoàn thành		COD	Võ Đình Hải	34 Hùng Vương, quận Thanh Khê, Đà Nẵng	0365096494	\N
20	2024-02-27 14:04:19	80000	4	Đã hoàn thành		COD	Võ Đình Hải	34 Hùng Vương, quận Thanh Khê, Đà Nẵng	0365096494	\N
21	2023-02-20 14:04:27	80000	4	Đã hoàn thành		COD	Võ Đình Hải	34 Hùng Vương, quận Thanh Khê, Đà Nẵng	0365096494	\N
22	2023-01-19 14:04:54	65000	4	Đã hoàn thành		COD	Võ Đình Hải	34 Hùng Vương, quận Thanh Khê, Đà Nẵng	0365096494	\N
23	2024-01-15 14:05:02	85000	4	Đã hoàn thành		COD	Võ Đình Hải	34 Hùng Vương, quận Thanh Khê, Đà Nẵng	0365096494	\N
24	2023-06-20 14:05:17	133000	4	Đã hoàn thành		COD	Võ Đình Hải	34 Hùng Vương, quận Thanh Khê, Đà Nẵng	0365096494	GIAM12K
25	2023-07-15 14:05:29	133000	4	Đã hoàn thành		COD	Võ Đình Hải	34 Hùng Vương, quận Thanh Khê, Đà Nẵng	0365096494	GIAM12K
26	2023-08-14 14:05:39	115000	4	Đã hoàn thành		COD	Võ Đình Hải	34 Hùng Vương, quận Thanh Khê, Đà Nẵng	0365096494	GIAM10K
27	2024-06-10 14:57:42	55000	1	Chờ xác nhận		COD	Võ Đình Hải	34 Nam Cao, Quận Liên Chiểu, Đà Nẵng	0365096495	\N
28	2024-06-10 15:12:50	150000	1	Đang vận chuyển		VNPAY	Võ Đình Hải	34 Nam Cao, Quận Liên Chiểu, Đà Nẵng	0365096495	\N
29	2024-06-10 15:37:16	140000	1	Đang vận chuyển		VNPAY	Võ Đình Hải	34 Nam Cao, Quận Liên Chiểu, Đà Nẵng	0365096495	\N
30	2024-06-10 15:41:59	175000	1	Đang vận chuyển		VNPAY	Võ Đình Hải	34 Nam Cao, Quận Liên Chiểu, Đà Nẵng	0365096495	\N
31	2024-06-10 15:45:16	175000	1	Đang vận chuyển		VNPAY	Võ Đình Hải	34 Nam Cao, Quận Liên Chiểu, Đà Nẵng	0365096495	\N
32	2024-06-10 15:47:38	155000	1	Đang vận chuyển		VNPAY	Võ Đình Hải	34 Nam Cao, Quận Liên Chiểu, Đà Nẵng	0365096495	\N
33	2024-06-10 15:49:04	65000	1	Đang vận chuyển		VNPAY	Võ Đình Hải	34 Nam Cao, Quận Liên Chiểu, Đà Nẵng	0365096495	\N
34	2024-06-10 15:52:23	85000	1	Đang vận chuyển		VNPAY	Võ Đình Hải	34 Nam Cao, Quận Liên Chiểu, Đà Nẵng	0365096495	\N
35	2024-06-10 16:01:55	55000	1	Đang vận chuyển		VNPAY	Võ Đình Hải	34 Nam Cao, Quận Liên Chiểu, Đà Nẵng	0365096495	\N
36	2024-06-10 16:06:22	235000	1	Đang vận chuyển		VNPAY	Võ Đình Hải	34 Nam Cao, Quận Liên Chiểu, Đà Nẵng	0365096495	\N
37	2024-06-11 13:35:21	40000	2	Chờ xác nhận		COD	Lưu Văn Xuân	34 Lý Thái Tổ, quận Hải Châu, Đà Nẵng	0365096495	\N
38	2024-06-12 23:57:20	55000	1	Chờ xác nhận		COD	Võ Đình Hải	34 Nam Cao, Quận Liên Chiểu, Đà Nẵng	0365096495	\N
39	2024-06-13 00:00:12	55000	1	Đang vận chuyển		VNPAY	Võ Đình Hải	34 Nam Cao, Quận Liên Chiểu, Đà Nẵng	0365096495	\N
40	2024-06-13 00:00:37	65000	1	Chờ xác nhận		COD	Võ Đình Hải	34 Nam Cao, Quận Liên Chiểu, Đà Nẵng	0365096495	\N
41	2024-06-13 00:00:48	55000	1	Chờ xác nhận		COD	Võ Đình Hải	34 Nam Cao, Quận Liên Chiểu, Đà Nẵng	0365096495	\N
42	2024-12-15 15:10:45	150000	2	Chờ xác nhận	Xin 1 cốc nhựa	COD	Lưu Văn Xuân	34 Lý Thái Tổ, quận Hải Châu, Đà Nẵng	0365096495	GIAM10K
43	2024-12-15 15:32:30	120000	2	Chờ xác nhận		COD	Lưu Văn Xuân	34 Lý Thái Tổ, quận Hải Châu, Đà Nẵng	0365096495	GIAM10K
44	2024-12-15 15:33:55	95000	1	Chờ xác nhận		COD	Võ Đình Hải	34 Nam Cao, Quận Liên Chiểu, Đà Nẵng	0365096495	\N
47	2025-08-10 10:20:58.306485	50000	5	Đã hủy		cash	Bin	Đà Nẵng	123123123 	\N
46	2025-08-10 10:20:18.773315	50000	5	Đã hủy		cash	Bin	Đà Nẵng	123123123 	\N
45	2025-08-10 10:16:04.672995	50000	5	Đã hủy		cash	Bin	Đà Nẵng	123123123 	\N
49	2025-08-10 03:28:58.903099	50000	5	Đã hủy		cash	Bin2	Đà Nẵng	123123123 	\N
52	2025-08-10 17:39:52.271451	90000	5	Chờ xác nhận	xin hộp giấy	cash	Bin	Đà Nẵng	123123123 	\N
53	2025-08-10 17:54:36.812366	25000	5	Chờ xác nhận	xin hộp giấy	cash	Bin	Đà Nẵng	123123123 	\N
54	2025-08-10 17:57:10.779236	50000	5	Chờ xác nhận	xin hộp giấy thêm	cash	Bin	Đà Nẵng	123123123 	\N
55	2025-08-10 17:57:50.941425	10000	5	Chờ xác nhận	xin hộp giấy	cash	Bin	Đà Nẵng	123123123 	\N
56	2025-08-10 17:58:52.689662	10000	5	Chờ xác nhận	xin hộp giấy	cash	Bin	Đà Nẵng	123123123 	\N
48	2025-08-10 10:27:19.413843	50000	5	Đã hủy		cash	Bin	Đà Nẵng	123123123 	\N
50	2025-08-10 10:29:19.489203	50000	5	Đã hủy		cash	Bin	Đà Nẵng	123123123 	\N
51	2025-08-10 17:30:23.101708	50000	5	Đã giao		cash	Bin	Đà Nẵng	123123123 	\N
57	2025-08-10 10:59:49.5156	40000	5	Đã giao	xin hộp giấy	cash	Bin	Đà Nẵng2	123123123 	\N
58	2025-08-10 19:22:51.666524	230000	5	Đã xác nhận	xin hộp giấy	cash	Bin2	Đà Nẵng	123123123 	\N
\.


--
-- Data for Name: promo; Type: TABLE DATA; Schema: public; Owner: -
--

COPY public.promo (id, percent, start_date, end_date, minimum_pay) FROM stdin;
GIAM10K	10000	2024-12-14 00:00:00	2024-12-20 00:00:00	100000
GIAM12K	12000	2024-12-14 00:00:00	2024-12-20 00:00:00	120000
GIAM15K	15000	2024-12-14 00:00:00	2024-12-20 00:00:00	150000
GIAM16K	16000	2024-12-19 00:00:00	2024-12-20 00:00:00	160000
GIAM18K	18000	2024-12-18 00:00:00	2024-12-20 00:00:00	180000
GIAM20K	20000	2024-12-18 00:00:00	2024-12-20 00:00:00	200000
GIAM22K	22000	2024-12-19 00:00:00	2024-12-20 00:00:00	220000
\.


--
-- Data for Name: rating_food; Type: TABLE DATA; Schema: public; Owner: -
--

COPY public.rating_food (id, user_id, food_id, content, point, order_id) FROM stdin;
1	1	1	Ngon tuyệt vời	4	1
4	5	2	món ngon	5	57
3	5	2	bánh ngon, burger tạm	4	51
2	5	10	bánh ngon, burger tạm	4	51
\.


--
-- Data for Name: roles; Type: TABLE DATA; Schema: public; Owner: -
--

COPY public.roles (id, role_name) FROM stdin;
1	Khách hàng
2	Quản lý
\.


--
-- Data for Name: users; Type: TABLE DATA; Schema: public; Owner: -
--

COPY public.users (id, fullname, username, password, email, address, phone_number, created_date, role_id, last_login, is_superuser, is_staff, is_active, date_joined, first_name, last_name) FROM stdin;
1	Võ Đình Hải	vodinhhai3	R3Y53aVSE3e1g3L/7Cl9FlNEIK8=	vodinhhai3@gmail.com	34 Nam Cao, Quận Liên Chiểu, Đà Nẵng	0365096495	2024-05-31 13:44:04	1	\N	f	f	t	2025-08-10 16:51:19.945082+07		
2	Lưu Văn Xuân	luuvanxuan	R3Y53aVSE3e1g3L/7Cl9FlNEIK8=	vodinhhai9@gmail.com	34 Lý Thái Tổ, quận Hải Châu, Đà Nẵng	0365096495	2024-05-31 13:50:38	2	\N	f	f	t	2025-08-10 16:51:19.945082+07		
3	Võ Đình Sơn	vodinhson	R3Y53aVSE3e1g3L/7Cl9FlNEIK8=	vodinhhai2504@gmail.com	34 Phạm Như Xương, quận Liên Chiểu, Đà Nẵng	0913413122	2024-05-31 13:53:14	1	\N	f	f	t	2025-08-10 16:51:19.945082+07		
4	Võ Đình Hải	vodinhhai4	R3Y53aVSE3e1g3L/7Cl9FlNEIK8=	vodinhhai25042004@gmail.com	34 Hùng Vương, quận Thanh Khê, Đà Nẵng	0365096494	2024-05-31 14:02:27	1	\N	f	f	t	2025-08-10 16:51:19.945082+07		
6	Admin	admin	123	admin@gmail.com	Hồ Chí Minh	456456456 	2025-08-11 02:33:59.153353	2	\N	f	f	t	2025-08-11 09:33:59.153353+07		
5	Bin	bin	123	bin@gmail.com	Liên Chiểu, Đà Nẵng	1231231233	2025-08-09 04:42:24.012483	1	\N	f	f	t	2025-08-10 22:42:24.012483+07		
\.


--
-- Data for Name: users_groups; Type: TABLE DATA; Schema: public; Owner: -
--

COPY public.users_groups (id, user_id, group_id) FROM stdin;
\.


--
-- Data for Name: users_user_permissions; Type: TABLE DATA; Schema: public; Owner: -
--

COPY public.users_user_permissions (id, user_id, permission_id) FROM stdin;
\.


--
-- Name: auth_group_id_seq; Type: SEQUENCE SET; Schema: public; Owner: -
--

SELECT pg_catalog.setval('public.auth_group_id_seq', 1, false);


--
-- Name: auth_group_permissions_id_seq; Type: SEQUENCE SET; Schema: public; Owner: -
--

SELECT pg_catalog.setval('public.auth_group_permissions_id_seq', 1, false);


--
-- Name: auth_permission_id_seq; Type: SEQUENCE SET; Schema: public; Owner: -
--

SELECT pg_catalog.setval('public.auth_permission_id_seq', 60, true);


--
-- Name: cart_id_seq; Type: SEQUENCE SET; Schema: public; Owner: -
--

SELECT pg_catalog.setval('public.cart_id_seq', 6, true);


--
-- Name: category_id_seq; Type: SEQUENCE SET; Schema: public; Owner: -
--

SELECT pg_catalog.setval('public.category_id_seq', 7, true);


--
-- Name: django_admin_log_id_seq; Type: SEQUENCE SET; Schema: public; Owner: -
--

SELECT pg_catalog.setval('public.django_admin_log_id_seq', 1, false);


--
-- Name: django_content_type_id_seq; Type: SEQUENCE SET; Schema: public; Owner: -
--

SELECT pg_catalog.setval('public.django_content_type_id_seq', 15, true);


--
-- Name: django_migrations_id_seq; Type: SEQUENCE SET; Schema: public; Owner: -
--

SELECT pg_catalog.setval('public.django_migrations_id_seq', 33, true);


--
-- Name: food_id_seq; Type: SEQUENCE SET; Schema: public; Owner: -
--

SELECT pg_catalog.setval('public.food_id_seq', 12, true);


--
-- Name: orders_id_seq; Type: SEQUENCE SET; Schema: public; Owner: -
--

SELECT pg_catalog.setval('public.orders_id_seq', 58, true);


--
-- Name: rating_food_id_seq; Type: SEQUENCE SET; Schema: public; Owner: -
--

SELECT pg_catalog.setval('public.rating_food_id_seq', 4, true);


--
-- Name: roles_id_seq; Type: SEQUENCE SET; Schema: public; Owner: -
--

SELECT pg_catalog.setval('public.roles_id_seq', 3, true);


--
-- Name: users_groups_id_seq; Type: SEQUENCE SET; Schema: public; Owner: -
--

SELECT pg_catalog.setval('public.users_groups_id_seq', 1, false);


--
-- Name: users_id_seq; Type: SEQUENCE SET; Schema: public; Owner: -
--

SELECT pg_catalog.setval('public.users_id_seq', 6, true);


--
-- Name: users_user_permissions_id_seq; Type: SEQUENCE SET; Schema: public; Owner: -
--

SELECT pg_catalog.setval('public.users_user_permissions_id_seq', 1, false);


--
-- Name: auth_group auth_group_name_key; Type: CONSTRAINT; Schema: public; Owner: -
--

ALTER TABLE ONLY public.auth_group
    ADD CONSTRAINT auth_group_name_key UNIQUE (name);


--
-- Name: auth_group_permissions auth_group_permissions_group_id_permission_id_0cd325b0_uniq; Type: CONSTRAINT; Schema: public; Owner: -
--

ALTER TABLE ONLY public.auth_group_permissions
    ADD CONSTRAINT auth_group_permissions_group_id_permission_id_0cd325b0_uniq UNIQUE (group_id, permission_id);


--
-- Name: auth_group_permissions auth_group_permissions_pkey; Type: CONSTRAINT; Schema: public; Owner: -
--

ALTER TABLE ONLY public.auth_group_permissions
    ADD CONSTRAINT auth_group_permissions_pkey PRIMARY KEY (id);


--
-- Name: auth_group auth_group_pkey; Type: CONSTRAINT; Schema: public; Owner: -
--

ALTER TABLE ONLY public.auth_group
    ADD CONSTRAINT auth_group_pkey PRIMARY KEY (id);


--
-- Name: auth_permission auth_permission_content_type_id_codename_01ab375a_uniq; Type: CONSTRAINT; Schema: public; Owner: -
--

ALTER TABLE ONLY public.auth_permission
    ADD CONSTRAINT auth_permission_content_type_id_codename_01ab375a_uniq UNIQUE (content_type_id, codename);


--
-- Name: auth_permission auth_permission_pkey; Type: CONSTRAINT; Schema: public; Owner: -
--

ALTER TABLE ONLY public.auth_permission
    ADD CONSTRAINT auth_permission_pkey PRIMARY KEY (id);


--
-- Name: cart cart_pkey; Type: CONSTRAINT; Schema: public; Owner: -
--

ALTER TABLE ONLY public.cart
    ADD CONSTRAINT cart_pkey PRIMARY KEY (id);


--
-- Name: category category_pkey; Type: CONSTRAINT; Schema: public; Owner: -
--

ALTER TABLE ONLY public.category
    ADD CONSTRAINT category_pkey PRIMARY KEY (id);


--
-- Name: django_admin_log django_admin_log_pkey; Type: CONSTRAINT; Schema: public; Owner: -
--

ALTER TABLE ONLY public.django_admin_log
    ADD CONSTRAINT django_admin_log_pkey PRIMARY KEY (id);


--
-- Name: django_content_type django_content_type_app_label_model_76bd3d3b_uniq; Type: CONSTRAINT; Schema: public; Owner: -
--

ALTER TABLE ONLY public.django_content_type
    ADD CONSTRAINT django_content_type_app_label_model_76bd3d3b_uniq UNIQUE (app_label, model);


--
-- Name: django_content_type django_content_type_pkey; Type: CONSTRAINT; Schema: public; Owner: -
--

ALTER TABLE ONLY public.django_content_type
    ADD CONSTRAINT django_content_type_pkey PRIMARY KEY (id);


--
-- Name: django_migrations django_migrations_pkey; Type: CONSTRAINT; Schema: public; Owner: -
--

ALTER TABLE ONLY public.django_migrations
    ADD CONSTRAINT django_migrations_pkey PRIMARY KEY (id);


--
-- Name: django_session django_session_pkey; Type: CONSTRAINT; Schema: public; Owner: -
--

ALTER TABLE ONLY public.django_session
    ADD CONSTRAINT django_session_pkey PRIMARY KEY (session_key);


--
-- Name: food food_pkey; Type: CONSTRAINT; Schema: public; Owner: -
--

ALTER TABLE ONLY public.food
    ADD CONSTRAINT food_pkey PRIMARY KEY (id);


--
-- Name: item item_pkey; Type: CONSTRAINT; Schema: public; Owner: -
--

ALTER TABLE ONLY public.item
    ADD CONSTRAINT item_pkey PRIMARY KEY (cart_id, food_id);


--
-- Name: order_detail order_detail_pkey; Type: CONSTRAINT; Schema: public; Owner: -
--

ALTER TABLE ONLY public.order_detail
    ADD CONSTRAINT order_detail_pkey PRIMARY KEY (order_id, food_id);


--
-- Name: orders orders_pkey; Type: CONSTRAINT; Schema: public; Owner: -
--

ALTER TABLE ONLY public.orders
    ADD CONSTRAINT orders_pkey PRIMARY KEY (id);


--
-- Name: promo promo_pkey; Type: CONSTRAINT; Schema: public; Owner: -
--

ALTER TABLE ONLY public.promo
    ADD CONSTRAINT promo_pkey PRIMARY KEY (id);


--
-- Name: rating_food rating_food_pkey; Type: CONSTRAINT; Schema: public; Owner: -
--

ALTER TABLE ONLY public.rating_food
    ADD CONSTRAINT rating_food_pkey PRIMARY KEY (id);


--
-- Name: roles roles_pkey; Type: CONSTRAINT; Schema: public; Owner: -
--

ALTER TABLE ONLY public.roles
    ADD CONSTRAINT roles_pkey PRIMARY KEY (id);


--
-- Name: users_groups users_groups_pkey; Type: CONSTRAINT; Schema: public; Owner: -
--

ALTER TABLE ONLY public.users_groups
    ADD CONSTRAINT users_groups_pkey PRIMARY KEY (id);


--
-- Name: users_groups users_groups_user_id_group_id_fc7788e8_uniq; Type: CONSTRAINT; Schema: public; Owner: -
--

ALTER TABLE ONLY public.users_groups
    ADD CONSTRAINT users_groups_user_id_group_id_fc7788e8_uniq UNIQUE (user_id, group_id);


--
-- Name: users users_pkey; Type: CONSTRAINT; Schema: public; Owner: -
--

ALTER TABLE ONLY public.users
    ADD CONSTRAINT users_pkey PRIMARY KEY (id);


--
-- Name: users_user_permissions users_user_permissions_pkey; Type: CONSTRAINT; Schema: public; Owner: -
--

ALTER TABLE ONLY public.users_user_permissions
    ADD CONSTRAINT users_user_permissions_pkey PRIMARY KEY (id);


--
-- Name: users_user_permissions users_user_permissions_user_id_permission_id_3b86cbdf_uniq; Type: CONSTRAINT; Schema: public; Owner: -
--

ALTER TABLE ONLY public.users_user_permissions
    ADD CONSTRAINT users_user_permissions_user_id_permission_id_3b86cbdf_uniq UNIQUE (user_id, permission_id);


--
-- Name: auth_group_name_a6ea08ec_like; Type: INDEX; Schema: public; Owner: -
--

CREATE INDEX auth_group_name_a6ea08ec_like ON public.auth_group USING btree (name varchar_pattern_ops);


--
-- Name: auth_group_permissions_group_id_b120cbf9; Type: INDEX; Schema: public; Owner: -
--

CREATE INDEX auth_group_permissions_group_id_b120cbf9 ON public.auth_group_permissions USING btree (group_id);


--
-- Name: auth_group_permissions_permission_id_84c5c92e; Type: INDEX; Schema: public; Owner: -
--

CREATE INDEX auth_group_permissions_permission_id_84c5c92e ON public.auth_group_permissions USING btree (permission_id);


--
-- Name: auth_permission_content_type_id_2f476e4b; Type: INDEX; Schema: public; Owner: -
--

CREATE INDEX auth_permission_content_type_id_2f476e4b ON public.auth_permission USING btree (content_type_id);


--
-- Name: django_admin_log_content_type_id_c4bce8eb; Type: INDEX; Schema: public; Owner: -
--

CREATE INDEX django_admin_log_content_type_id_c4bce8eb ON public.django_admin_log USING btree (content_type_id);


--
-- Name: django_admin_log_user_id_c564eba6; Type: INDEX; Schema: public; Owner: -
--

CREATE INDEX django_admin_log_user_id_c564eba6 ON public.django_admin_log USING btree (user_id);


--
-- Name: django_session_expire_date_a5c62663; Type: INDEX; Schema: public; Owner: -
--

CREATE INDEX django_session_expire_date_a5c62663 ON public.django_session USING btree (expire_date);


--
-- Name: django_session_session_key_c0390e0f_like; Type: INDEX; Schema: public; Owner: -
--

CREATE INDEX django_session_session_key_c0390e0f_like ON public.django_session USING btree (session_key varchar_pattern_ops);


--
-- Name: idx_cart_user_id; Type: INDEX; Schema: public; Owner: -
--

CREATE INDEX idx_cart_user_id ON public.cart USING btree (user_id);


--
-- Name: idx_food_cate_id; Type: INDEX; Schema: public; Owner: -
--

CREATE INDEX idx_food_cate_id ON public.food USING btree (cate_id);


--
-- Name: idx_item_food_id; Type: INDEX; Schema: public; Owner: -
--

CREATE INDEX idx_item_food_id ON public.item USING btree (food_id);


--
-- Name: idx_order_detail_food_id; Type: INDEX; Schema: public; Owner: -
--

CREATE INDEX idx_order_detail_food_id ON public.order_detail USING btree (food_id);


--
-- Name: idx_orders_promo_id; Type: INDEX; Schema: public; Owner: -
--

CREATE INDEX idx_orders_promo_id ON public.orders USING btree (promo_id);


--
-- Name: idx_orders_user_id; Type: INDEX; Schema: public; Owner: -
--

CREATE INDEX idx_orders_user_id ON public.orders USING btree (user_id);


--
-- Name: idx_rating_food_food_id; Type: INDEX; Schema: public; Owner: -
--

CREATE INDEX idx_rating_food_food_id ON public.rating_food USING btree (food_id);


--
-- Name: idx_rating_food_order_id; Type: INDEX; Schema: public; Owner: -
--

CREATE INDEX idx_rating_food_order_id ON public.rating_food USING btree (order_id);


--
-- Name: idx_rating_food_user_id; Type: INDEX; Schema: public; Owner: -
--

CREATE INDEX idx_rating_food_user_id ON public.rating_food USING btree (user_id);


--
-- Name: idx_users_role_id; Type: INDEX; Schema: public; Owner: -
--

CREATE INDEX idx_users_role_id ON public.users USING btree (role_id);


--
-- Name: users_groups_group_id_2f3517aa; Type: INDEX; Schema: public; Owner: -
--

CREATE INDEX users_groups_group_id_2f3517aa ON public.users_groups USING btree (group_id);


--
-- Name: users_groups_user_id_f500bee5; Type: INDEX; Schema: public; Owner: -
--

CREATE INDEX users_groups_user_id_f500bee5 ON public.users_groups USING btree (user_id);


--
-- Name: users_user_permissions_permission_id_6d08dcd2; Type: INDEX; Schema: public; Owner: -
--

CREATE INDEX users_user_permissions_permission_id_6d08dcd2 ON public.users_user_permissions USING btree (permission_id);


--
-- Name: users_user_permissions_user_id_92473840; Type: INDEX; Schema: public; Owner: -
--

CREATE INDEX users_user_permissions_user_id_92473840 ON public.users_user_permissions USING btree (user_id);


--
-- Name: auth_group_permissions auth_group_permissio_permission_id_84c5c92e_fk_auth_perm; Type: FK CONSTRAINT; Schema: public; Owner: -
--

ALTER TABLE ONLY public.auth_group_permissions
    ADD CONSTRAINT auth_group_permissio_permission_id_84c5c92e_fk_auth_perm FOREIGN KEY (permission_id) REFERENCES public.auth_permission(id) DEFERRABLE INITIALLY DEFERRED;


--
-- Name: auth_group_permissions auth_group_permissions_group_id_b120cbf9_fk_auth_group_id; Type: FK CONSTRAINT; Schema: public; Owner: -
--

ALTER TABLE ONLY public.auth_group_permissions
    ADD CONSTRAINT auth_group_permissions_group_id_b120cbf9_fk_auth_group_id FOREIGN KEY (group_id) REFERENCES public.auth_group(id) DEFERRABLE INITIALLY DEFERRED;


--
-- Name: auth_permission auth_permission_content_type_id_2f476e4b_fk_django_co; Type: FK CONSTRAINT; Schema: public; Owner: -
--

ALTER TABLE ONLY public.auth_permission
    ADD CONSTRAINT auth_permission_content_type_id_2f476e4b_fk_django_co FOREIGN KEY (content_type_id) REFERENCES public.django_content_type(id) DEFERRABLE INITIALLY DEFERRED;


--
-- Name: django_admin_log django_admin_log_content_type_id_c4bce8eb_fk_django_co; Type: FK CONSTRAINT; Schema: public; Owner: -
--

ALTER TABLE ONLY public.django_admin_log
    ADD CONSTRAINT django_admin_log_content_type_id_c4bce8eb_fk_django_co FOREIGN KEY (content_type_id) REFERENCES public.django_content_type(id) DEFERRABLE INITIALLY DEFERRED;


--
-- Name: cart fk_cart_users_id; Type: FK CONSTRAINT; Schema: public; Owner: -
--

ALTER TABLE ONLY public.cart
    ADD CONSTRAINT fk_cart_users_id FOREIGN KEY (user_id) REFERENCES public.users(id);


--
-- Name: food fk_food_category_id; Type: FK CONSTRAINT; Schema: public; Owner: -
--

ALTER TABLE ONLY public.food
    ADD CONSTRAINT fk_food_category_id FOREIGN KEY (cate_id) REFERENCES public.category(id);


--
-- Name: item fk_item_cart_id; Type: FK CONSTRAINT; Schema: public; Owner: -
--

ALTER TABLE ONLY public.item
    ADD CONSTRAINT fk_item_cart_id FOREIGN KEY (cart_id) REFERENCES public.cart(id);


--
-- Name: item fk_item_food_id; Type: FK CONSTRAINT; Schema: public; Owner: -
--

ALTER TABLE ONLY public.item
    ADD CONSTRAINT fk_item_food_id FOREIGN KEY (food_id) REFERENCES public.food(id);


--
-- Name: order_detail fk_orderdetail_food_id; Type: FK CONSTRAINT; Schema: public; Owner: -
--

ALTER TABLE ONLY public.order_detail
    ADD CONSTRAINT fk_orderdetail_food_id FOREIGN KEY (food_id) REFERENCES public.food(id);


--
-- Name: order_detail fk_orderdetail_orders_id; Type: FK CONSTRAINT; Schema: public; Owner: -
--

ALTER TABLE ONLY public.order_detail
    ADD CONSTRAINT fk_orderdetail_orders_id FOREIGN KEY (order_id) REFERENCES public.orders(id);


--
-- Name: orders fk_orders_promo_id; Type: FK CONSTRAINT; Schema: public; Owner: -
--

ALTER TABLE ONLY public.orders
    ADD CONSTRAINT fk_orders_promo_id FOREIGN KEY (promo_id) REFERENCES public.promo(id);


--
-- Name: orders fk_orders_users_id; Type: FK CONSTRAINT; Schema: public; Owner: -
--

ALTER TABLE ONLY public.orders
    ADD CONSTRAINT fk_orders_users_id FOREIGN KEY (user_id) REFERENCES public.users(id);


--
-- Name: rating_food fk_ratingfood_food_id; Type: FK CONSTRAINT; Schema: public; Owner: -
--

ALTER TABLE ONLY public.rating_food
    ADD CONSTRAINT fk_ratingfood_food_id FOREIGN KEY (food_id) REFERENCES public.food(id);


--
-- Name: rating_food fk_ratingfood_order_id; Type: FK CONSTRAINT; Schema: public; Owner: -
--

ALTER TABLE ONLY public.rating_food
    ADD CONSTRAINT fk_ratingfood_order_id FOREIGN KEY (order_id) REFERENCES public.orders(id);


--
-- Name: rating_food fk_ratingfood_users_id; Type: FK CONSTRAINT; Schema: public; Owner: -
--

ALTER TABLE ONLY public.rating_food
    ADD CONSTRAINT fk_ratingfood_users_id FOREIGN KEY (user_id) REFERENCES public.users(id);


--
-- Name: users fk_users_roles_id; Type: FK CONSTRAINT; Schema: public; Owner: -
--

ALTER TABLE ONLY public.users
    ADD CONSTRAINT fk_users_roles_id FOREIGN KEY (role_id) REFERENCES public.roles(id);


--
-- Name: users_groups users_groups_group_id_2f3517aa_fk_auth_group_id; Type: FK CONSTRAINT; Schema: public; Owner: -
--

ALTER TABLE ONLY public.users_groups
    ADD CONSTRAINT users_groups_group_id_2f3517aa_fk_auth_group_id FOREIGN KEY (group_id) REFERENCES public.auth_group(id) DEFERRABLE INITIALLY DEFERRED;


--
-- Name: users_user_permissions users_user_permissio_permission_id_6d08dcd2_fk_auth_perm; Type: FK CONSTRAINT; Schema: public; Owner: -
--

ALTER TABLE ONLY public.users_user_permissions
    ADD CONSTRAINT users_user_permissio_permission_id_6d08dcd2_fk_auth_perm FOREIGN KEY (permission_id) REFERENCES public.auth_permission(id) DEFERRABLE INITIALLY DEFERRED;


--
-- PostgreSQL database dump complete
--

